{
  "type": "FeatureCollection",
  "name": "pois",
  "crs": {
    "type": "name",
    "properties": {
      "name": "urn:ogc:def:crs:OGC:1.3:CRS84"
    }
  },
  "features": [
    {
      "type": "Feature",
      "properties": {
        "fid": 39,
        "OBJECTID": 13473,
        "id": "B0K247HG7R",
        "parent": [],
        "children": [],
        "name": "宝派叉吊租赁",
        "type": "汽车服务;汽车服务相关;汽车服务相关",
        "typecode": "010000",
        "biz_type": [],
        "address": "广州大道南1027号",
        "tel": "19876409623",
        "postcode": [],
        "website": [],
        "email": [],
        "pcode": "440000",
        "pname": "广东省",
        "citycode": "020",
        "cityname": "广州市",
        "adcode": "440105",
        "plongcj02": "113.31077696391888",
        "platgcj02": "23.084852377376908",
        "adname": "海珠区",
        "entr_location": "113.3106761602549,23.084862553781804",
        "navi_poiid": [],
        "alias": [],
        "parking_type": [],
        "tag": [],
        "indoor_map": "0",
        "cpid": [],
        "floor": [],
        "truefloor": [],
        "business_area": "赤岗",
        "rating": "3.9",
        "cost": [],
        "meal_ordering": [],
        "seat_ordering": [],
        "ticket_ordering": [],
        "hotel_ordering": [],
        "photos_title": [],
        "photos_url": "http://store.is.autonavi.com/showpic/8920d05c1f0d6e446cd49399b911a310&http://store.is.autonavi.com/showpic/67b66cf276b118e9c142bcde1df47ff6",
        "updatetime": "2024-12-06 02:54:51",
        "is_textile": false,
        "category": "Auto/Car Service",
        "surrounding_poi_count": 27,
        "simulated_floor": 1,
        "occupied_floors": 1,
        "simulated_elevation": 0
      },
      "geometry": {
        "type": "Point",
        "coordinates": [
          113.31077696400007,
          23.08485237700006,
          0
        ]
      }
    },
    {
      "type": "Feature",
      "properties": {
        "fid": 41,
        "OBJECTID": 13476,
        "id": "B0KUNZATW9",
        "parent": [],
        "children": [],
        "name": "完美服务中心",
        "type": "汽车服务;汽车养护/装饰;汽车养护",
        "typecode": "010400",
        "biz_type": [],
        "address": "名粤小区北3门东90米",
        "tel": [],
        "postcode": [],
        "website": [],
        "email": [],
        "pcode": "440000",
        "pname": "广东省",
        "citycode": "020",
        "cityname": "广州市",
        "adcode": "440105",
        "plongcj02": "113.31248956213759",
        "platgcj02": "23.08537007049905",
        "adname": "海珠区",
        "entr_location": "113.31242568463162,23.085425163266834",
        "navi_poiid": [],
        "alias": [],
        "parking_type": [],
        "tag": [],
        "indoor_map": "0",
        "cpid": [],
        "floor": [],
        "truefloor": [],
        "business_area": "赤岗",
        "rating": "3.6",
        "cost": [],
        "meal_ordering": [],
        "seat_ordering": [],
        "ticket_ordering": [],
        "hotel_ordering": [],
        "photos_title": [],
        "photos_url": [],
        "updatetime": "2024-09-22 13:21:34",
        "is_textile": false,
        "category": "Auto/Car Service",
        "surrounding_poi_count": 27,
        "simulated_floor": 1,
        "occupied_floors": 1,
        "simulated_elevation": 0
      },
      "geometry": {
        "type": "Point",
        "coordinates": [
          113.31248956200011,
          23.085370070000067,
          0
        ]
      }
    },
    {
      "type": "Feature",
      "properties": {
        "fid": 135,
        "OBJECTID": 37931,
        "id": "B0J2OAIJ0U",
        "parent": [],
        "children": [],
        "name": "曾记修车",
        "type": "摩托车服务;摩托车维修;摩托车维修",
        "typecode": "040200",
        "biz_type": [],
        "address": "上冲中约大街2号银星网咖上涌店",
        "tel": [],
        "postcode": [],
        "website": [],
        "email": [],
        "pcode": "440000",
        "pname": "广东省",
        "citycode": "020",
        "cityname": "广州市",
        "adcode": "440105",
        "plongcj02": "113.3129078733051",
        "platgcj02": "23.08331417390672",
        "adname": "海珠区",
        "entr_location": "113.31306059838953,23.082903068705463",
        "navi_poiid": [],
        "alias": [],
        "parking_type": [],
        "tag": [],
        "indoor_map": "0",
        "cpid": [],
        "floor": [],
        "truefloor": [],
        "business_area": "赤岗",
        "rating": "4.0",
        "cost": [],
        "meal_ordering": [],
        "seat_ordering": [],
        "ticket_ordering": [],
        "hotel_ordering": [],
        "photos_title": [],
        "photos_url": [],
        "updatetime": "2024-08-21 15:52:39",
        "is_textile": false,
        "category": "Auto/Car Service",
        "surrounding_poi_count": 11,
        "simulated_floor": 1,
        "occupied_floors": 1,
        "simulated_elevation": 0
      },
      "geometry": {
        "type": "Point",
        "coordinates": [
          113.31290787300009,
          23.083314174000066,
          0
        ]
      }
    },
    {
      "type": "Feature",
      "properties": {
        "fid": 341,
        "OBJECTID": 114240,
        "id": "B0FFHOBDYL",
        "parent": [],
        "children": [],
        "name": "家乡情柴火鸡(上冲店)",
        "type": "餐饮服务;中餐厅;中餐厅",
        "typecode": "050100",
        "biz_type": "diner",
        "address": "上冲西约新九巷1、3号103",
        "tel": "18825788458",
        "postcode": [],
        "website": [],
        "email": [],
        "pcode": "440000",
        "pname": "广东省",
        "citycode": "020",
        "cityname": "广州市",
        "adcode": "440105",
        "plongcj02": "113.31042869240031",
        "platgcj02": "23.08413630177014",
        "adname": "海珠区",
        "entr_location": [],
        "navi_poiid": [],
        "alias": [],
        "parking_type": [],
        "tag": "柴火鸡",
        "indoor_map": "0",
        "cpid": [],
        "floor": [],
        "truefloor": [],
        "business_area": "新港",
        "rating": "4.0",
        "cost": [],
        "meal_ordering": "0",
        "seat_ordering": [],
        "ticket_ordering": [],
        "hotel_ordering": [],
        "photos_title": [],
        "photos_url": "http://store.is.autonavi.com/showpic/3a7807261cf8be36d237aaf3bfe30a5b&http://store.is.autonavi.com/showpic/7a16b0fef46bafc7bdae437a9182f105",
        "updatetime": "2024-12-05 15:45:52",
        "is_textile": false,
        "category": "Food & Dining",
        "surrounding_poi_count": 8,
        "simulated_floor": 1,
        "occupied_floors": 1,
        "simulated_elevation": 0
      },
      "geometry": {
        "type": "Point",
        "coordinates": [
          113.31042869200007,
          23.084136302000047,
          0
        ]
      }
    },
    {
      "type": "Feature",
      "properties": {
        "fid": 455,
        "OBJECTID": 114468,
        "id": "B0FFHW2TI9",
        "parent": "B00140USYK",
        "children": [],
        "name": "东北饺子(名粤小区店)",
        "type": "餐饮服务;中餐厅;特色/地方风味餐厅",
        "typecode": "050118",
        "biz_type": "diner",
        "address": "东风村上涌中约新街一巷3号",
        "tel": "13214581567;18820125437",
        "postcode": [],
        "website": [],
        "email": [],
        "pcode": "440000",
        "pname": "广东省",
        "citycode": "020",
        "cityname": "广州市",
        "adcode": "440105",
        "plongcj02": "113.31133083017488",
        "platgcj02": "23.08557607848634",
        "adname": "海珠区",
        "entr_location": [],
        "navi_poiid": "F49F011043_1014583",
        "alias": [],
        "parking_type": [],
        "tag": [],
        "indoor_map": "0",
        "cpid": [],
        "floor": [],
        "truefloor": [],
        "business_area": "新港",
        "rating": "4.3",
        "cost": "22.00",
        "meal_ordering": "0",
        "seat_ordering": [],
        "ticket_ordering": [],
        "hotel_ordering": [],
        "photos_title": [],
        "photos_url": "http://store.is.autonavi.com/showpic/5350bd4da659a544023ed44df56fac75&http://store.is.autonavi.com/showpic/f27b264befe927ca71cfb1700b92c5c8",
        "updatetime": "2024-12-05 09:53:26",
        "is_textile": false,
        "category": "Food & Dining",
        "surrounding_poi_count": 24,
        "simulated_floor": 1,
        "occupied_floors": 1,
        "simulated_elevation": 0
      },
      "geometry": {
        "type": "Point",
        "coordinates": [
          113.31133083000009,
          23.08557607800003,
          0
        ]
      }
    },
    {
      "type": "Feature",
      "properties": {
        "fid": 456,
        "OBJECTID": 114469,
        "id": "B0K63ZQIM9",
        "parent": [],
        "children": [],
        "name": "松滋鸡农家菜(名粤广场店)",
        "type": "餐饮服务;中餐厅;中餐厅",
        "typecode": "050100",
        "biz_type": "diner",
        "address": "上涌中约大街38号102铺",
        "tel": "17620949151",
        "postcode": [],
        "website": [],
        "email": [],
        "pcode": "440000",
        "pname": "广东省",
        "citycode": "020",
        "cityname": "广州市",
        "adcode": "440105",
        "plongcj02": "113.31296464260674",
        "platgcj02": "23.08506433539386",
        "adname": "海珠区",
        "entr_location": "113.31299758400948,23.08496531699568",
        "navi_poiid": [],
        "alias": [],
        "parking_type": [],
        "tag": "松滋鸡,农家菜",
        "indoor_map": "0",
        "cpid": [],
        "floor": [],
        "truefloor": [],
        "business_area": "赤岗",
        "rating": "4.5",
        "cost": [],
        "meal_ordering": "0",
        "seat_ordering": [],
        "ticket_ordering": [],
        "hotel_ordering": [],
        "photos_title": [],
        "photos_url": "http://store.is.autonavi.com/showpic/76c9188fc95cbe08e1bc9581ca275917&https://aos-comment.amap.com/B0K63ZQIM9/comment/cf429f4b129a8a865c49aab618f1a057_2048_2048_80.jpg",
        "updatetime": "2024-12-11 20:58:17",
        "is_textile": false,
        "category": "Food & Dining",
        "surrounding_poi_count": 41,
        "simulated_floor": 2,
        "occupied_floors": 1,
        "simulated_elevation": 3.5
      },
      "geometry": {
        "type": "Point",
        "coordinates": [
          113.3129646430001,
          23.085064335000027,
          3.5
        ]
      }
    },
    {
      "type": "Feature",
      "properties": {
        "fid": 459,
        "OBJECTID": 114472,
        "id": "B0FFKKMFED",
        "parent": "B00140USYK",
        "children": [],
        "name": "然和凉茶(上冲店)",
        "type": "餐饮服务;冷饮店;冷饮店",
        "typecode": "050700",
        "biz_type": "diner",
        "address": "上冲中约新街36号之七101",
        "tel": "15219676248",
        "postcode": [],
        "website": [],
        "email": [],
        "pcode": "440000",
        "pname": "广东省",
        "citycode": "020",
        "cityname": "广州市",
        "adcode": "440105",
        "plongcj02": "113.31259136212148",
        "platgcj02": "23.085351893336",
        "adname": "海珠区",
        "entr_location": "113.31266022363715,23.085385754053664",
        "navi_poiid": [],
        "alias": [],
        "parking_type": [],
        "tag": [],
        "indoor_map": "0",
        "cpid": [],
        "floor": [],
        "truefloor": [],
        "business_area": "赤岗",
        "rating": "4.3",
        "cost": [],
        "meal_ordering": "0",
        "seat_ordering": [],
        "ticket_ordering": [],
        "hotel_ordering": [],
        "photos_title": [],
        "photos_url": "http://aos-cdn-image.amap.com/sns/ugccomment/59387751-c8e3-46fc-97b3-78ba76e4ba0f.jpg&http://store.is.autonavi.com/showpic/277f697a0814d106495bafcb196c3192",
        "updatetime": "2024-12-17 18:38:21",
        "is_textile": false,
        "category": "Food & Dining",
        "surrounding_poi_count": 27,
        "simulated_floor": 1,
        "occupied_floors": 1,
        "simulated_elevation": 0
      },
      "geometry": {
        "type": "Point",
        "coordinates": [
          113.31259136200003,
          23.085351893000052,
          0
        ]
      }
    },
    {
      "type": "Feature",
      "properties": {
        "fid": 469,
        "OBJECTID": 114482,
        "id": "B0FFF5WD04",
        "parent": [],
        "children": [],
        "name": "兰州拉面(乐敦路店)",
        "type": "餐饮服务;中餐厅;清真菜馆",
        "typecode": "050121",
        "biz_type": "diner",
        "address": "上冲中约大街41号106",
        "tel": "18026445944",
        "postcode": [],
        "website": [],
        "email": [],
        "pcode": "440000",
        "pname": "广东省",
        "citycode": "020",
        "cityname": "广州市",
        "adcode": "440105",
        "plongcj02": "113.31319819152674",
        "platgcj02": "23.08488598483761",
        "adname": "海珠区",
        "entr_location": "113.31324709367276,23.084897890679105",
        "navi_poiid": "F49F011043_306542",
        "alias": [],
        "parking_type": [],
        "tag": [],
        "indoor_map": "0",
        "cpid": [],
        "floor": [],
        "truefloor": [],
        "business_area": "赤岗",
        "rating": "3.9",
        "cost": [],
        "meal_ordering": "0",
        "seat_ordering": [],
        "ticket_ordering": [],
        "hotel_ordering": [],
        "photos_title": [],
        "photos_url": "https://aos-comment.amap.com/B0FFF5WD04/comment/7b4de7f0de94de060000a12ae7d40c74_2048_2048_80.jpg&https://aos-comment.amap.com/B0FFF5WD04/comment/62710db0e5feec0cc4ccfe5807b9f53a_2048_2048_80.jpg",
        "updatetime": "2024-12-19 22:51:31",
        "is_textile": false,
        "category": "Food & Dining",
        "surrounding_poi_count": 35,
        "simulated_floor": 1,
        "occupied_floors": 1,
        "simulated_elevation": 0
      },
      "geometry": {
        "type": "Point",
        "coordinates": [
          113.31319819200007,
          23.084885985000028,
          0
        ]
      }
    },
    {
      "type": "Feature",
      "properties": {
        "fid": 472,
        "OBJECTID": 114485,
        "id": "B0FFK9SD7S",
        "parent": [],
        "children": [],
        "name": "湘鄂木桶饭",
        "type": "餐饮服务;中餐厅;中餐厅",
        "typecode": "050100",
        "biz_type": "diner",
        "address": "大道南上冲中约大街51号",
        "tel": [],
        "postcode": [],
        "website": [],
        "email": [],
        "pcode": "440000",
        "pname": "广东省",
        "citycode": "020",
        "cityname": "广州市",
        "adcode": "440105",
        "plongcj02": "113.31310437472351",
        "platgcj02": "23.0849291376924",
        "adname": "海珠区",
        "entr_location": "113.31323810597328,23.0849798726483",
        "navi_poiid": [],
        "alias": [],
        "parking_type": [],
        "tag": "木桶饭",
        "indoor_map": "0",
        "cpid": [],
        "floor": [],
        "truefloor": [],
        "business_area": "新港",
        "rating": "3.9",
        "cost": [],
        "meal_ordering": "0",
        "seat_ordering": [],
        "ticket_ordering": [],
        "hotel_ordering": [],
        "photos_title": [],
        "photos_url": [],
        "updatetime": "2024-12-05 14:19:29",
        "is_textile": false,
        "category": "Food & Dining",
        "surrounding_poi_count": 40,
        "simulated_floor": 2,
        "occupied_floors": 1,
        "simulated_elevation": 3.5
      },
      "geometry": {
        "type": "Point",
        "coordinates": [
          113.31310437500008,
          23.084929138000064,
          3.5
        ]
      }
    },
    {
      "type": "Feature",
      "properties": {
        "fid": 483,
        "OBJECTID": 114496,
        "id": "B0FFFR4SKE",
        "parent": [],
        "children": [],
        "name": "重庆老麻抄手(上冲中约新三巷店)",
        "type": "餐饮服务;中餐厅;四川菜(川菜)",
        "typecode": "050102",
        "biz_type": "diner",
        "address": "上冲中约大街41号",
        "tel": "18623509803",
        "postcode": [],
        "website": [],
        "email": [],
        "pcode": "440000",
        "pname": "广东省",
        "citycode": "020",
        "cityname": "广州市",
        "adcode": "440105",
        "plongcj02": "113.31319220185804",
        "platgcj02": "23.084908986099066",
        "adname": "海珠区",
        "entr_location": [],
        "navi_poiid": "F49F011043_386893",
        "alias": [],
        "parking_type": [],
        "tag": "杂酱",
        "indoor_map": "0",
        "cpid": [],
        "floor": [],
        "truefloor": [],
        "business_area": "赤岗",
        "rating": "3.9",
        "cost": "23.00",
        "meal_ordering": "0",
        "seat_ordering": [],
        "ticket_ordering": [],
        "hotel_ordering": [],
        "photos_title": [],
        "photos_url": "https://aos-comment.amap.com/B0FFFR4SKE/comment/f0088d716d1501dd5d3b4098f33e96c0_2048_2048_80.jpg&https://aos-comment.amap.com/B0FFFR4SKE/comment/0b928953c8e5fb22d6aaf4228856a829_2048_2048_80.jpg",
        "updatetime": "2024-11-20 16:28:27",
        "is_textile": false,
        "category": "Food & Dining",
        "surrounding_poi_count": 35,
        "simulated_floor": 1,
        "occupied_floors": 1,
        "simulated_elevation": 0
      },
      "geometry": {
        "type": "Point",
        "coordinates": [
          113.3131922020001,
          23.084908986000073,
          0
        ]
      }
    },
    {
      "type": "Feature",
      "properties": {
        "fid": 486,
        "OBJECTID": 114499,
        "id": "B0JAMAJ4N3",
        "parent": "B00140USYK",
        "children": [],
        "name": "塔斯汀中国汉堡(广州市海珠万达店)",
        "type": "餐饮服务;快餐厅;快餐厅",
        "typecode": "050300",
        "biz_type": "diner",
        "address": "敦丰路名粤小区(上冲中约新街一巷16号)",
        "tel": "18022304909",
        "postcode": [],
        "website": [],
        "email": [],
        "pcode": "440000",
        "pname": "广东省",
        "citycode": "020",
        "cityname": "广州市",
        "adcode": "440105",
        "plongcj02": "113.3121761780861",
        "platgcj02": "23.085411621146754",
        "adname": "海珠区",
        "entr_location": "113.31161426711878,23.08567052808015",
        "navi_poiid": [],
        "alias": [],
        "parking_type": [],
        "tag": "中国汉堡",
        "indoor_map": "0",
        "cpid": [],
        "floor": [],
        "truefloor": [],
        "business_area": "赤岗",
        "rating": "4.3",
        "cost": "20.00",
        "meal_ordering": "0",
        "seat_ordering": [],
        "ticket_ordering": [],
        "hotel_ordering": [],
        "photos_title": [],
        "photos_url": "http://store.is.autonavi.com/query_pic?id=st188d3e8c-ef58-4506-9325-47904f7f9763&user=search&operate=original&https://aos-comment.amap.com/B0JAMAJ4N3/headerImg/ac3f55439c4bbdc29af8222efc654d3c_2048_2048_80.jpg",
        "updatetime": "2024-12-07 18:17:57",
        "is_textile": false,
        "category": "Food & Dining",
        "surrounding_poi_count": 38,
        "simulated_floor": 1,
        "occupied_floors": 1,
        "simulated_elevation": 0
      },
      "geometry": {
        "type": "Point",
        "coordinates": [
          113.31217617800007,
          23.08541162100005,
          0
        ]
      }
    },
    {
      "type": "Feature",
      "properties": {
        "fid": 496,
        "OBJECTID": 114509,
        "id": "B0IU2SKK1N",
        "parent": "B00140USYK",
        "children": [],
        "name": "顺记潮汕鱼仔店",
        "type": "餐饮服务;中餐厅;中餐厅",
        "typecode": "050100",
        "biz_type": "diner",
        "address": "上冲中约新街一巷1号之一",
        "tel": "15099992953",
        "postcode": [],
        "website": [],
        "email": [],
        "pcode": "440000",
        "pname": "广东省",
        "citycode": "020",
        "cityname": "广州市",
        "adcode": "440105",
        "plongcj02": "113.31107533485994",
        "platgcj02": "23.085520561321005",
        "adname": "海珠区",
        "entr_location": [],
        "navi_poiid": [],
        "alias": [],
        "parking_type": [],
        "tag": [],
        "indoor_map": "0",
        "cpid": [],
        "floor": [],
        "truefloor": [],
        "business_area": "赤岗",
        "rating": "4.0",
        "cost": [],
        "meal_ordering": "0",
        "seat_ordering": [],
        "ticket_ordering": [],
        "hotel_ordering": [],
        "photos_title": [],
        "photos_url": "http://store.is.autonavi.com/showpic/28aace7f59b7eb5333bf06edec2e7d6e&http://store.is.autonavi.com/showpic/bbecd8d228e7e940312f3f5a551dc09f",
        "updatetime": "2024-11-30 12:32:39",
        "is_textile": false,
        "category": "Food & Dining",
        "surrounding_poi_count": 26,
        "simulated_floor": 2,
        "occupied_floors": 1,
        "simulated_elevation": 3.5
      },
      "geometry": {
        "type": "Point",
        "coordinates": [
          113.31107533500006,
          23.085520561000067,
          3.5
        ]
      }
    },
    {
      "type": "Feature",
      "properties": {
        "fid": 497,
        "OBJECTID": 114510,
        "id": "B0H2BULE32",
        "parent": "B00140USYK",
        "children": [],
        "name": "刘长和手工粉(名粤小区店)",
        "type": "餐饮服务;快餐厅;快餐厅",
        "typecode": "050300",
        "biz_type": "diner",
        "address": "名粤小区北3门西50米",
        "tel": "13802446062;13829705080",
        "postcode": [],
        "website": [],
        "email": [],
        "pcode": "440000",
        "pname": "广东省",
        "citycode": "020",
        "cityname": "广州市",
        "adcode": "440105",
        "plongcj02": "113.31108531039116",
        "platgcj02": "23.08559351278089",
        "adname": "海珠区",
        "entr_location": "113.31108530392446,23.08568947252582",
        "navi_poiid": [],
        "alias": [],
        "parking_type": [],
        "tag": "手工粉",
        "indoor_map": "0",
        "cpid": [],
        "floor": [],
        "truefloor": [],
        "business_area": "赤岗",
        "rating": "4.5",
        "cost": [],
        "meal_ordering": "0",
        "seat_ordering": [],
        "ticket_ordering": [],
        "hotel_ordering": [],
        "photos_title": [],
        "photos_url": "http://store.is.autonavi.com/showpic/4ef9874a43cd53bedabd6e3a27b72526&http://store.is.autonavi.com/showpic/4612da1187de94ae1f6ff2cf5d737e7e",
        "updatetime": "2024-11-13 21:23:23",
        "is_textile": false,
        "category": "Food & Dining",
        "surrounding_poi_count": 23,
        "simulated_floor": 2,
        "occupied_floors": 1,
        "simulated_elevation": 3.5
      },
      "geometry": {
        "type": "Point",
        "coordinates": [
          113.31108531000007,
          23.08559351300005,
          3.5
        ]
      }
    },
    {
      "type": "Feature",
      "properties": {
        "fid": 499,
        "OBJECTID": 114512,
        "id": "B00141ROCD",
        "parent": "B00140USYK",
        "children": [],
        "name": "岭南第一锅(名粤小区店)",
        "type": "餐饮服务;中餐厅;中餐厅",
        "typecode": "050100",
        "biz_type": "diner",
        "address": "名粤小区北3门旁",
        "tel": "15999967513",
        "postcode": [],
        "website": [],
        "email": [],
        "pcode": "440000",
        "pname": "广东省",
        "citycode": "020",
        "cityname": "广州市",
        "adcode": "440105",
        "plongcj02": "113.31178893412552",
        "platgcj02": "23.085514278380217",
        "adname": "海珠区",
        "entr_location": "113.31202945345963,23.085617800185336",
        "navi_poiid": "F49F011043_539465",
        "alias": [],
        "parking_type": [],
        "tag": [],
        "indoor_map": "0",
        "cpid": [],
        "floor": [],
        "truefloor": [],
        "business_area": "赤岗",
        "rating": "3.9",
        "cost": "17.00",
        "meal_ordering": "0",
        "seat_ordering": [],
        "ticket_ordering": [],
        "hotel_ordering": [],
        "photos_title": [],
        "photos_url": "http://store.is.autonavi.com/showpic/82103d286c29f6d7401816a4e79bd09f&http://store.is.autonavi.com/showpic/9621ae6584d04aec61da2b002c3dd7b0",
        "updatetime": "2024-12-04 19:42:07",
        "is_textile": false,
        "category": "Food & Dining",
        "surrounding_poi_count": 34,
        "simulated_floor": 1,
        "occupied_floors": 1,
        "simulated_elevation": 0
      },
      "geometry": {
        "type": "Point",
        "coordinates": [
          113.3117889340001,
          23.085514278000062,
          0
        ]
      }
    },
    {
      "type": "Feature",
      "properties": {
        "fid": 502,
        "OBJECTID": 114515,
        "id": "B0K11PDEIW",
        "parent": "B00140USYK",
        "children": [],
        "name": "湖北特色小吃",
        "type": "餐饮服务;中餐厅;中餐厅",
        "typecode": "050100",
        "biz_type": "diner",
        "address": "名粤小区",
        "tel": [],
        "postcode": [],
        "website": [],
        "email": [],
        "pcode": "440000",
        "pname": "广东省",
        "citycode": "020",
        "cityname": "广州市",
        "adcode": "440105",
        "plongcj02": "113.31322211993889",
        "platgcj02": "23.085242791425646",
        "adname": "海珠区",
        "entr_location": "113.31329496967098,23.085326623386933",
        "navi_poiid": [],
        "alias": [],
        "parking_type": [],
        "tag": "特色小吃",
        "indoor_map": "0",
        "cpid": [],
        "floor": [],
        "truefloor": [],
        "business_area": "赤岗",
        "rating": "3.4",
        "cost": [],
        "meal_ordering": "0",
        "seat_ordering": [],
        "ticket_ordering": [],
        "hotel_ordering": [],
        "photos_title": [],
        "photos_url": [],
        "updatetime": "2024-11-20 02:38:58",
        "is_textile": false,
        "category": "Food & Dining",
        "surrounding_poi_count": 21,
        "simulated_floor": 1,
        "occupied_floors": 1,
        "simulated_elevation": 0
      },
      "geometry": {
        "type": "Point",
        "coordinates": [
          113.31322212000009,
          23.08524279100004,
          0
        ]
      }
    },
    {
      "type": "Feature",
      "properties": {
        "fid": 503,
        "OBJECTID": 114516,
        "id": "B00141P6MQ",
        "parent": [],
        "children": [],
        "name": "湘村烧烤吧(上涌店)",
        "type": "餐饮服务;中餐厅;中餐厅",
        "typecode": "050100",
        "biz_type": "diner",
        "address": "乐敦路上涌村",
        "tel": "15800201131",
        "postcode": [],
        "website": [],
        "email": [],
        "pcode": "440000",
        "pname": "广东省",
        "citycode": "020",
        "cityname": "广州市",
        "adcode": "440105",
        "plongcj02": "113.3131133900655",
        "platgcj02": "23.08443732778872",
        "adname": "海珠区",
        "entr_location": "113.31316627524072,23.084584169747302",
        "navi_poiid": [],
        "alias": [],
        "parking_type": [],
        "tag": [],
        "indoor_map": "0",
        "cpid": [],
        "floor": [],
        "truefloor": [],
        "business_area": "新港",
        "rating": "3.9",
        "cost": [],
        "meal_ordering": "0",
        "seat_ordering": [],
        "ticket_ordering": [],
        "hotel_ordering": [],
        "photos_title": [],
        "photos_url": [],
        "updatetime": "2024-12-18 08:37:36",
        "is_textile": false,
        "category": "Food & Dining",
        "surrounding_poi_count": 29,
        "simulated_floor": 1,
        "occupied_floors": 1,
        "simulated_elevation": 0
      },
      "geometry": {
        "type": "Point",
        "coordinates": [
          113.31311339000001,
          23.084437328000035,
          0
        ]
      }
    },
    {
      "type": "Feature",
      "properties": {
        "fid": 504,
        "OBJECTID": 114517,
        "id": "B0FFL2I377",
        "parent": [],
        "children": [],
        "name": "家家乐石锅鱼",
        "type": "餐饮服务;中餐厅;中餐厅",
        "typecode": "050100",
        "biz_type": "diner",
        "address": "乐敦路上涌村",
        "tel": [],
        "postcode": [],
        "website": [],
        "email": [],
        "pcode": "440000",
        "pname": "广东省",
        "citycode": "020",
        "cityname": "广州市",
        "adcode": "440105",
        "plongcj02": "113.31308645516067",
        "platgcj02": "23.084264449472347",
        "adname": "海珠区",
        "entr_location": "113.31312537979069,23.08423738992261",
        "navi_poiid": [],
        "alias": [],
        "parking_type": [],
        "tag": "石锅鱼",
        "indoor_map": "0",
        "cpid": [],
        "floor": [],
        "truefloor": [],
        "business_area": "赤岗",
        "rating": "4.1",
        "cost": [],
        "meal_ordering": "0",
        "seat_ordering": [],
        "ticket_ordering": [],
        "hotel_ordering": [],
        "photos_title": [],
        "photos_url": [],
        "updatetime": "2024-07-13 11:34:25",
        "is_textile": false,
        "category": "Food & Dining",
        "surrounding_poi_count": 26,
        "simulated_floor": 2,
        "occupied_floors": 1,
        "simulated_elevation": 3.5
      },
      "geometry": {
        "type": "Point",
        "coordinates": [
          113.31308645500008,
          23.084264449000045,
          3.5
        ]
      }
    },
    {
      "type": "Feature",
      "properties": {
        "fid": 506,
        "OBJECTID": 114519,
        "id": "B0FFFQ7N48",
        "parent": "B00140USYK",
        "children": [],
        "name": "金记潮州美食(名粤小区店)",
        "type": "餐饮服务;中餐厅;潮州菜",
        "typecode": "050123",
        "biz_type": "diner",
        "address": "名粤小区西3门旁",
        "tel": "13724897753",
        "postcode": [],
        "website": [],
        "email": [],
        "pcode": "440000",
        "pname": "广东省",
        "citycode": "020",
        "cityname": "广州市",
        "adcode": "440105",
        "plongcj02": "113.31111627321552",
        "platgcj02": "23.085245603146085",
        "adname": "海珠区",
        "entr_location": "113.31106836909014,23.085215701789377",
        "navi_poiid": "F49F011043_386864",
        "alias": [],
        "parking_type": [],
        "tag": [],
        "indoor_map": "0",
        "cpid": [],
        "floor": [],
        "truefloor": [],
        "business_area": "赤岗",
        "rating": "4.1",
        "cost": [],
        "meal_ordering": "0",
        "seat_ordering": [],
        "ticket_ordering": [],
        "hotel_ordering": [],
        "photos_title": [],
        "photos_url": [],
        "updatetime": "2024-11-27 17:41:02",
        "is_textile": false,
        "category": "Food & Dining",
        "surrounding_poi_count": 32,
        "simulated_floor": 1,
        "occupied_floors": 1,
        "simulated_elevation": 0
      },
      "geometry": {
        "type": "Point",
        "coordinates": [
          113.31111627300004,
          23.085245603000033,
          0
        ]
      }
    },
    {
      "type": "Feature",
      "properties": {
        "fid": 511,
        "OBJECTID": 114524,
        "id": "B0KDVOZLKJ",
        "parent": "B00140USYK",
        "children": [],
        "name": "一品湘木桶饭(名粤小区店)",
        "type": "餐饮服务;中餐厅;中餐厅",
        "typecode": "050100",
        "biz_type": "diner",
        "address": "名粤小区西4门东190米",
        "tel": "18613199625",
        "postcode": [],
        "website": [],
        "email": [],
        "pcode": "440000",
        "pname": "广东省",
        "citycode": "020",
        "cityname": "广州市",
        "adcode": "440105",
        "plongcj02": "113.31291871853962",
        "platgcj02": "23.085287325370842",
        "adname": "海珠区",
        "entr_location": "113.31292370366708,23.08536128525664",
        "navi_poiid": [],
        "alias": [],
        "parking_type": [],
        "tag": "木桶饭",
        "indoor_map": "0",
        "cpid": [],
        "floor": [],
        "truefloor": [],
        "business_area": "赤岗",
        "rating": "4.2",
        "cost": [],
        "meal_ordering": "0",
        "seat_ordering": [],
        "ticket_ordering": [],
        "hotel_ordering": [],
        "photos_title": [],
        "photos_url": [],
        "updatetime": "2024-12-11 16:15:06",
        "is_textile": false,
        "category": "Food & Dining",
        "surrounding_poi_count": 35,
        "simulated_floor": 1,
        "occupied_floors": 1,
        "simulated_elevation": 0
      },
      "geometry": {
        "type": "Point",
        "coordinates": [
          113.3129187190001,
          23.085287325000024,
          0
        ]
      }
    },
    {
      "type": "Feature",
      "properties": {
        "fid": 514,
        "OBJECTID": 114527,
        "id": "B0JBP94OGG",
        "parent": [],
        "children": [],
        "name": "东北烧烤(大塘店)",
        "type": "餐饮服务;中餐厅;特色/地方风味餐厅",
        "typecode": "050118",
        "biz_type": "diner",
        "address": "乐敦路与上冲东约二十巷交叉口西北20米",
        "tel": "18138751234",
        "postcode": [],
        "website": [],
        "email": [],
        "pcode": "440000",
        "pname": "广东省",
        "citycode": "020",
        "cityname": "广州市",
        "adcode": "440105",
        "plongcj02": "113.31296967402652",
        "platgcj02": "23.084451583528658",
        "adname": "海珠区",
        "entr_location": [],
        "navi_poiid": [],
        "alias": [],
        "parking_type": [],
        "tag": [],
        "indoor_map": "0",
        "cpid": [],
        "floor": [],
        "truefloor": [],
        "business_area": "赤岗",
        "rating": "3.5",
        "cost": [],
        "meal_ordering": "0",
        "seat_ordering": [],
        "ticket_ordering": [],
        "hotel_ordering": [],
        "photos_title": [],
        "photos_url": [],
        "updatetime": "2024-09-22 03:35:46",
        "is_textile": false,
        "category": "Food & Dining",
        "surrounding_poi_count": 36,
        "simulated_floor": 1,
        "occupied_floors": 1,
        "simulated_elevation": 0
      },
      "geometry": {
        "type": "Point",
        "coordinates": [
          113.3129696740001,
          23.084451584000078,
          0
        ]
      }
    },
    {
      "type": "Feature",
      "properties": {
        "fid": 516,
        "OBJECTID": 114529,
        "id": "B0H1RXFWN1",
        "parent": "B00140USYK",
        "children": [],
        "name": "大师傅糕点(名粤小区店)",
        "type": "餐饮服务;糕饼店;糕饼店",
        "typecode": "050800",
        "biz_type": "diner",
        "address": "上冲中约新一街36-9号楼",
        "tel": "13635990242",
        "postcode": [],
        "website": [],
        "email": [],
        "pcode": "440000",
        "pname": "广东省",
        "citycode": "020",
        "cityname": "广州市",
        "adcode": "440105",
        "plongcj02": "113.3127290921064",
        "platgcj02": "23.085315658334117",
        "adname": "海珠区",
        "entr_location": [],
        "navi_poiid": [],
        "alias": [],
        "parking_type": [],
        "tag": [],
        "indoor_map": "0",
        "cpid": [],
        "floor": [],
        "truefloor": [],
        "business_area": "赤岗",
        "rating": "4.3",
        "cost": [],
        "meal_ordering": "0",
        "seat_ordering": [],
        "ticket_ordering": [],
        "hotel_ordering": [],
        "photos_title": [],
        "photos_url": "http://store.is.autonavi.com/showpic/1ddd8c7cceeb06fc930c9081f9aead35&http://store.is.autonavi.com/showpic/8ac4a20920c5a3647bcbaabf1de0f6a9",
        "updatetime": "2024-12-03 12:07:44",
        "is_textile": false,
        "category": "Food & Dining",
        "surrounding_poi_count": 34,
        "simulated_floor": 2,
        "occupied_floors": 1,
        "simulated_elevation": 3.5
      },
      "geometry": {
        "type": "Point",
        "coordinates": [
          113.31272909200004,
          23.08531565800007,
          3.5
        ]
      }
    },
    {
      "type": "Feature",
      "properties": {
        "fid": 517,
        "OBJECTID": 114530,
        "id": "B0G17XYEF0",
        "parent": [],
        "children": [],
        "name": "重庆麻辣抄手",
        "type": "餐饮服务;中餐厅;四川菜(川菜)",
        "typecode": "050102",
        "biz_type": "diner",
        "address": "南华大街十三巷大塘社区",
        "tel": "18127991079",
        "postcode": [],
        "website": [],
        "email": [],
        "pcode": "440000",
        "pname": "广东省",
        "citycode": "020",
        "cityname": "广州市",
        "adcode": "440105",
        "plongcj02": "113.31317822499695",
        "platgcj02": "23.084976983028195",
        "adname": "海珠区",
        "entr_location": [],
        "navi_poiid": [],
        "alias": [],
        "parking_type": [],
        "tag": [],
        "indoor_map": "0",
        "cpid": [],
        "floor": [],
        "truefloor": [],
        "business_area": "赤岗",
        "rating": "3.8",
        "cost": "22.00",
        "meal_ordering": "0",
        "seat_ordering": [],
        "ticket_ordering": [],
        "hotel_ordering": [],
        "photos_title": [],
        "photos_url": "http://store.is.autonavi.com/showpic/14db2757e8417d67591069c2d42c9666&http://store.is.autonavi.com/showpic/25af1b5ba8e3325e71cda00161b649c1",
        "updatetime": "2024-11-03 18:45:46",
        "is_textile": false,
        "category": "Food & Dining",
        "surrounding_poi_count": 32,
        "simulated_floor": 2,
        "occupied_floors": 1,
        "simulated_elevation": 3.5
      },
      "geometry": {
        "type": "Point",
        "coordinates": [
          113.31317822500012,
          23.084976983000047,
          3.5
        ]
      }
    },
    {
      "type": "Feature",
      "properties": {
        "fid": 521,
        "OBJECTID": 114534,
        "id": "B0FFF3UO4Z",
        "parent": [],
        "children": [],
        "name": "潜江菜馆(大塘桥南店)",
        "type": "餐饮服务;中餐厅;中餐厅",
        "typecode": "050100",
        "biz_type": "diner",
        "address": "桥南新街西十巷1号之6号",
        "tel": "13570392470;13677296857;18702030085",
        "postcode": [],
        "website": [],
        "email": [],
        "pcode": "440000",
        "pname": "广东省",
        "citycode": "020",
        "cityname": "广州市",
        "adcode": "440105",
        "plongcj02": "113.31309143866156",
        "platgcj02": "23.084362399251496",
        "adname": "海珠区",
        "entr_location": [],
        "navi_poiid": "F49F012043_174977",
        "alias": [],
        "parking_type": [],
        "tag": [],
        "indoor_map": "0",
        "cpid": [],
        "floor": [],
        "truefloor": [],
        "business_area": "赤岗",
        "rating": "3.8",
        "cost": [],
        "meal_ordering": "0",
        "seat_ordering": [],
        "ticket_ordering": [],
        "hotel_ordering": [],
        "photos_title": [],
        "photos_url": [],
        "updatetime": "2024-12-19 06:57:30",
        "is_textile": false,
        "category": "Food & Dining",
        "surrounding_poi_count": 28,
        "simulated_floor": 1,
        "occupied_floors": 1,
        "simulated_elevation": 0
      },
      "geometry": {
        "type": "Point",
        "coordinates": [
          113.313091439,
          23.084362399000042,
          0
        ]
      }
    },
    {
      "type": "Feature",
      "properties": {
        "fid": 523,
        "OBJECTID": 114536,
        "id": "B0K3CDD30D",
        "parent": [],
        "children": [],
        "name": "稻香自助快餐",
        "type": "餐饮服务;快餐厅;快餐厅",
        "typecode": "050300",
        "biz_type": "diner",
        "address": "乐敦路与上冲东约二十巷交叉口西20米",
        "tel": [],
        "postcode": [],
        "website": [],
        "email": [],
        "pcode": "440000",
        "pname": "广东省",
        "citycode": "020",
        "cityname": "广州市",
        "adcode": "440105",
        "plongcj02": "113.31298565794805",
        "platgcj02": "23.084220651429714",
        "adname": "海珠区",
        "entr_location": "113.31301659972829,23.084174614433675",
        "navi_poiid": [],
        "alias": [],
        "parking_type": [],
        "tag": "自助快餐",
        "indoor_map": "0",
        "cpid": [],
        "floor": [],
        "truefloor": [],
        "business_area": "赤岗",
        "rating": "3.7",
        "cost": [],
        "meal_ordering": "0",
        "seat_ordering": [],
        "ticket_ordering": [],
        "hotel_ordering": [],
        "photos_title": [],
        "photos_url": [],
        "updatetime": "2024-11-08 10:40:40",
        "is_textile": false,
        "category": "Food & Dining",
        "surrounding_poi_count": 26,
        "simulated_floor": 1,
        "occupied_floors": 1,
        "simulated_elevation": 0
      },
      "geometry": {
        "type": "Point",
        "coordinates": [
          113.31298565800012,
          23.084220651000066,
          0
        ]
      }
    },
    {
      "type": "Feature",
      "properties": {
        "fid": 526,
        "OBJECTID": 114539,
        "id": "B0KAJSM9T5",
        "parent": "B00140USYK",
        "children": [],
        "name": "图一杯茶(名粤小区店)",
        "type": "餐饮服务;冷饮店;冷饮店",
        "typecode": "050700",
        "biz_type": "diner",
        "address": "名粤小区北1门旁",
        "tel": [],
        "postcode": [],
        "website": [],
        "email": [],
        "pcode": "440000",
        "pname": "广东省",
        "citycode": "020",
        "cityname": "广州市",
        "adcode": "440105",
        "plongcj02": "113.31216519805531",
        "platgcj02": "23.085436630532985",
        "adname": "海珠区",
        "entr_location": "113.31211131511434,23.085276795166347",
        "navi_poiid": [],
        "alias": [],
        "parking_type": [],
        "tag": [],
        "indoor_map": "0",
        "cpid": [],
        "floor": [],
        "truefloor": [],
        "business_area": "赤岗",
        "rating": "3.6",
        "cost": [],
        "meal_ordering": "0",
        "seat_ordering": [],
        "ticket_ordering": [],
        "hotel_ordering": [],
        "photos_title": [],
        "photos_url": [],
        "updatetime": "2024-12-10 14:07:52",
        "is_textile": false,
        "category": "Food & Dining",
        "surrounding_poi_count": 35,
        "simulated_floor": 1,
        "occupied_floors": 1,
        "simulated_elevation": 0
      },
      "geometry": {
        "type": "Point",
        "coordinates": [
          113.31216519800012,
          23.08543663100005,
          0
        ]
      }
    },
    {
      "type": "Feature",
      "properties": {
        "fid": 533,
        "OBJECTID": 114546,
        "id": "B00140TAAA",
        "parent": "B00140USYK",
        "children": [],
        "name": "沙县小吃(名粤小区店)",
        "type": "餐饮服务;中餐厅;中餐厅",
        "typecode": "050100",
        "biz_type": "diner",
        "address": "江贝村东海大街南四巷一号",
        "tel": "15711771630",
        "postcode": [],
        "website": [],
        "email": [],
        "pcode": "440000",
        "pname": "广东省",
        "citycode": "020",
        "cityname": "广州市",
        "adcode": "440105",
        "plongcj02": "113.31216719357937",
        "platgcj02": "23.085444623565092",
        "adname": "海珠区",
        "entr_location": [],
        "navi_poiid": [],
        "alias": [],
        "parking_type": [],
        "tag": [],
        "indoor_map": "0",
        "cpid": [],
        "floor": [],
        "truefloor": [],
        "business_area": "赤岗",
        "rating": "3.7",
        "cost": [],
        "meal_ordering": "0",
        "seat_ordering": [],
        "ticket_ordering": [],
        "hotel_ordering": [],
        "photos_title": [],
        "photos_url": "http://store.is.autonavi.com/showpic/6955c0bed0fae573dcc1603dfaa306ae&http://store.is.autonavi.com/showpic/e8e5fe4d72a93e5f43a563b0cec109f6",
        "updatetime": "2024-11-10 17:54:29",
        "is_textile": false,
        "category": "Food & Dining",
        "surrounding_poi_count": 35,
        "simulated_floor": 2,
        "occupied_floors": 1,
        "simulated_elevation": 3.5
      },
      "geometry": {
        "type": "Point",
        "coordinates": [
          113.31216719400004,
          23.085444624000047,
          3.5
        ]
      }
    },
    {
      "type": "Feature",
      "properties": {
        "fid": 537,
        "OBJECTID": 114550,
        "id": "B0H0CX14SV",
        "parent": "B00140USYK",
        "children": [],
        "name": "潮良隆江猪脚饭(名粤小区店)",
        "type": "餐饮服务;快餐厅;快餐厅",
        "typecode": "050300",
        "biz_type": "diner",
        "address": "名粤小区北3门旁",
        "tel": [],
        "postcode": [],
        "website": [],
        "email": [],
        "pcode": "440000",
        "pname": "广东省",
        "citycode": "020",
        "cityname": "广州市",
        "adcode": "440105",
        "plongcj02": "113.3119236665932",
        "platgcj02": "23.08554802077179",
        "adname": "海珠区",
        "entr_location": [],
        "navi_poiid": [],
        "alias": [],
        "parking_type": [],
        "tag": [],
        "indoor_map": "0",
        "cpid": [],
        "floor": [],
        "truefloor": [],
        "business_area": "赤岗",
        "rating": "3.8",
        "cost": [],
        "meal_ordering": "0",
        "seat_ordering": [],
        "ticket_ordering": [],
        "hotel_ordering": [],
        "photos_title": [],
        "photos_url": [],
        "updatetime": "2024-12-04 20:14:25",
        "is_textile": false,
        "category": "Food & Dining",
        "surrounding_poi_count": 34,
        "simulated_floor": 1,
        "occupied_floors": 1,
        "simulated_elevation": 0
      },
      "geometry": {
        "type": "Point",
        "coordinates": [
          113.31192366700009,
          23.085548021000022,
          0
        ]
      }
    },
    {
      "type": "Feature",
      "properties": {
        "fid": 543,
        "OBJECTID": 114556,
        "id": "B0FFI6XZLC",
        "parent": [],
        "children": [],
        "name": "蒸味美包点(桥南新街店)",
        "type": "餐饮服务;餐饮相关场所;餐饮相关",
        "typecode": "050000",
        "biz_type": "diner",
        "address": "大塘马基大街23号",
        "tel": "13764952857;15255818311",
        "postcode": [],
        "website": [],
        "email": [],
        "pcode": "440000",
        "pname": "广东省",
        "citycode": "020",
        "cityname": "广州市",
        "adcode": "440105",
        "plongcj02": "113.3131912032991",
        "platgcj02": "23.084916984561158",
        "adname": "海珠区",
        "entr_location": "113.31323610609331,23.08503685237362",
        "navi_poiid": [],
        "alias": [],
        "parking_type": [],
        "tag": "包点",
        "indoor_map": "0",
        "cpid": [],
        "floor": [],
        "truefloor": [],
        "business_area": "赤岗",
        "rating": "3.5",
        "cost": [],
        "meal_ordering": "0",
        "seat_ordering": [],
        "ticket_ordering": [],
        "hotel_ordering": [],
        "photos_title": [],
        "photos_url": "http://store.is.autonavi.com/showpic/221f7d0637fbf511946a2810830b7b14&http://store.is.autonavi.com/showpic/f34765165849517dc037aacbee31f8f2",
        "updatetime": "2024-11-20 16:51:44",
        "is_textile": false,
        "category": "Food & Dining",
        "surrounding_poi_count": 36,
        "simulated_floor": 1,
        "occupied_floors": 1,
        "simulated_elevation": 0
      },
      "geometry": {
        "type": "Point",
        "coordinates": [
          113.31319120300009,
          23.084916985000064,
          0
        ]
      }
    },
    {
      "type": "Feature",
      "properties": {
        "fid": 550,
        "OBJECTID": 114563,
        "id": "B0HRV7WJLK",
        "parent": "B00140USYK",
        "children": [],
        "name": "旺记美食(名粤小区店)",
        "type": "餐饮服务;中餐厅;中餐厅",
        "typecode": "050100",
        "biz_type": "diner",
        "address": "凤阳街道汇源南大街1巷爱心网吧旁边的",
        "tel": [],
        "postcode": [],
        "website": [],
        "email": [],
        "pcode": "440000",
        "pname": "广东省",
        "citycode": "020",
        "cityname": "广州市",
        "adcode": "440105",
        "plongcj02": "113.31153343211547",
        "platgcj02": "23.085579711963245",
        "adname": "海珠区",
        "entr_location": "113.311616269191,23.085581561801206",
        "navi_poiid": [],
        "alias": [],
        "parking_type": [],
        "tag": [],
        "indoor_map": "0",
        "cpid": [],
        "floor": [],
        "truefloor": [],
        "business_area": "赤岗",
        "rating": "2.4",
        "cost": [],
        "meal_ordering": "0",
        "seat_ordering": [],
        "ticket_ordering": [],
        "hotel_ordering": [],
        "photos_title": [],
        "photos_url": [],
        "updatetime": "2024-09-23 16:46:01",
        "is_textile": false,
        "category": "Food & Dining",
        "surrounding_poi_count": 29,
        "simulated_floor": 2,
        "occupied_floors": 1,
        "simulated_elevation": 3.5
      },
      "geometry": {
        "type": "Point",
        "coordinates": [
          113.31153343200003,
          23.085579712000026,
          3.5
        ]
      }
    },
    {
      "type": "Feature",
      "properties": {
        "fid": 561,
        "OBJECTID": 114574,
        "id": "B0KKBXZ5WX",
        "parent": "B00140USYK",
        "children": [],
        "name": "绿色品牌城市小炒",
        "type": "餐饮服务;中餐厅;中餐厅",
        "typecode": "050100",
        "biz_type": "diner",
        "address": "名粤小区",
        "tel": [],
        "postcode": [],
        "website": [],
        "email": [],
        "pcode": "440000",
        "pname": "广东省",
        "citycode": "020",
        "cityname": "广州市",
        "adcode": "440105",
        "plongcj02": "113.31319917499003",
        "platgcj02": "23.08510189240144",
        "adname": "海珠区",
        "entr_location": "113.31323810206457,23.08503784831607",
        "navi_poiid": [],
        "alias": [],
        "parking_type": [],
        "tag": [],
        "indoor_map": "0",
        "cpid": [],
        "floor": [],
        "truefloor": [],
        "business_area": "赤岗",
        "rating": [],
        "cost": [],
        "meal_ordering": "0",
        "seat_ordering": [],
        "ticket_ordering": [],
        "hotel_ordering": [],
        "photos_title": [],
        "photos_url": [],
        "updatetime": "2024-12-19 11:32:27",
        "is_textile": false,
        "category": "Food & Dining",
        "surrounding_poi_count": 30,
        "simulated_floor": 1,
        "occupied_floors": 1,
        "simulated_elevation": 0
      },
      "geometry": {
        "type": "Point",
        "coordinates": [
          113.31319917500002,
          23.08510189200007,
          0
        ]
      }
    },
    {
      "type": "Feature",
      "properties": {
        "fid": 565,
        "OBJECTID": 114578,
        "id": "B0KKDDNQ4H",
        "parent": [],
        "children": [],
        "name": "寻觅甜心·生日蛋糕",
        "type": "餐饮服务;糕饼店;糕饼店",
        "typecode": "050800",
        "biz_type": "diner",
        "address": "乐敦路与上冲中约大街交叉口西南40米",
        "tel": [],
        "postcode": [],
        "website": [],
        "email": [],
        "pcode": "440000",
        "pname": "广东省",
        "citycode": "020",
        "cityname": "广州市",
        "adcode": "440105",
        "plongcj02": "113.31306446655209",
        "platgcj02": "23.084741289263384",
        "adname": "海珠区",
        "entr_location": [],
        "navi_poiid": [],
        "alias": [],
        "parking_type": [],
        "tag": "生日蛋糕",
        "indoor_map": "0",
        "cpid": [],
        "floor": [],
        "truefloor": [],
        "business_area": "赤岗",
        "rating": "0.2",
        "cost": [],
        "meal_ordering": "0",
        "seat_ordering": [],
        "ticket_ordering": [],
        "hotel_ordering": [],
        "photos_title": [],
        "photos_url": [],
        "updatetime": "2024-12-15 03:43:28",
        "is_textile": false,
        "category": "Food & Dining",
        "surrounding_poi_count": 44,
        "simulated_floor": 2,
        "occupied_floors": 1,
        "simulated_elevation": 3.5
      },
      "geometry": {
        "type": "Point",
        "coordinates": [
          113.31306446700012,
          23.08474128900008,
          3.5
        ]
      }
    },
    {
      "type": "Feature",
      "properties": {
        "fid": 1290,
        "OBJECTID": 307825,
        "id": "B0FFJT0NXL",
        "parent": "B00140USYK",
        "children": [],
        "name": "广东金叶(上涌经营店)",
        "type": "购物服务;专卖店;烟酒专卖店",
        "typecode": "061210",
        "biz_type": [],
        "address": "上涌村中约新街36号",
        "tel": "17324337389",
        "postcode": [],
        "website": [],
        "email": [],
        "pcode": "440000",
        "pname": "广东省",
        "citycode": "020",
        "cityname": "广州市",
        "adcode": "440105",
        "plongcj02": "113.31298358851917",
        "platgcj02": "23.085309198120793",
        "adname": "海珠区",
        "entr_location": "113.3128957588221,23.08536433482543",
        "navi_poiid": [],
        "alias": [],
        "parking_type": [],
        "tag": [],
        "indoor_map": "0",
        "cpid": [],
        "floor": [],
        "truefloor": [],
        "business_area": "赤岗",
        "rating": "4.2",
        "cost": [],
        "meal_ordering": [],
        "seat_ordering": [],
        "ticket_ordering": [],
        "hotel_ordering": [],
        "photos_title": [],
        "photos_url": "http://store.is.autonavi.com/showpic/d14793ad5342460eb31a3ae82a86a301&http://store.is.autonavi.com/showpic/c16976a1c8fe2244ce1a73e3acdecb64",
        "updatetime": "2024-11-14 01:44:28",
        "is_textile": false,
        "category": "Shopping",
        "surrounding_poi_count": 29,
        "simulated_floor": 1,
        "occupied_floors": 1,
        "simulated_elevation": 0
      },
      "geometry": {
        "type": "Point",
        "coordinates": [
          113.31298358900005,
          23.08530919800006,
          0
        ]
      }
    },
    {
      "type": "Feature",
      "properties": {
        "fid": 1291,
        "OBJECTID": 307826,
        "id": "B0FFGUXPMY",
        "parent": [],
        "children": [],
        "name": "完美专卖店(全国统一专卖康恒日用品商行)",
        "type": "体育休闲服务;运动场馆;健身中心|购物服务;个人用品/化妆品店;其它个人用品店",
        "typecode": "080111|061400",
        "biz_type": [],
        "address": "上冲中约新街36号",
        "tel": [],
        "postcode": [],
        "website": [],
        "email": [],
        "pcode": "440000",
        "pname": "广东省",
        "citycode": "020",
        "cityname": "广州市",
        "adcode": "440105",
        "plongcj02": "113.31248557043077",
        "platgcj02": "23.08536408025661",
        "adname": "海珠区",
        "entr_location": "113.31242169245017,23.08542617008549",
        "navi_poiid": [],
        "alias": [],
        "parking_type": [],
        "tag": [],
        "indoor_map": "0",
        "cpid": [],
        "floor": [],
        "truefloor": [],
        "business_area": "赤岗",
        "rating": "4.0",
        "cost": [],
        "meal_ordering": [],
        "seat_ordering": [],
        "ticket_ordering": [],
        "hotel_ordering": [],
        "photos_title": [],
        "photos_url": "http://store.is.autonavi.com/showpic/b95e7d4af36be313ac58060d704642ed&http://store.is.autonavi.com/showpic/f7974b668089c685622aab4aeecbaa3e",
        "updatetime": "2024-07-06 09:28:05",
        "is_textile": false,
        "category": "Shopping",
        "surrounding_poi_count": 27,
        "simulated_floor": 1,
        "occupied_floors": 1,
        "simulated_elevation": 0
      },
      "geometry": {
        "type": "Point",
        "coordinates": [
          113.31248557000004,
          23.085364080000033,
          0
        ]
      }
    },
    {
      "type": "Feature",
      "properties": {
        "fid": 1292,
        "OBJECTID": 307827,
        "id": "B0FFGC4SBO",
        "parent": "B00140USYK",
        "children": [],
        "name": "龙昌全自动打炮珠(上冲店)",
        "type": "购物服务;专卖店;专营店",
        "typecode": "061200",
        "biz_type": [],
        "address": "名粤小区西4门东140米",
        "tel": "13435416812;13929564428",
        "postcode": [],
        "website": [],
        "email": [],
        "pcode": "440000",
        "pname": "广东省",
        "citycode": "020",
        "cityname": "广州市",
        "adcode": "440105",
        "plongcj02": "113.31255545977297",
        "platgcj02": "23.084957124235693",
        "adname": "海珠区",
        "entr_location": [],
        "navi_poiid": "F49F012043_386849",
        "alias": [],
        "parking_type": [],
        "tag": [],
        "indoor_map": "0",
        "cpid": [],
        "floor": [],
        "truefloor": [],
        "business_area": "赤岗",
        "rating": "3.7",
        "cost": [],
        "meal_ordering": [],
        "seat_ordering": [],
        "ticket_ordering": [],
        "hotel_ordering": [],
        "photos_title": [],
        "photos_url": "http://store.is.autonavi.com/showpic/114a2d3d106db4438d3f8630fa59a91c&http://store.is.autonavi.com/showpic/0da5a72ea5bce8b3ffb74560bde45882",
        "updatetime": "2024-08-07 04:58:19",
        "is_textile": false,
        "category": "Shopping",
        "surrounding_poi_count": 46,
        "simulated_floor": 1,
        "occupied_floors": 1,
        "simulated_elevation": 0
      },
      "geometry": {
        "type": "Point",
        "coordinates": [
          113.31255546000011,
          23.084957124000027,
          0
        ]
      }
    },
    {
      "type": "Feature",
      "properties": {
        "fid": 1293,
        "OBJECTID": 307828,
        "id": "B0FFGC3N77",
        "parent": "B00140USYK",
        "children": [],
        "name": "蔚然锦和(越来越红便利店)(名粤小区店)",
        "type": "购物服务;便民商店/便利店;便民商店/便利店",
        "typecode": "060200",
        "biz_type": [],
        "address": "上冲中约新街三巷2-号",
        "tel": "4001681068",
        "postcode": [],
        "website": [],
        "email": [],
        "pcode": "440000",
        "pname": "广东省",
        "citycode": "020",
        "cityname": "广州市",
        "adcode": "440105",
        "plongcj02": "113.31267722295712",
        "platgcj02": "23.084897927948546",
        "adname": "海珠区",
        "entr_location": "113.31262932148846,23.084842038431862",
        "navi_poiid": "F49F011043_285299",
        "alias": [],
        "parking_type": [],
        "tag": [],
        "indoor_map": "0",
        "cpid": [],
        "floor": [],
        "truefloor": [],
        "business_area": "赤岗",
        "rating": "4.0",
        "cost": [],
        "meal_ordering": [],
        "seat_ordering": [],
        "ticket_ordering": [],
        "hotel_ordering": [],
        "photos_title": [],
        "photos_url": "http://store.is.autonavi.com/showpic/cb308d39f73821daba2fdc13826dba9c&http://store.is.autonavi.com/showpic/f9d9d882e387aef8691a1e2872129460",
        "updatetime": "2024-12-19 12:22:48",
        "is_textile": false,
        "category": "Shopping",
        "surrounding_poi_count": 41,
        "simulated_floor": 1,
        "occupied_floors": 1,
        "simulated_elevation": 0
      },
      "geometry": {
        "type": "Point",
        "coordinates": [
          113.31267722300004,
          23.084897928000032,
          0
        ]
      }
    },
    {
      "type": "Feature",
      "properties": {
        "fid": 1294,
        "OBJECTID": 307829,
        "id": "B0K6RSE0Q5",
        "parent": [],
        "children": [],
        "name": "海辉水泥沙批发",
        "type": "购物服务;家居建材市场;建材五金市场",
        "typecode": "060603",
        "biz_type": [],
        "address": "上冲中约大街51号",
        "tel": "17576083329",
        "postcode": [],
        "website": [],
        "email": [],
        "pcode": "440000",
        "pname": "广东省",
        "citycode": "020",
        "cityname": "广州市",
        "adcode": "440105",
        "plongcj02": "113.31228700006294",
        "platgcj02": "23.08480967308075",
        "adname": "海珠区",
        "entr_location": "113.31230995138387,23.084859610517846",
        "navi_poiid": [],
        "alias": [],
        "parking_type": [],
        "tag": [],
        "indoor_map": "0",
        "cpid": [],
        "floor": [],
        "truefloor": [],
        "business_area": "赤岗",
        "rating": "4.3",
        "cost": [],
        "meal_ordering": [],
        "seat_ordering": [],
        "ticket_ordering": [],
        "hotel_ordering": [],
        "photos_title": [],
        "photos_url": "https://aos-comment.amap.com/B0K6RSE0Q5/comment/ea9e41b23dc8e2ad611e471bbb7446ad_2048_2048_80.jpg&https://aos-comment.amap.com/B0K6RSE0Q5/comment/79079271fb8a7221a344365fc0ba59b8_2048_2048_80.jpg",
        "updatetime": "2024-10-17 18:26:00",
        "is_textile": false,
        "category": "Shopping",
        "surrounding_poi_count": 32,
        "simulated_floor": 1,
        "occupied_floors": 1,
        "simulated_elevation": 0
      },
      "geometry": {
        "type": "Point",
        "coordinates": [
          113.312287,
          23.084809673000052,
          0
        ]
      }
    },
    {
      "type": "Feature",
      "properties": {
        "fid": 1295,
        "OBJECTID": 307830,
        "id": "B0G0GGICL5",
        "parent": "B00140USYK",
        "children": [],
        "name": "顺发服装辅料行(名粤小区店)",
        "type": "购物服务;专卖店;专营店",
        "typecode": "061200",
        "biz_type": [],
        "address": "南洲街道上冲中约新街三巷十八号一楼",
        "tel": "020-34004623;020-89802408",
        "postcode": [],
        "website": [],
        "email": [],
        "pcode": "440000",
        "pname": "广东省",
        "citycode": "020",
        "cityname": "广州市",
        "adcode": "440105",
        "plongcj02": "113.31246564309096",
        "platgcj02": "23.084871323266537",
        "adname": "海珠区",
        "entr_location": "113.31236284836477,23.084838523480325",
        "navi_poiid": [],
        "alias": [],
        "parking_type": [],
        "tag": [],
        "indoor_map": "0",
        "cpid": [],
        "floor": [],
        "truefloor": [],
        "business_area": "赤岗",
        "rating": "4.1",
        "cost": [],
        "meal_ordering": [],
        "seat_ordering": [],
        "ticket_ordering": [],
        "hotel_ordering": [],
        "photos_title": [],
        "photos_url": [],
        "updatetime": "2024-11-18 14:19:11",
        "is_textile": true,
        "category": "Shopping",
        "surrounding_poi_count": 37,
        "simulated_floor": 1,
        "occupied_floors": 1,
        "simulated_elevation": 0
      },
      "geometry": {
        "type": "Point",
        "coordinates": [
          113.31246564300011,
          23.084871323000073,
          0
        ]
      }
    },
    {
      "type": "Feature",
      "properties": {
        "fid": 1296,
        "OBJECTID": 307831,
        "id": "B0I1R4VWO2",
        "parent": "B00140USYK",
        "children": [],
        "name": "鸿兴纸业(名粤小区店)",
        "type": "购物服务;专卖店;专营店",
        "typecode": "061200",
        "biz_type": [],
        "address": "名粤小区西4门东150米",
        "tel": "020-89805802",
        "postcode": [],
        "website": [],
        "email": [],
        "pcode": "440000",
        "pname": "广东省",
        "citycode": "020",
        "cityname": "广州市",
        "adcode": "440105",
        "plongcj02": "113.31258640419712",
        "platgcj02": "23.084874102909055",
        "adname": "海珠区",
        "entr_location": "113.31251455110028,23.084802263512227",
        "navi_poiid": [],
        "alias": [],
        "parking_type": [],
        "tag": [],
        "indoor_map": "0",
        "cpid": [],
        "floor": [],
        "truefloor": [],
        "business_area": "赤岗",
        "rating": "3.7",
        "cost": [],
        "meal_ordering": [],
        "seat_ordering": [],
        "ticket_ordering": [],
        "hotel_ordering": [],
        "photos_title": [],
        "photos_url": "http://store.is.autonavi.com/showpic/851fe61ff790e77cb26596903a89d9cd&http://store.is.autonavi.com/showpic/33008ab2bba2040c5885f348fd5c40b5",
        "updatetime": "2024-12-22 04:56:58",
        "is_textile": false,
        "category": "Shopping",
        "surrounding_poi_count": 39,
        "simulated_floor": 1,
        "occupied_floors": 1,
        "simulated_elevation": 0
      },
      "geometry": {
        "type": "Point",
        "coordinates": [
          113.31258640400006,
          23.08487410300006,
          0
        ]
      }
    },
    {
      "type": "Feature",
      "properties": {
        "fid": 1297,
        "OBJECTID": 307832,
        "id": "B0J0AS4ZDZ",
        "parent": "B00140USYK",
        "children": [],
        "name": "创亿拉链辅料行(名粤小区店)",
        "type": "购物服务;专卖店;专营店",
        "typecode": "061200",
        "biz_type": [],
        "address": "名粤小区西4门东140米",
        "tel": [],
        "postcode": [],
        "website": [],
        "email": [],
        "pcode": "440000",
        "pname": "广东省",
        "citycode": "020",
        "cityname": "广州市",
        "adcode": "440105",
        "plongcj02": "113.31254149339075",
        "platgcj02": "23.084868186929782",
        "adname": "海珠区",
        "entr_location": [],
        "navi_poiid": [],
        "alias": [],
        "parking_type": [],
        "tag": [],
        "indoor_map": "0",
        "cpid": [],
        "floor": [],
        "truefloor": [],
        "business_area": "赤岗",
        "rating": "4.1",
        "cost": [],
        "meal_ordering": [],
        "seat_ordering": [],
        "ticket_ordering": [],
        "hotel_ordering": [],
        "photos_title": [],
        "photos_url": [],
        "updatetime": "2024-08-06 13:33:09",
        "is_textile": false,
        "category": "Shopping",
        "surrounding_poi_count": 37,
        "simulated_floor": 1,
        "occupied_floors": 1,
        "simulated_elevation": 0
      },
      "geometry": {
        "type": "Point",
        "coordinates": [
          113.31254149300003,
          23.08486818700004,
          0
        ]
      }
    },
    {
      "type": "Feature",
      "properties": {
        "fid": 1298,
        "OBJECTID": 307833,
        "id": "B0JRFXZMT9",
        "parent": "B00140USYK",
        "children": [],
        "name": "印花门市部(名粤小区店)",
        "type": "购物服务;购物相关场所;购物相关场所",
        "typecode": "060000",
        "biz_type": [],
        "address": "名粤小区北2门东南60米",
        "tel": [],
        "postcode": [],
        "website": [],
        "email": [],
        "pcode": "440000",
        "pname": "广东省",
        "citycode": "020",
        "cityname": "广州市",
        "adcode": "440105",
        "plongcj02": "113.31280995588159",
        "platgcj02": "23.084962659508143",
        "adname": "海珠区",
        "entr_location": "113.31253550927042,23.08480822296955",
        "navi_poiid": [],
        "alias": [],
        "parking_type": [],
        "tag": [],
        "indoor_map": "0",
        "cpid": [],
        "floor": [],
        "truefloor": [],
        "business_area": "新港",
        "rating": "3.4",
        "cost": [],
        "meal_ordering": [],
        "seat_ordering": [],
        "ticket_ordering": [],
        "hotel_ordering": [],
        "photos_title": [],
        "photos_url": [],
        "updatetime": "2024-09-25 11:09:58",
        "is_textile": true,
        "category": "Shopping",
        "surrounding_poi_count": 53,
        "simulated_floor": 1,
        "occupied_floors": 1,
        "simulated_elevation": 0
      },
      "geometry": {
        "type": "Point",
        "coordinates": [
          113.31280995600002,
          23.08496266000003,
          0
        ]
      }
    },
    {
      "type": "Feature",
      "properties": {
        "fid": 1299,
        "OBJECTID": 307834,
        "id": "B0HASLAIHG",
        "parent": "B00140USYK",
        "children": [],
        "name": "芙蓉兴盛便利超市(名粤小区店)",
        "type": "购物服务;便民商店/便利店;便民商店/便利店",
        "typecode": "060200",
        "biz_type": [],
        "address": "赤岗街道上冲中约大街36号芙蓉兴盛",
        "tel": "13532702205",
        "postcode": [],
        "website": [],
        "email": [],
        "pcode": "440000",
        "pname": "广东省",
        "citycode": "020",
        "cityname": "广州市",
        "adcode": "440105",
        "plongcj02": "113.31229594264802",
        "platgcj02": "23.08539840972889",
        "adname": "海珠区",
        "entr_location": "113.31230791550362,23.08545036622396",
        "navi_poiid": "F49F011043_1014602;386804",
        "alias": [],
        "parking_type": [],
        "tag": [],
        "indoor_map": "0",
        "cpid": [],
        "floor": [],
        "truefloor": [],
        "business_area": "新港",
        "rating": "4.1",
        "cost": [],
        "meal_ordering": [],
        "seat_ordering": [],
        "ticket_ordering": [],
        "hotel_ordering": [],
        "photos_title": [],
        "photos_url": "http://store.is.autonavi.com/showpic/986775c168636df26eae990578a6d942&http://store.is.autonavi.com/showpic/baa3111214ebfdbd74940e84a7f1fdd3",
        "updatetime": "2024-11-09 19:16:38",
        "is_textile": false,
        "category": "Shopping",
        "surrounding_poi_count": 35,
        "simulated_floor": 1,
        "occupied_floors": 1,
        "simulated_elevation": 0
      },
      "geometry": {
        "type": "Point",
        "coordinates": [
          113.3122959430001,
          23.08539841000004,
          0
        ]
      }
    },
    {
      "type": "Feature",
      "properties": {
        "fid": 1300,
        "OBJECTID": 307835,
        "id": "B0FFGC4QYH",
        "parent": "B00140USYK",
        "children": [],
        "name": "依斯卡(名粤小区店)",
        "type": "购物服务;个人用品/化妆品店;其它个人用品店",
        "typecode": "061400",
        "biz_type": [],
        "address": "上冲中约新街36号",
        "tel": "18988968344",
        "postcode": [],
        "website": [],
        "email": [],
        "pcode": "440000",
        "pname": "广东省",
        "citycode": "020",
        "cityname": "广州市",
        "adcode": "440105",
        "plongcj02": "113.31315525651745",
        "platgcj02": "23.085184937591404",
        "adname": "海珠区",
        "entr_location": [],
        "navi_poiid": "F49F011043_386845",
        "alias": [],
        "parking_type": [],
        "tag": [],
        "indoor_map": "0",
        "cpid": [],
        "floor": [],
        "truefloor": [],
        "business_area": "赤岗",
        "rating": "4.3",
        "cost": [],
        "meal_ordering": [],
        "seat_ordering": [],
        "ticket_ordering": [],
        "hotel_ordering": [],
        "photos_title": [],
        "photos_url": "http://store.is.autonavi.com/showpic/80552ac1789301237304c83bcee52fcf&http://store.is.autonavi.com/showpic/fa8064016935328bf00653cd77833a2f",
        "updatetime": "2024-11-27 06:32:24",
        "is_textile": false,
        "category": "Shopping",
        "surrounding_poi_count": 30,
        "simulated_floor": 1,
        "occupied_floors": 1,
        "simulated_elevation": 0
      },
      "geometry": {
        "type": "Point",
        "coordinates": [
          113.31315525700006,
          23.085184938000054,
          0
        ]
      }
    },
    {
      "type": "Feature",
      "properties": {
        "fid": 1301,
        "OBJECTID": 307836,
        "id": "B0FFHBXS06",
        "parent": [],
        "children": [],
        "name": "鸿盛家具店",
        "type": "购物服务;家居建材市场;家具城",
        "typecode": "060602",
        "biz_type": [],
        "address": "南洲街道上冲中约大街49号",
        "tel": [],
        "postcode": [],
        "website": [],
        "email": [],
        "pcode": "440000",
        "pname": "广东省",
        "citycode": "020",
        "cityname": "广州市",
        "adcode": "440105",
        "plongcj02": "113.31256744970716",
        "platgcj02": "23.08475518725474",
        "adname": "海珠区",
        "entr_location": [],
        "navi_poiid": [],
        "alias": [],
        "parking_type": [],
        "tag": [],
        "indoor_map": "0",
        "cpid": [],
        "floor": [],
        "truefloor": [],
        "business_area": "赤岗",
        "rating": "3.9",
        "cost": [],
        "meal_ordering": [],
        "seat_ordering": [],
        "ticket_ordering": [],
        "hotel_ordering": [],
        "photos_title": [],
        "photos_url": "http://store.is.autonavi.com/showpic/a86538536277d9f8ca5a4c7515c00e53&http://store.is.autonavi.com/showpic/6eb9f68db9261e33fc95269fcc9db605",
        "updatetime": "2024-08-05 12:59:38",
        "is_textile": false,
        "category": "Shopping",
        "surrounding_poi_count": 36,
        "simulated_floor": 1,
        "occupied_floors": 1,
        "simulated_elevation": 0
      },
      "geometry": {
        "type": "Point",
        "coordinates": [
          113.31256745000007,
          23.08475518700004,
          0
        ]
      }
    },
    {
      "type": "Feature",
      "properties": {
        "fid": 1302,
        "OBJECTID": 307837,
        "id": "B0FFH6SI4O",
        "parent": [],
        "children": [],
        "name": "海天城生活超市(牌坊店)",
        "type": "购物服务;便民商店/便利店;便民商店/便利店",
        "typecode": "060200",
        "biz_type": [],
        "address": "上冲中约大街43号",
        "tel": [],
        "postcode": [],
        "website": [],
        "email": [],
        "pcode": "440000",
        "pname": "广东省",
        "citycode": "020",
        "cityname": "广州市",
        "adcode": "440105",
        "plongcj02": "113.31314328647392",
        "platgcj02": "23.085092997999805",
        "adname": "海珠区",
        "entr_location": "113.31323810206457,23.08503784831607",
        "navi_poiid": [],
        "alias": [],
        "parking_type": [],
        "tag": [],
        "indoor_map": "0",
        "cpid": [],
        "floor": [],
        "truefloor": [],
        "business_area": "赤岗",
        "rating": "4.3",
        "cost": [],
        "meal_ordering": [],
        "seat_ordering": [],
        "ticket_ordering": [],
        "hotel_ordering": [],
        "photos_title": [],
        "photos_url": [],
        "updatetime": "2024-12-19 11:01:21",
        "is_textile": false,
        "category": "Shopping",
        "surrounding_poi_count": 33,
        "simulated_floor": 1,
        "occupied_floors": 1,
        "simulated_elevation": 0
      },
      "geometry": {
        "type": "Point",
        "coordinates": [
          113.31314328600001,
          23.08509299800005,
          0
        ]
      }
    },
    {
      "type": "Feature",
      "properties": {
        "fid": 1303,
        "OBJECTID": 307838,
        "id": "B0FFF58DDV",
        "parent": "B00140USYK",
        "children": [],
        "name": "新滘嘉用日用百货店",
        "type": "购物服务;便民商店/便利店;便民商店/便利店",
        "typecode": "060200",
        "biz_type": [],
        "address": "名粤小区西4门东220米",
        "tel": [],
        "postcode": [],
        "website": [],
        "email": [],
        "pcode": "440000",
        "pname": "广东省",
        "citycode": "020",
        "cityname": "广州市",
        "adcode": "440105",
        "plongcj02": "113.31320415268856",
        "platgcj02": "23.085285806127082",
        "adname": "海珠区",
        "entr_location": [],
        "navi_poiid": "F49F011043_767161",
        "alias": [],
        "parking_type": [],
        "tag": [],
        "indoor_map": "0",
        "cpid": [],
        "floor": [],
        "truefloor": [],
        "business_area": "新港",
        "rating": "3.7",
        "cost": [],
        "meal_ordering": [],
        "seat_ordering": [],
        "ticket_ordering": [],
        "hotel_ordering": [],
        "photos_title": [],
        "photos_url": "http://store.is.autonavi.com/showpic/207172cb7c1557d080476022de5e06b6&http://store.is.autonavi.com/showpic/20802b4d3b6c1d4dcb3e7d723cd9a363",
        "updatetime": "2024-12-05 05:31:44",
        "is_textile": false,
        "category": "Shopping",
        "surrounding_poi_count": 23,
        "simulated_floor": 1,
        "occupied_floors": 1,
        "simulated_elevation": 0
      },
      "geometry": {
        "type": "Point",
        "coordinates": [
          113.31320415300002,
          23.08528580600006,
          0
        ]
      }
    },
    {
      "type": "Feature",
      "properties": {
        "fid": 1304,
        "OBJECTID": 307839,
        "id": "B0FFH5SJVG",
        "parent": [],
        "children": [],
        "name": "宏星里布",
        "type": "购物服务;家居建材市场;布艺市场",
        "typecode": "060605",
        "biz_type": [],
        "address": "上冲村中约大街47号",
        "tel": "15302472249",
        "postcode": [],
        "website": [],
        "email": [],
        "pcode": "440000",
        "pname": "广东省",
        "citycode": "020",
        "cityname": "广州市",
        "adcode": "440105",
        "plongcj02": "113.31246265843993",
        "platgcj02": "23.08473138743856",
        "adname": "海珠区",
        "entr_location": [],
        "navi_poiid": "F49F011043_768844",
        "alias": [],
        "parking_type": [],
        "tag": [],
        "indoor_map": "0",
        "cpid": [],
        "floor": [],
        "truefloor": [],
        "business_area": "赤岗",
        "rating": "3.5",
        "cost": [],
        "meal_ordering": [],
        "seat_ordering": [],
        "ticket_ordering": [],
        "hotel_ordering": [],
        "photos_title": [],
        "photos_url": [],
        "updatetime": "2024-11-16 17:20:45",
        "is_textile": true,
        "category": "Shopping",
        "surrounding_poi_count": 39,
        "simulated_floor": 1,
        "occupied_floors": 1,
        "simulated_elevation": 0
      },
      "geometry": {
        "type": "Point",
        "coordinates": [
          113.31246265800007,
          23.084731387000033,
          0
        ]
      }
    },
    {
      "type": "Feature",
      "properties": {
        "fid": 1305,
        "OBJECTID": 307840,
        "id": "B0FFFPZH7H",
        "parent": [],
        "children": [],
        "name": "喜歌纸样(上冲店)",
        "type": "购物服务;购物相关场所;购物相关场所|生活服务;生活服务场所;生活服务场所",
        "typecode": "060000|070000",
        "biz_type": [],
        "address": "上冲中约新街三巷16号一楼",
        "tel": "18520329102;18664602178",
        "postcode": [],
        "website": [],
        "email": [],
        "pcode": "440000",
        "pname": "广东省",
        "citycode": "020",
        "cityname": "广州市",
        "adcode": "440105",
        "plongcj02": "113.31211233376335",
        "platgcj02": "23.084970921723176",
        "adname": "海珠区",
        "entr_location": [],
        "navi_poiid": "F49F011043_386854",
        "alias": [],
        "parking_type": [],
        "tag": [],
        "indoor_map": "0",
        "cpid": [],
        "floor": [],
        "truefloor": [],
        "business_area": "赤岗",
        "rating": "4.0",
        "cost": [],
        "meal_ordering": [],
        "seat_ordering": [],
        "ticket_ordering": [],
        "hotel_ordering": [],
        "photos_title": [],
        "photos_url": "http://store.is.autonavi.com/showpic/244a816d4b6301a8d5a9e8ab211416e2&http://store.is.autonavi.com/showpic/ce8c712180c99954995879829abb6f25",
        "updatetime": "2024-08-14 12:07:21",
        "is_textile": false,
        "category": "Shopping",
        "surrounding_poi_count": 30,
        "simulated_floor": 1,
        "occupied_floors": 1,
        "simulated_elevation": 0
      },
      "geometry": {
        "type": "Point",
        "coordinates": [
          113.31211233400006,
          23.084970922000025,
          0
        ]
      }
    },
    {
      "type": "Feature",
      "properties": {
        "fid": 1306,
        "OBJECTID": 307841,
        "id": "B0FFFQ6K7D",
        "parent": [],
        "children": [],
        "name": "万佳拉链商标",
        "type": "购物服务;专卖店;专营店",
        "typecode": "061200",
        "biz_type": [],
        "address": "上冲中约新街三巷14号103",
        "tel": "15622773138;15975327118",
        "postcode": [],
        "website": [],
        "email": [],
        "pcode": "440000",
        "pname": "广东省",
        "citycode": "020",
        "cityname": "广州市",
        "adcode": "440105",
        "plongcj02": "113.31205844182703",
        "platgcj02": "23.084944030543117",
        "adname": "海珠区",
        "entr_location": [],
        "navi_poiid": "F49F011043_386856",
        "alias": [],
        "parking_type": [],
        "tag": [],
        "indoor_map": "0",
        "cpid": [],
        "floor": [],
        "truefloor": [],
        "business_area": "赤岗",
        "rating": "3.6",
        "cost": [],
        "meal_ordering": [],
        "seat_ordering": [],
        "ticket_ordering": [],
        "hotel_ordering": [],
        "photos_title": [],
        "photos_url": [],
        "updatetime": "2024-07-25 19:58:33",
        "is_textile": false,
        "category": "Shopping",
        "surrounding_poi_count": 27,
        "simulated_floor": 1,
        "occupied_floors": 1,
        "simulated_elevation": 0
      },
      "geometry": {
        "type": "Point",
        "coordinates": [
          113.31205844200008,
          23.084944031000077,
          0
        ]
      }
    },
    {
      "type": "Feature",
      "properties": {
        "fid": 1307,
        "OBJECTID": 307842,
        "id": "B0FFF3UXPX",
        "parent": [],
        "children": [],
        "name": "快乐惠(天源便利店)",
        "type": "购物服务;便民商店/便利店;便民商店/便利店",
        "typecode": "060200",
        "biz_type": [],
        "address": "南约大街二十一巷3号对面",
        "tel": [],
        "postcode": [],
        "website": [],
        "email": [],
        "pcode": "440000",
        "pname": "广东省",
        "citycode": "020",
        "cityname": "广州市",
        "adcode": "440105",
        "plongcj02": "113.31268223154784",
        "platgcj02": "23.084624033855746",
        "adname": "海珠区",
        "entr_location": "113.3125135530728,23.084802265322818",
        "navi_poiid": "F49F011043_306538;768249",
        "alias": [],
        "parking_type": [],
        "tag": [],
        "indoor_map": "0",
        "cpid": [],
        "floor": [],
        "truefloor": [],
        "business_area": "赤岗",
        "rating": "3.6",
        "cost": [],
        "meal_ordering": [],
        "seat_ordering": [],
        "ticket_ordering": [],
        "hotel_ordering": [],
        "photos_title": [],
        "photos_url": "http://store.is.autonavi.com/showpic/16a0a9561dd82358ae9efae14e22bf73&http://store.is.autonavi.com/showpic/d4ff539c59f29dc7b80300f1c9c8af81",
        "updatetime": "2024-10-02 16:25:31",
        "is_textile": false,
        "category": "Shopping",
        "surrounding_poi_count": 52,
        "simulated_floor": 1,
        "occupied_floors": 1,
        "simulated_elevation": 0
      },
      "geometry": {
        "type": "Point",
        "coordinates": [
          113.31268223200004,
          23.084624034000058,
          0
        ]
      }
    },
    {
      "type": "Feature",
      "properties": {
        "fid": 1310,
        "OBJECTID": 307845,
        "id": "B0J065NTD7",
        "parent": [],
        "children": [],
        "name": "中国珠宝(乐敦路店)",
        "type": "购物服务;专卖店;珠宝首饰工艺品",
        "typecode": "061202",
        "biz_type": [],
        "address": "乐敦路与上冲中约大街交叉口南20米",
        "tel": [],
        "postcode": [],
        "website": [],
        "email": [],
        "pcode": "440000",
        "pname": "广东省",
        "citycode": "020",
        "cityname": "广州市",
        "adcode": "440105",
        "plongcj02": "113.31320318304057",
        "platgcj02": "23.084864984555413",
        "adname": "海珠区",
        "entr_location": "113.31323811385806,23.084862921735475",
        "navi_poiid": [],
        "alias": [],
        "parking_type": [],
        "tag": [],
        "indoor_map": "0",
        "cpid": [],
        "floor": [],
        "truefloor": [],
        "business_area": "赤岗",
        "rating": "3.4",
        "cost": [],
        "meal_ordering": [],
        "seat_ordering": [],
        "ticket_ordering": [],
        "hotel_ordering": [],
        "photos_title": [],
        "photos_url": [],
        "updatetime": "2024-12-22 04:29:00",
        "is_textile": false,
        "category": "Shopping",
        "surrounding_poi_count": 35,
        "simulated_floor": 1,
        "occupied_floors": 1,
        "simulated_elevation": 0
      },
      "geometry": {
        "type": "Point",
        "coordinates": [
          113.31320318300004,
          23.084864985000024,
          0
        ]
      }
    },
    {
      "type": "Feature",
      "properties": {
        "fid": 1313,
        "OBJECTID": 307848,
        "id": "B0H1GZU3E5",
        "parent": [],
        "children": [],
        "name": "德兴布行",
        "type": "购物服务;家居建材市场;布艺市场",
        "typecode": "060605",
        "biz_type": [],
        "address": "上冲中约大街34号",
        "tel": "17343556988",
        "postcode": [],
        "website": [],
        "email": [],
        "pcode": "440000",
        "pname": "广东省",
        "citycode": "020",
        "cityname": "广州市",
        "adcode": "440105",
        "plongcj02": "113.31316626856916",
        "platgcj02": "23.084683128203142",
        "adname": "海珠区",
        "entr_location": "113.31322415506473,23.084663031120332",
        "navi_poiid": [],
        "alias": [],
        "parking_type": [],
        "tag": [],
        "indoor_map": "0",
        "cpid": [],
        "floor": [],
        "truefloor": [],
        "business_area": "赤岗",
        "rating": "4.2",
        "cost": [],
        "meal_ordering": [],
        "seat_ordering": [],
        "ticket_ordering": [],
        "hotel_ordering": [],
        "photos_title": [],
        "photos_url": "http://store.is.autonavi.com/showpic/26120fd0cee57c57d22d8d8986537751&http://store.is.autonavi.com/showpic/05562ab44ff91c972585c7d6616fbed8",
        "updatetime": "2024-11-27 13:52:31",
        "is_textile": true,
        "category": "Shopping",
        "surrounding_poi_count": 40,
        "simulated_floor": 1,
        "occupied_floors": 1,
        "simulated_elevation": 0
      },
      "geometry": {
        "type": "Point",
        "coordinates": [
          113.31316626900002,
          23.08468312800005,
          0
        ]
      }
    },
    {
      "type": "Feature",
      "properties": {
        "fid": 1314,
        "OBJECTID": 307849,
        "id": "B0IUPAD8L5",
        "parent": [],
        "children": [],
        "name": "零食有鸣(海珠上涌店)",
        "type": "购物服务;专卖店;专营店",
        "typecode": "061200",
        "biz_type": [],
        "address": "上冲中约大街33号",
        "tel": "18506706579",
        "postcode": [],
        "website": [],
        "email": [],
        "pcode": "440000",
        "pname": "广东省",
        "citycode": "020",
        "cityname": "广州市",
        "adcode": "440105",
        "plongcj02": "113.31311338561787",
        "platgcj02": "23.084503300089274",
        "adname": "海珠区",
        "entr_location": "113.31321417877813,23.084605073647463",
        "navi_poiid": [],
        "alias": [],
        "parking_type": [],
        "tag": [],
        "indoor_map": "0",
        "cpid": [],
        "floor": [],
        "truefloor": [],
        "business_area": "赤岗",
        "rating": "4.3",
        "cost": [],
        "meal_ordering": [],
        "seat_ordering": [],
        "ticket_ordering": [],
        "hotel_ordering": [],
        "photos_title": [],
        "photos_url": "http://store.is.autonavi.com/showpic/1b5409898764ac7a4d56cbfaebdfaa13&https://aos-comment.amap.com/B0IUPAD8L5/comment/6d748b1020cfcfd4043a3dedf3af6c90_2048_2048_80.jpg",
        "updatetime": "2024-12-22 23:19:39",
        "is_textile": false,
        "category": "Shopping",
        "surrounding_poi_count": 34,
        "simulated_floor": 1,
        "occupied_floors": 1,
        "simulated_elevation": 0
      },
      "geometry": {
        "type": "Point",
        "coordinates": [
          113.31311338600005,
          23.08450330000005,
          0
        ]
      }
    },
    {
      "type": "Feature",
      "properties": {
        "fid": 1315,
        "OBJECTID": 307850,
        "id": "B0FFFQZ4J6",
        "parent": [],
        "children": [],
        "name": "华强商标胶袋厂(名粤小区店)",
        "type": "购物服务;专卖店;专营店",
        "typecode": "061200",
        "biz_type": [],
        "address": "上冲中约大街55号",
        "tel": "020-34005973;13802548236",
        "postcode": [],
        "website": [],
        "email": [],
        "pcode": "440000",
        "pname": "广东省",
        "citycode": "020",
        "cityname": "广州市",
        "adcode": "440105",
        "plongcj02": "113.31192671344918",
        "platgcj02": "23.08476534381055",
        "adname": "海珠区",
        "entr_location": "113.31190275442172,23.08485734848853",
        "navi_poiid": "F49F011043_386878",
        "alias": [],
        "parking_type": [],
        "tag": [],
        "indoor_map": "0",
        "cpid": [],
        "floor": [],
        "truefloor": [],
        "business_area": "赤岗",
        "rating": "4.2",
        "cost": [],
        "meal_ordering": [],
        "seat_ordering": [],
        "ticket_ordering": [],
        "hotel_ordering": [],
        "photos_title": [],
        "photos_url": "http://store.is.autonavi.com/showpic/8c088f194c243e554c33737d6c2f0284&http://store.is.autonavi.com/showpic/5686968901710387a28f294c2512b8b4",
        "updatetime": "2024-11-27 01:04:50",
        "is_textile": false,
        "category": "Factory/Industrial",
        "surrounding_poi_count": 28,
        "simulated_floor": 1,
        "occupied_floors": 1,
        "simulated_elevation": 0
      },
      "geometry": {
        "type": "Point",
        "coordinates": [
          113.31192671300005,
          23.08476534400006,
          0
        ]
      }
    },
    {
      "type": "Feature",
      "properties": {
        "fid": 1316,
        "OBJECTID": 307851,
        "id": "B0H61ANPBI",
        "parent": [],
        "children": [],
        "name": "顺意布行",
        "type": "购物服务;家居建材市场;布艺市场",
        "typecode": "060605",
        "biz_type": [],
        "address": "乐敦路上涌村",
        "tel": "13533066676;15889955856",
        "postcode": [],
        "website": [],
        "email": [],
        "pcode": "440000",
        "pname": "广东省",
        "citycode": "020",
        "cityname": "广州市",
        "adcode": "440105",
        "plongcj02": "113.31303852884561",
        "platgcj02": "23.084580404062915",
        "adname": "海珠区",
        "entr_location": "113.31305849203684,23.084539384931876",
        "navi_poiid": [],
        "alias": [],
        "parking_type": [],
        "tag": [],
        "indoor_map": "0",
        "cpid": [],
        "floor": [],
        "truefloor": [],
        "business_area": "赤岗",
        "rating": "3.9",
        "cost": [],
        "meal_ordering": [],
        "seat_ordering": [],
        "ticket_ordering": [],
        "hotel_ordering": [],
        "photos_title": [],
        "photos_url": [],
        "updatetime": "2024-07-14 08:44:50",
        "is_textile": true,
        "category": "Shopping",
        "surrounding_poi_count": 48,
        "simulated_floor": 1,
        "occupied_floors": 1,
        "simulated_elevation": 0
      },
      "geometry": {
        "type": "Point",
        "coordinates": [
          113.3130385290001,
          23.084580404000064,
          0
        ]
      }
    },
    {
      "type": "Feature",
      "properties": {
        "fid": 1318,
        "OBJECTID": 307853,
        "id": "B0JAXA69VB",
        "parent": "B00140USYK",
        "children": [],
        "name": "百米逸购超市(敦丰路店)",
        "type": "购物服务;便民商店/便利店;便民商店/便利店",
        "typecode": "060200",
        "biz_type": [],
        "address": "敦丰路9号",
        "tel": [],
        "postcode": [],
        "website": [],
        "email": [],
        "pcode": "440000",
        "pname": "广东省",
        "citycode": "020",
        "cityname": "广州市",
        "adcode": "440105",
        "plongcj02": "113.31172206345886",
        "platgcj02": "23.08554738523127",
        "adname": "海珠区",
        "entr_location": "113.31161526515697,23.085670526280573",
        "navi_poiid": [],
        "alias": [],
        "parking_type": [],
        "tag": [],
        "indoor_map": "0",
        "cpid": [],
        "floor": [],
        "truefloor": [],
        "business_area": "赤岗",
        "rating": "4.2",
        "cost": [],
        "meal_ordering": [],
        "seat_ordering": [],
        "ticket_ordering": [],
        "hotel_ordering": [],
        "photos_title": [],
        "photos_url": "http://store.is.autonavi.com/showpic/9b27834de4a91f01534151ed27f3304b&http://store.is.autonavi.com/showpic/ebbaf053948eebadf5574d46e9fabea8",
        "updatetime": "2024-12-16 15:01:51",
        "is_textile": false,
        "category": "Shopping",
        "surrounding_poi_count": 33,
        "simulated_floor": 1,
        "occupied_floors": 1,
        "simulated_elevation": 0
      },
      "geometry": {
        "type": "Point",
        "coordinates": [
          113.31172206300005,
          23.08554738500004,
          0
        ]
      }
    },
    {
      "type": "Feature",
      "properties": {
        "fid": 1319,
        "OBJECTID": 307854,
        "id": "B0I235YE3H",
        "parent": [],
        "children": [],
        "name": "微利百货(上涌店)",
        "type": "购物服务;便民商店/便利店;便民商店/便利店",
        "typecode": "060200",
        "biz_type": [],
        "address": "上冲中约大街后街一号",
        "tel": [],
        "postcode": [],
        "website": [],
        "email": [],
        "pcode": "440000",
        "pname": "广东省",
        "citycode": "020",
        "cityname": "广州市",
        "adcode": "440105",
        "plongcj02": "113.31267327054269",
        "platgcj02": "23.084309182370827",
        "adname": "海珠区",
        "entr_location": [],
        "navi_poiid": [],
        "alias": [],
        "parking_type": [],
        "tag": [],
        "indoor_map": "0",
        "cpid": [],
        "floor": [],
        "truefloor": [],
        "business_area": "赤岗",
        "rating": "4.3",
        "cost": [],
        "meal_ordering": [],
        "seat_ordering": [],
        "ticket_ordering": [],
        "hotel_ordering": [],
        "photos_title": [],
        "photos_url": "http://store.is.autonavi.com/showpic/fe9dbe106dfda575efafb8eb54af08fa&http://store.is.autonavi.com/showpic/dc0deb3d9bec3dc453a092077210a819",
        "updatetime": "2024-09-19 23:10:19",
        "is_textile": false,
        "category": "Shopping",
        "surrounding_poi_count": 32,
        "simulated_floor": 1,
        "occupied_floors": 1,
        "simulated_elevation": 0
      },
      "geometry": {
        "type": "Point",
        "coordinates": [
          113.31267327100011,
          23.084309182000027,
          0
        ]
      }
    },
    {
      "type": "Feature",
      "properties": {
        "fid": 1321,
        "OBJECTID": 307856,
        "id": "B0IROAXI74",
        "parent": [],
        "children": [],
        "name": "水果状元特卖场(上冲村分店)",
        "type": "购物服务;综合市场;果品市场",
        "typecode": "060704",
        "biz_type": [],
        "address": "乐敦路与上冲东约二十巷交叉口西北20米",
        "tel": [],
        "postcode": [],
        "website": [],
        "email": [],
        "pcode": "440000",
        "pname": "广东省",
        "citycode": "020",
        "cityname": "广州市",
        "adcode": "440105",
        "plongcj02": "113.31312537096287",
        "platgcj02": "23.084368334936613",
        "adname": "海珠区",
        "entr_location": "113.3131932357293,23.084377207526366",
        "navi_poiid": [],
        "alias": [],
        "parking_type": [],
        "tag": [],
        "indoor_map": "0",
        "cpid": [],
        "floor": [],
        "truefloor": [],
        "business_area": "赤岗",
        "rating": "4.4",
        "cost": [],
        "meal_ordering": [],
        "seat_ordering": [],
        "ticket_ordering": [],
        "hotel_ordering": [],
        "photos_title": [],
        "photos_url": [],
        "updatetime": "2024-09-01 14:53:05",
        "is_textile": false,
        "category": "Shopping",
        "surrounding_poi_count": 28,
        "simulated_floor": 1,
        "occupied_floors": 1,
        "simulated_elevation": 0
      },
      "geometry": {
        "type": "Point",
        "coordinates": [
          113.31312537100007,
          23.08436833500008,
          0
        ]
      }
    },
    {
      "type": "Feature",
      "properties": {
        "fid": 1323,
        "OBJECTID": 307858,
        "id": "B0FFLO0QY3",
        "parent": [],
        "children": [],
        "name": "中国联通(海珠上冲佳材加盟营业厅)",
        "type": "购物服务;家电电子卖场;手机销售",
        "typecode": "060305",
        "biz_type": [],
        "address": "上冲中约新一巷9号一楼",
        "tel": "18620015591",
        "postcode": [],
        "website": [],
        "email": [],
        "pcode": "440000",
        "pname": "广东省",
        "citycode": "020",
        "cityname": "广州市",
        "adcode": "440105",
        "plongcj02": "113.31310941604254",
        "platgcj02": "23.084169447549428",
        "adname": "海珠区",
        "entr_location": [],
        "navi_poiid": "F49F011043_190338",
        "alias": [],
        "parking_type": [],
        "tag": [],
        "indoor_map": "0",
        "cpid": [],
        "floor": [],
        "truefloor": [],
        "business_area": "赤岗",
        "rating": "4.2",
        "cost": [],
        "meal_ordering": [],
        "seat_ordering": [],
        "ticket_ordering": [],
        "hotel_ordering": [],
        "photos_title": [],
        "photos_url": "http://store.is.autonavi.com/showpic/28c6b0cacdd29a5126a8b93085a06321&http://store.is.autonavi.com/showpic/e7bedcff04bb9f00b5956ada2a64bb9c",
        "updatetime": "2024-11-17 08:54:36",
        "is_textile": false,
        "category": "Shopping",
        "surrounding_poi_count": 23,
        "simulated_floor": 1,
        "occupied_floors": 1,
        "simulated_elevation": 0
      },
      "geometry": {
        "type": "Point",
        "coordinates": [
          113.31310941600009,
          23.08416944800007,
          0
        ]
      }
    },
    {
      "type": "Feature",
      "properties": {
        "fid": 1324,
        "OBJECTID": 307859,
        "id": "B0FFF3UXPV",
        "parent": [],
        "children": [],
        "name": "云汉超市",
        "type": "购物服务;便民商店/便利店;便民商店/便利店",
        "typecode": "060200",
        "biz_type": [],
        "address": "区政府对面名粤小区3巷10号",
        "tel": [],
        "postcode": [],
        "website": [],
        "email": [],
        "pcode": "440000",
        "pname": "广东省",
        "citycode": "020",
        "cityname": "广州市",
        "adcode": "440105",
        "plongcj02": "113.31171711787304",
        "platgcj02": "23.084885671915995",
        "adname": "海珠区",
        "entr_location": [],
        "navi_poiid": "F49F011043_306535",
        "alias": [],
        "parking_type": [],
        "tag": [],
        "indoor_map": "0",
        "cpid": [],
        "floor": [],
        "truefloor": [],
        "business_area": "赤岗",
        "rating": "4.1",
        "cost": [],
        "meal_ordering": [],
        "seat_ordering": [],
        "ticket_ordering": [],
        "hotel_ordering": [],
        "photos_title": [],
        "photos_url": [],
        "updatetime": "2024-12-07 03:03:38",
        "is_textile": false,
        "category": "Shopping",
        "surrounding_poi_count": 31,
        "simulated_floor": 1,
        "occupied_floors": 1,
        "simulated_elevation": 0
      },
      "geometry": {
        "type": "Point",
        "coordinates": [
          113.31171711800005,
          23.08488567200004,
          0
        ]
      }
    },
    {
      "type": "Feature",
      "properties": {
        "fid": 1325,
        "OBJECTID": 307860,
        "id": "B0KD17G8W0",
        "parent": "B00140USYK",
        "children": [],
        "name": "海珠龙越犬舍猫舍宠物市场猫狗基地",
        "type": "购物服务;购物相关场所;购物相关场所",
        "typecode": "060000",
        "biz_type": [],
        "address": "上冲中约新街一巷4号-7",
        "tel": "13249487772",
        "postcode": [],
        "website": [],
        "email": [],
        "pcode": "440000",
        "pname": "广东省",
        "citycode": "020",
        "cityname": "广州市",
        "adcode": "440105",
        "plongcj02": "113.31142566072002",
        "platgcj02": "23.085329011398358",
        "adname": "海珠区",
        "entr_location": "113.31142066405012,23.085424980121115",
        "navi_poiid": [],
        "alias": [],
        "parking_type": [],
        "tag": "拿破仑",
        "indoor_map": "0",
        "cpid": [],
        "floor": [],
        "truefloor": [],
        "business_area": "赤岗",
        "rating": "4.7",
        "cost": [],
        "meal_ordering": [],
        "seat_ordering": [],
        "ticket_ordering": [],
        "hotel_ordering": [],
        "photos_title": [],
        "photos_url": "http://store.is.autonavi.com/showpic/367bced840007d570c14ef9c8ea808d7&http://store.is.autonavi.com/showpic/13ca911725f0bf9de3bb0649fa95b5a2",
        "updatetime": "2024-08-22 03:09:05",
        "is_textile": false,
        "category": "Shopping",
        "surrounding_poi_count": 30,
        "simulated_floor": 1,
        "occupied_floors": 1,
        "simulated_elevation": 0
      },
      "geometry": {
        "type": "Point",
        "coordinates": [
          113.31142566100004,
          23.085329011000056,
          0
        ]
      }
    },
    {
      "type": "Feature",
      "properties": {
        "fid": 1326,
        "OBJECTID": 307861,
        "id": "B0JRZZ16SO",
        "parent": "B00140USYK",
        "children": [],
        "name": "创意锅炉配件(名粤小区店)",
        "type": "购物服务;专卖店;专营店",
        "typecode": "061200",
        "biz_type": [],
        "address": "敦丰路与上冲中约新街一巷交叉口西南60米",
        "tel": [],
        "postcode": [],
        "website": [],
        "email": [],
        "pcode": "440000",
        "pname": "广东省",
        "citycode": "020",
        "cityname": "广州市",
        "adcode": "440105",
        "plongcj02": "113.31165222739115",
        "platgcj02": "23.08515367651476",
        "adname": "海珠区",
        "entr_location": "113.31161130385902,23.08521272555769",
        "navi_poiid": [],
        "alias": [],
        "parking_type": [],
        "tag": [],
        "indoor_map": "0",
        "cpid": [],
        "floor": [],
        "truefloor": [],
        "business_area": "新港",
        "rating": "4.0",
        "cost": [],
        "meal_ordering": [],
        "seat_ordering": [],
        "ticket_ordering": [],
        "hotel_ordering": [],
        "photos_title": [],
        "photos_url": [],
        "updatetime": "2024-02-22 23:24:42",
        "is_textile": false,
        "category": "Shopping",
        "surrounding_poi_count": 41,
        "simulated_floor": 1,
        "occupied_floors": 1,
        "simulated_elevation": 0
      },
      "geometry": {
        "type": "Point",
        "coordinates": [
          113.31165222700008,
          23.08515367700005,
          0
        ]
      }
    },
    {
      "type": "Feature",
      "properties": {
        "fid": 1329,
        "OBJECTID": 307864,
        "id": "B0J1G7C24D",
        "parent": "B00140USYK",
        "children": [],
        "name": "好兄弟(名粤小区店)",
        "type": "购物服务;购物相关场所;购物相关场所",
        "typecode": "060000",
        "biz_type": [],
        "address": "名粤小区北3门旁",
        "tel": "15569033117",
        "postcode": [],
        "website": [],
        "email": [],
        "pcode": "440000",
        "pname": "广东省",
        "citycode": "020",
        "cityname": "广州市",
        "adcode": "440105",
        "plongcj02": "113.31156337618242",
        "platgcj02": "23.085536676032987",
        "adname": "海珠区",
        "entr_location": "113.31161626959522,23.085575564317264",
        "navi_poiid": [],
        "alias": [],
        "parking_type": [],
        "tag": [],
        "indoor_map": "0",
        "cpid": [],
        "floor": [],
        "truefloor": [],
        "business_area": "赤岗",
        "rating": "3.9",
        "cost": [],
        "meal_ordering": [],
        "seat_ordering": [],
        "ticket_ordering": [],
        "hotel_ordering": [],
        "photos_title": [],
        "photos_url": [],
        "updatetime": "2024-11-24 18:50:02",
        "is_textile": false,
        "category": "Shopping",
        "surrounding_poi_count": 30,
        "simulated_floor": 1,
        "occupied_floors": 1,
        "simulated_elevation": 0
      },
      "geometry": {
        "type": "Point",
        "coordinates": [
          113.3115633760001,
          23.08553667600006,
          0
        ]
      }
    },
    {
      "type": "Feature",
      "properties": {
        "fid": 1330,
        "OBJECTID": 307865,
        "id": "B00140TA8R",
        "parent": "B00140USYK",
        "children": [],
        "name": "锋发针车行(名粤小区店)",
        "type": "购物服务;专卖店;专营店",
        "typecode": "061200",
        "biz_type": [],
        "address": "上冲中约新街三巷6-6号",
        "tel": "13719104187;18826133620",
        "postcode": [],
        "website": [],
        "email": [],
        "pcode": "440000",
        "pname": "广东省",
        "citycode": "020",
        "cityname": "广州市",
        "adcode": "440105",
        "plongcj02": "113.31144665338573",
        "platgcj02": "23.084827184243565",
        "adname": "海珠区",
        "entr_location": [],
        "navi_poiid": "F49F011043_14024",
        "alias": [],
        "parking_type": [],
        "tag": [],
        "indoor_map": "0",
        "cpid": [],
        "floor": [],
        "truefloor": [],
        "business_area": "赤岗",
        "rating": "3.8",
        "cost": [],
        "meal_ordering": [],
        "seat_ordering": [],
        "ticket_ordering": [],
        "hotel_ordering": [],
        "photos_title": [],
        "photos_url": "http://store.is.autonavi.com/showpic/e14d4c726c6c161b934ca3b54b12782b&http://store.is.autonavi.com/showpic/1412b10f8adef460ec823bc715ae198b",
        "updatetime": "2024-11-26 21:20:53",
        "is_textile": false,
        "category": "Auto/Car Service",
        "surrounding_poi_count": 33,
        "simulated_floor": 1,
        "occupied_floors": 1,
        "simulated_elevation": 0
      },
      "geometry": {
        "type": "Point",
        "coordinates": [
          113.31144665300008,
          23.084827184000062,
          0
        ]
      }
    },
    {
      "type": "Feature",
      "properties": {
        "fid": 1331,
        "OBJECTID": 307866,
        "id": "B0FFFQZJWT",
        "parent": "B00140USYK",
        "children": [],
        "name": "鹏发布行(名粤小区店)",
        "type": "购物服务;家居建材市场;布艺市场",
        "typecode": "060605",
        "biz_type": [],
        "address": "名粤小区西4门旁",
        "tel": "13533181858;13971559511",
        "postcode": [],
        "website": [],
        "email": [],
        "pcode": "440000",
        "pname": "广东省",
        "citycode": "020",
        "cityname": "广州市",
        "adcode": "440105",
        "plongcj02": "113.3115025503582",
        "platgcj02": "23.084727125525646",
        "adname": "海珠区",
        "entr_location": [],
        "navi_poiid": "F49F011043_386873",
        "alias": [],
        "parking_type": [],
        "tag": [],
        "indoor_map": "0",
        "cpid": [],
        "floor": [],
        "truefloor": [],
        "business_area": "赤岗",
        "rating": "4.0",
        "cost": [],
        "meal_ordering": [],
        "seat_ordering": [],
        "ticket_ordering": [],
        "hotel_ordering": [],
        "photos_title": [],
        "photos_url": "http://store.is.autonavi.com/showpic/5a5afd183594666264fd0bfc8c7b2221&http://store.is.autonavi.com/showpic/9001a80c26ed93c4c3fc5d5deb0d556c",
        "updatetime": "2024-12-22 18:34:54",
        "is_textile": true,
        "category": "Shopping",
        "surrounding_poi_count": 30,
        "simulated_floor": 1,
        "occupied_floors": 1,
        "simulated_elevation": 0
      },
      "geometry": {
        "type": "Point",
        "coordinates": [
          113.31150255000011,
          23.084727126000075,
          0
        ]
      }
    },
    {
      "type": "Feature",
      "properties": {
        "fid": 1332,
        "OBJECTID": 307867,
        "id": "B0FFF2YZEV",
        "parent": [],
        "children": [],
        "name": "依斯卡(名俊楼东南)",
        "type": "购物服务;个人用品/化妆品店;其它个人用品店",
        "typecode": "061400",
        "biz_type": [],
        "address": "乐敦路与上冲东约二十巷交叉口西南20米",
        "tel": [],
        "postcode": [],
        "website": [],
        "email": [],
        "pcode": "440000",
        "pname": "广东省",
        "citycode": "020",
        "cityname": "广州市",
        "adcode": "440105",
        "plongcj02": "113.31309245582048",
        "platgcj02": "23.084078516647644",
        "adname": "海珠区",
        "entr_location": [],
        "navi_poiid": "F49F011043_306589",
        "alias": [],
        "parking_type": [],
        "tag": [],
        "indoor_map": "0",
        "cpid": [],
        "floor": [],
        "truefloor": [],
        "business_area": "赤岗",
        "rating": "3.9",
        "cost": [],
        "meal_ordering": [],
        "seat_ordering": [],
        "ticket_ordering": [],
        "hotel_ordering": [],
        "photos_title": [],
        "photos_url": [],
        "updatetime": "2024-12-04 17:53:38",
        "is_textile": false,
        "category": "Shopping",
        "surrounding_poi_count": 20,
        "simulated_floor": 1,
        "occupied_floors": 1,
        "simulated_elevation": 0
      },
      "geometry": {
        "type": "Point",
        "coordinates": [
          113.31309245600005,
          23.084078517000023,
          0
        ]
      }
    },
    {
      "type": "Feature",
      "properties": {
        "fid": 1336,
        "OBJECTID": 307871,
        "id": "B0FFH1Y8UG",
        "parent": "B00140USYK",
        "children": [],
        "name": "锦天布行(名粤小区店)",
        "type": "购物服务;家居建材市场;布艺市场",
        "typecode": "060605",
        "biz_type": [],
        "address": "上冲中约新街三巷4-4号一楼",
        "tel": "13422332325",
        "postcode": [],
        "website": [],
        "email": [],
        "pcode": "440000",
        "pname": "广东省",
        "citycode": "020",
        "cityname": "广州市",
        "adcode": "440105",
        "plongcj02": "113.31136481350269",
        "platgcj02": "23.08483532823554",
        "adname": "海珠区",
        "entr_location": [],
        "navi_poiid": [],
        "alias": [],
        "parking_type": [],
        "tag": [],
        "indoor_map": "0",
        "cpid": [],
        "floor": [],
        "truefloor": [],
        "business_area": "赤岗",
        "rating": "3.9",
        "cost": [],
        "meal_ordering": [],
        "seat_ordering": [],
        "ticket_ordering": [],
        "hotel_ordering": [],
        "photos_title": [],
        "photos_url": "http://store.is.autonavi.com/showpic/25cf5f88591a853e6fbb79680b19b67f&http://store.is.autonavi.com/showpic/8529c9b74e704a37a1cdda6f6d2dbc41",
        "updatetime": "2024-07-24 20:10:51",
        "is_textile": true,
        "category": "Shopping",
        "surrounding_poi_count": 32,
        "simulated_floor": 1,
        "occupied_floors": 1,
        "simulated_elevation": 0
      },
      "geometry": {
        "type": "Point",
        "coordinates": [
          113.31136481400006,
          23.084835328000054,
          0
        ]
      }
    },
    {
      "type": "Feature",
      "properties": {
        "fid": 1340,
        "OBJECTID": 307875,
        "id": "B0FFH90I7S",
        "parent": "B00140USYK",
        "children": [],
        "name": "尹姐士多店(名粤小区店)",
        "type": "购物服务;便民商店/便利店;便民商店/便利店",
        "typecode": "060200",
        "biz_type": [],
        "address": "广州大道南1025号名粤广场后座",
        "tel": "18668093396",
        "postcode": [],
        "website": [],
        "email": [],
        "pcode": "440000",
        "pname": "广东省",
        "citycode": "020",
        "cityname": "广州市",
        "adcode": "440105",
        "plongcj02": "113.31114722626045",
        "platgcj02": "23.085042632704354",
        "adname": "海珠区",
        "entr_location": [],
        "navi_poiid": [],
        "alias": [],
        "parking_type": [],
        "tag": [],
        "indoor_map": "0",
        "cpid": [],
        "floor": [],
        "truefloor": [],
        "business_area": "赤岗",
        "rating": "4.4",
        "cost": [],
        "meal_ordering": [],
        "seat_ordering": [],
        "ticket_ordering": [],
        "hotel_ordering": [],
        "photos_title": [],
        "photos_url": "http://store.is.autonavi.com/showpic/70af4778d2fef2f5af9d73994ab572c3&http://store.is.autonavi.com/showpic/1184bb248c9600770bfa67b106627fc8",
        "updatetime": "2024-12-22 03:06:18",
        "is_textile": false,
        "category": "Shopping",
        "surrounding_poi_count": 44,
        "simulated_floor": 1,
        "occupied_floors": 1,
        "simulated_elevation": 0
      },
      "geometry": {
        "type": "Point",
        "coordinates": [
          113.31114722600012,
          23.085042633000057,
          0
        ]
      }
    },
    {
      "type": "Feature",
      "properties": {
        "fid": 1345,
        "OBJECTID": 307880,
        "id": "B00140T4SH",
        "parent": "B00140USYK",
        "children": [],
        "name": "至成五金(名粤小区店)",
        "type": "购物服务;家居建材市场;建材五金市场",
        "typecode": "060603",
        "biz_type": [],
        "address": "名粤小区西3门旁",
        "tel": "020-36007351;13632413858",
        "postcode": [],
        "website": [],
        "email": [],
        "pcode": "440000",
        "pname": "广东省",
        "citycode": "020",
        "cityname": "广州市",
        "adcode": "440105",
        "plongcj02": "113.31112026465209",
        "platgcj02": "23.08525659135919",
        "adname": "海珠区",
        "entr_location": "113.31106437515861,23.085241698053895",
        "navi_poiid": "F49F011043_14004",
        "alias": [],
        "parking_type": [],
        "tag": [],
        "indoor_map": "0",
        "cpid": [],
        "floor": [],
        "truefloor": [],
        "business_area": "赤岗",
        "rating": "4.1",
        "cost": [],
        "meal_ordering": [],
        "seat_ordering": [],
        "ticket_ordering": [],
        "hotel_ordering": [],
        "photos_title": [],
        "photos_url": "http://store.is.autonavi.com/showpic/9c2ca6185c8f8fe546060819b3be6ea4&http://aos-cdn-image.amap.com/sns/ugccomment/14e497c2-13f7-4fe1-bdfc-b289a398c527.jpg",
        "updatetime": "2024-12-22 09:39:02",
        "is_textile": false,
        "category": "Shopping",
        "surrounding_poi_count": 32,
        "simulated_floor": 1,
        "occupied_floors": 1,
        "simulated_elevation": 0
      },
      "geometry": {
        "type": "Point",
        "coordinates": [
          113.31112026500011,
          23.085256591000075,
          0
        ]
      }
    },
    {
      "type": "Feature",
      "properties": {
        "fid": 1346,
        "OBJECTID": 307881,
        "id": "B00140T4SG",
        "parent": "B00140USYK",
        "children": [],
        "name": "正新辅料商标(名粤小区店)",
        "type": "购物服务;家居建材市场;建材五金市场",
        "typecode": "060603",
        "biz_type": [],
        "address": "名粤小区西3门旁",
        "tel": "13229424688",
        "postcode": [],
        "website": [],
        "email": [],
        "pcode": "440000",
        "pname": "广东省",
        "citycode": "020",
        "cityname": "广州市",
        "adcode": "440105",
        "plongcj02": "113.31112724752685",
        "platgcj02": "23.085307557414716",
        "adname": "海珠区",
        "entr_location": [],
        "navi_poiid": "F49F011043_14003",
        "alias": [],
        "parking_type": [],
        "tag": [],
        "indoor_map": "0",
        "cpid": [],
        "floor": [],
        "truefloor": [],
        "business_area": "赤岗",
        "rating": "3.8",
        "cost": [],
        "meal_ordering": [],
        "seat_ordering": [],
        "ticket_ordering": [],
        "hotel_ordering": [],
        "photos_title": [],
        "photos_url": "http://store.is.autonavi.com/showpic/d8220209aeb5abe80d3c2a54157bb9f7&http://store.is.autonavi.com/showpic/7eb03f8927c045f7d9965123580f31cc",
        "updatetime": "2024-11-29 14:58:01",
        "is_textile": false,
        "category": "Shopping",
        "surrounding_poi_count": 32,
        "simulated_floor": 1,
        "occupied_floors": 1,
        "simulated_elevation": 0
      },
      "geometry": {
        "type": "Point",
        "coordinates": [
          113.31112724800005,
          23.08530755700008,
          0
        ]
      }
    },
    {
      "type": "Feature",
      "properties": {
        "fid": 1347,
        "OBJECTID": 307882,
        "id": "B0KUO7VISK",
        "parent": "B00140USYK",
        "children": [],
        "name": "未来宠物生活馆(海珠总店)",
        "type": "购物服务;专卖店;宠物用品店",
        "typecode": "061211",
        "biz_type": [],
        "address": "上冲中约新街一巷三号首层101",
        "tel": "19966282037",
        "postcode": [],
        "website": [],
        "email": [],
        "pcode": "440000",
        "pname": "广东省",
        "citycode": "020",
        "cityname": "广州市",
        "adcode": "440105",
        "plongcj02": "113.31113321497746",
        "platgcj02": "23.08561641706591",
        "adname": "海珠区",
        "entr_location": "113.31113520581155,23.0856943807721",
        "navi_poiid": [],
        "alias": [],
        "parking_type": [],
        "tag": [],
        "indoor_map": "0",
        "cpid": [],
        "floor": [],
        "truefloor": [],
        "business_area": "赤岗",
        "rating": "4.2",
        "cost": [],
        "meal_ordering": [],
        "seat_ordering": [],
        "ticket_ordering": [],
        "hotel_ordering": [],
        "photos_title": [],
        "photos_url": "http://store.is.autonavi.com/showpic/9ce89909f45afdac19771a7410bc15c6&http://store.is.autonavi.com/showpic/73a817d89c4ac3803f04120d91f8847a",
        "updatetime": "2024-12-22 20:22:30",
        "is_textile": false,
        "category": "Shopping",
        "surrounding_poi_count": 21,
        "simulated_floor": 1,
        "occupied_floors": 1,
        "simulated_elevation": 0
      },
      "geometry": {
        "type": "Point",
        "coordinates": [
          113.31113321500004,
          23.08561641700004,
          0
        ]
      }
    },
    {
      "type": "Feature",
      "properties": {
        "fid": 1348,
        "OBJECTID": 307883,
        "id": "B00140R5IA",
        "parent": "B00140USYK",
        "children": [],
        "name": "旺记便利店(上冲中约大街)",
        "type": "购物服务;便民商店/便利店;便民商店/便利店",
        "typecode": "060200",
        "biz_type": [],
        "address": "广州大道南1027号名粤广场二楼东风经济联合社",
        "tel": "020-28375530;13719661082",
        "postcode": [],
        "website": [],
        "email": [],
        "pcode": "440000",
        "pname": "广东省",
        "citycode": "020",
        "cityname": "广州市",
        "adcode": "440105",
        "plongcj02": "113.31111429578556",
        "platgcj02": "23.08496872293149",
        "adname": "海珠区",
        "entr_location": "113.31111030017233,23.085019708708334",
        "navi_poiid": "F49F011043_14012",
        "alias": [],
        "parking_type": [],
        "tag": [],
        "indoor_map": "0",
        "cpid": [],
        "floor": [],
        "truefloor": [],
        "business_area": "赤岗",
        "rating": "4.1",
        "cost": [],
        "meal_ordering": [],
        "seat_ordering": [],
        "ticket_ordering": [],
        "hotel_ordering": [],
        "photos_title": [],
        "photos_url": "http://store.is.autonavi.com/showpic/dcb8ce5130c03468e76d6a0b48712c68&http://store.is.autonavi.com/showpic/c3e43ccfa4db28a4ea4efe17fc2d37bc",
        "updatetime": "2024-07-09 01:23:41",
        "is_textile": false,
        "category": "Shopping",
        "surrounding_poi_count": 42,
        "simulated_floor": 1,
        "occupied_floors": 1,
        "simulated_elevation": 0
      },
      "geometry": {
        "type": "Point",
        "coordinates": [
          113.31111429600003,
          23.08496872300003,
          0
        ]
      }
    },
    {
      "type": "Feature",
      "properties": {
        "fid": 1351,
        "OBJECTID": 307886,
        "id": "B0FFLKK7HF",
        "parent": "B00140USYK",
        "children": [],
        "name": "好记商行(名粤小区店)",
        "type": "购物服务;便民商店/便利店;便民商店/便利店",
        "typecode": "060200",
        "biz_type": [],
        "address": "名粤小区西4门旁",
        "tel": [],
        "postcode": [],
        "website": [],
        "email": [],
        "pcode": "440000",
        "pname": "广东省",
        "citycode": "020",
        "cityname": "广州市",
        "adcode": "440105",
        "plongcj02": "113.31111627779606",
        "platgcj02": "23.08517763166925",
        "adname": "海珠区",
        "entr_location": "113.3110693776433,23.08505976543587",
        "navi_poiid": [],
        "alias": [],
        "parking_type": [],
        "tag": [],
        "indoor_map": "0",
        "cpid": [],
        "floor": [],
        "truefloor": [],
        "business_area": "新港",
        "rating": "3.6",
        "cost": [],
        "meal_ordering": [],
        "seat_ordering": [],
        "ticket_ordering": [],
        "hotel_ordering": [],
        "photos_title": [],
        "photos_url": "http://store.is.autonavi.com/showpic/cbed0706f9fbe402e7d1266ce79d4382&http://store.is.autonavi.com/showpic/4f94643c7a867e03af9ecbcb92e08ca0",
        "updatetime": "2024-07-16 02:22:58",
        "is_textile": false,
        "category": "Shopping",
        "surrounding_poi_count": 38,
        "simulated_floor": 1,
        "occupied_floors": 1,
        "simulated_elevation": 0
      },
      "geometry": {
        "type": "Point",
        "coordinates": [
          113.3111162780001,
          23.085177632000068,
          0
        ]
      }
    },
    {
      "type": "Feature",
      "properties": {
        "fid": 1352,
        "OBJECTID": 307887,
        "id": "B0H61SO6I6",
        "parent": [],
        "children": [],
        "name": "金鑫辅料",
        "type": "购物服务;专卖店;专营店",
        "typecode": "061200",
        "biz_type": [],
        "address": "名粤小区西2门旁",
        "tel": [],
        "postcode": [],
        "website": [],
        "email": [],
        "pcode": "440000",
        "pname": "广东省",
        "citycode": "020",
        "cityname": "广州市",
        "adcode": "440105",
        "plongcj02": "113.31121412050938",
        "platgcj02": "23.084666670261054",
        "adname": "海珠区",
        "entr_location": "113.31119415748768,23.084698692720195",
        "navi_poiid": [],
        "alias": [],
        "parking_type": [],
        "tag": [],
        "indoor_map": "0",
        "cpid": [],
        "floor": [],
        "truefloor": [],
        "business_area": "赤岗",
        "rating": "3.6",
        "cost": [],
        "meal_ordering": [],
        "seat_ordering": [],
        "ticket_ordering": [],
        "hotel_ordering": [],
        "photos_title": [],
        "photos_url": [],
        "updatetime": "2024-11-26 12:32:45",
        "is_textile": false,
        "category": "Shopping",
        "surrounding_poi_count": 24,
        "simulated_floor": 1,
        "occupied_floors": 1,
        "simulated_elevation": 0
      },
      "geometry": {
        "type": "Point",
        "coordinates": [
          113.31121412100003,
          23.084666670000047,
          0
        ]
      }
    },
    {
      "type": "Feature",
      "properties": {
        "fid": 1353,
        "OBJECTID": 307888,
        "id": "B00140O6T6",
        "parent": "B00140USYK",
        "children": [],
        "name": "阳光服装商标行(名粤小区店)",
        "type": "购物服务;服装鞋帽皮具店;服装鞋帽皮具店",
        "typecode": "061100",
        "biz_type": [],
        "address": "广州大道南上冲中约新街3巷4号602房",
        "tel": [],
        "postcode": [],
        "website": [],
        "email": [],
        "pcode": "440000",
        "pname": "广东省",
        "citycode": "020",
        "cityname": "广州市",
        "adcode": "440105",
        "plongcj02": "113.31113722998975",
        "platgcj02": "23.08527755206343",
        "adname": "海珠区",
        "entr_location": [],
        "navi_poiid": "F49F011043_14006",
        "alias": [],
        "parking_type": [],
        "tag": [],
        "indoor_map": "0",
        "cpid": [],
        "floor": [],
        "truefloor": [],
        "business_area": "赤岗",
        "rating": "4.0",
        "cost": [],
        "meal_ordering": [],
        "seat_ordering": [],
        "ticket_ordering": [],
        "hotel_ordering": [],
        "photos_title": [],
        "photos_url": "http://store.is.autonavi.com/showpic/85985c1ff3da9790ba91222501b5464b&http://store.is.autonavi.com/showpic/f47d0734c7007013a76f13704bcd3dae",
        "updatetime": "2024-11-27 15:13:25",
        "is_textile": true,
        "category": "Shopping",
        "surrounding_poi_count": 32,
        "simulated_floor": 1,
        "occupied_floors": 1,
        "simulated_elevation": 0
      },
      "geometry": {
        "type": "Point",
        "coordinates": [
          113.3111372300001,
          23.085277552000036,
          0
        ]
      }
    },
    {
      "type": "Feature",
      "properties": {
        "fid": 1354,
        "OBJECTID": 307889,
        "id": "B00140TCVU",
        "parent": [],
        "children": [],
        "name": "名粤广场商贸城",
        "type": "购物服务;综合市场;综合市场",
        "typecode": "060700",
        "biz_type": [],
        "address": "广州大道南1021号",
        "tel": "020-34174647",
        "postcode": [],
        "website": [],
        "email": [],
        "pcode": "440000",
        "pname": "广东省",
        "citycode": "020",
        "cityname": "广州市",
        "adcode": "440105",
        "plongcj02": "113.31080689426211",
        "platgcj02": "23.085017254482405",
        "adname": "海珠区",
        "entr_location": "113.31035978001776,23.084829134003076",
        "navi_poiid": "F49F011043_13968",
        "alias": [],
        "parking_type": [],
        "tag": [],
        "indoor_map": "0",
        "cpid": [],
        "floor": [],
        "truefloor": [],
        "business_area": "赤岗",
        "rating": "4.3",
        "cost": [],
        "meal_ordering": [],
        "seat_ordering": [],
        "ticket_ordering": [],
        "hotel_ordering": [],
        "photos_title": [],
        "photos_url": "http://store.is.autonavi.com/showpic/a535e1db205eb6045460df034228e51a&http://store.is.autonavi.com/showpic/a78d52979e31922a0b9dc73c9dd5ce10",
        "updatetime": "2024-12-20 07:08:40",
        "is_textile": false,
        "category": "Shopping",
        "surrounding_poi_count": 34,
        "simulated_floor": 1,
        "occupied_floors": 1,
        "simulated_elevation": 0
      },
      "geometry": {
        "type": "Point",
        "coordinates": [
          113.31080689400005,
          23.085017254000036,
          0
        ]
      }
    },
    {
      "type": "Feature",
      "properties": {
        "fid": 1355,
        "OBJECTID": 307890,
        "id": "B0K3M7RJTD",
        "parent": "B00140USYK",
        "children": [],
        "name": "欧普照明",
        "type": "购物服务;家居建材市场;灯具瓷器市场",
        "typecode": "060606",
        "biz_type": [],
        "address": "名粤小区",
        "tel": [],
        "postcode": [],
        "website": [],
        "email": [],
        "pcode": "440000",
        "pname": "广东省",
        "citycode": "020",
        "cityname": "广州市",
        "adcode": "440105",
        "plongcj02": "113.31118113765517",
        "platgcj02": "23.08537043413096",
        "adname": "海珠区",
        "entr_location": "113.3111791384693,23.08541641842659",
        "navi_poiid": [],
        "alias": [],
        "parking_type": [],
        "tag": [],
        "indoor_map": "0",
        "cpid": [],
        "floor": [],
        "truefloor": [],
        "business_area": "赤岗",
        "rating": "0.5",
        "cost": [],
        "meal_ordering": [],
        "seat_ordering": [],
        "ticket_ordering": [],
        "hotel_ordering": [],
        "photos_title": [],
        "photos_url": [],
        "updatetime": "2024-11-08 14:08:02",
        "is_textile": false,
        "category": "Shopping",
        "surrounding_poi_count": 33,
        "simulated_floor": 1,
        "occupied_floors": 1,
        "simulated_elevation": 0
      },
      "geometry": {
        "type": "Point",
        "coordinates": [
          113.31118113800005,
          23.085370434000026,
          0
        ]
      }
    },
    {
      "type": "Feature",
      "properties": {
        "fid": 1360,
        "OBJECTID": 307895,
        "id": "B0FFKZV6P7",
        "parent": [],
        "children": [],
        "name": "真又美超市(上涌村西约新大街店)",
        "type": "购物服务;超级市场;超市",
        "typecode": "060400",
        "biz_type": [],
        "address": "上涌村西约新大街上涌村",
        "tel": [],
        "postcode": [],
        "website": [],
        "email": [],
        "pcode": "440000",
        "pname": "广东省",
        "citycode": "020",
        "cityname": "广州市",
        "adcode": "440105",
        "plongcj02": "113.3114686654398",
        "platgcj02": "23.084008488434925",
        "adname": "海珠区",
        "entr_location": "113.31164233075006,23.083911216163624",
        "navi_poiid": [],
        "alias": [],
        "parking_type": [],
        "tag": [],
        "indoor_map": "0",
        "cpid": [],
        "floor": [],
        "truefloor": [],
        "business_area": "赤岗",
        "rating": "3.9",
        "cost": [],
        "meal_ordering": [],
        "seat_ordering": [],
        "ticket_ordering": [],
        "hotel_ordering": [],
        "photos_title": [],
        "photos_url": [],
        "updatetime": "2024-08-31 05:11:26",
        "is_textile": false,
        "category": "Shopping",
        "surrounding_poi_count": 15,
        "simulated_floor": 1,
        "occupied_floors": 1,
        "simulated_elevation": 0
      },
      "geometry": {
        "type": "Point",
        "coordinates": [
          113.311468665,
          23.084008488000052,
          0
        ]
      }
    },
    {
      "type": "Feature",
      "properties": {
        "fid": 1361,
        "OBJECTID": 307896,
        "id": "B0I254B953",
        "parent": "B00140TCVU",
        "children": [],
        "name": "帅锋里布行(名粤广场商贸城店)",
        "type": "购物服务;家居建材市场;布艺市场",
        "typecode": "060605",
        "biz_type": [],
        "address": "上冲中约新街三巷与上冲中约大街交叉口西北20米",
        "tel": "13268305557;18665733038",
        "postcode": [],
        "website": [],
        "email": [],
        "pcode": "440000",
        "pname": "广东省",
        "citycode": "020",
        "cityname": "广州市",
        "adcode": "440105",
        "plongcj02": "113.31092667438821",
        "platgcj02": "23.084803129470146",
        "adname": "海珠区",
        "entr_location": [],
        "navi_poiid": [],
        "alias": [],
        "parking_type": [],
        "tag": [],
        "indoor_map": "0",
        "cpid": [],
        "floor": [],
        "truefloor": [],
        "business_area": "赤岗",
        "rating": "3.5",
        "cost": [],
        "meal_ordering": [],
        "seat_ordering": [],
        "ticket_ordering": [],
        "hotel_ordering": [],
        "photos_title": [],
        "photos_url": "http://store.is.autonavi.com/showpic/0f95506422cc0c27437aec7ef9660d78&http://store.is.autonavi.com/showpic/427de7926eedac7b2179c118ba3dc47d",
        "updatetime": "2024-08-05 16:00:33",
        "is_textile": true,
        "category": "Shopping",
        "surrounding_poi_count": 30,
        "simulated_floor": 1,
        "occupied_floors": 1,
        "simulated_elevation": 0
      },
      "geometry": {
        "type": "Point",
        "coordinates": [
          113.31092667400003,
          23.084803129000022,
          0
        ]
      }
    },
    {
      "type": "Feature",
      "properties": {
        "fid": 1362,
        "OBJECTID": 307897,
        "id": "B0FFF3UXPT",
        "parent": "B00140TCVU",
        "children": [],
        "name": "广州怡驾贸易(名粤广场商贸城店)",
        "type": "购物服务;专卖店;烟酒专卖店",
        "typecode": "061210",
        "biz_type": [],
        "address": "广州大道南1021号名粤广场G01",
        "tel": "020-89801816",
        "postcode": [],
        "website": [],
        "email": [],
        "pcode": "440000",
        "pname": "广东省",
        "citycode": "020",
        "cityname": "广州市",
        "adcode": "440105",
        "plongcj02": "113.31084679429556",
        "platgcj02": "23.085342046577313",
        "adname": "海珠区",
        "entr_location": "113.31090966549175,23.0854278977309",
        "navi_poiid": "F49F011043_306528",
        "alias": [],
        "parking_type": [],
        "tag": [],
        "indoor_map": "0",
        "cpid": [],
        "floor": [],
        "truefloor": [],
        "business_area": "赤岗",
        "rating": "3.7",
        "cost": [],
        "meal_ordering": [],
        "seat_ordering": [],
        "ticket_ordering": [],
        "hotel_ordering": [],
        "photos_title": [],
        "photos_url": "http://store.is.autonavi.com/showpic/2031d204bf5776bb085343e3d62c7166&http://store.is.autonavi.com/showpic/65384eade48b5f5a8a2452ef4268e228",
        "updatetime": "2024-10-31 16:59:15",
        "is_textile": false,
        "category": "Shopping",
        "surrounding_poi_count": 30,
        "simulated_floor": 1,
        "occupied_floors": 1,
        "simulated_elevation": 0
      },
      "geometry": {
        "type": "Point",
        "coordinates": [
          113.3108467940001,
          23.08534204700004,
          0
        ]
      }
    },
    {
      "type": "Feature",
      "properties": {
        "fid": 1364,
        "OBJECTID": 307899,
        "id": "B0FFIH3142",
        "parent": "B00140TCVU",
        "children": [],
        "name": "燃烽不锈钢通风工程(名粤广场商贸城店)",
        "type": "购物服务;家居建材市场;建材五金市场",
        "typecode": "060603",
        "biz_type": [],
        "address": "广州大道南1021号名粤广场商贸城F1层",
        "tel": "020-89625314;13535063868",
        "postcode": [],
        "website": [],
        "email": [],
        "pcode": "440000",
        "pname": "广东省",
        "citycode": "020",
        "cityname": "广州市",
        "adcode": "440105",
        "plongcj02": "113.31079091026413",
        "platgcj02": "23.085243188304332",
        "adname": "海珠区",
        "entr_location": [],
        "navi_poiid": [],
        "alias": [],
        "parking_type": [],
        "tag": [],
        "indoor_map": "0",
        "cpid": [],
        "floor": [],
        "truefloor": [],
        "business_area": "新港",
        "rating": "3.7",
        "cost": [],
        "meal_ordering": [],
        "seat_ordering": [],
        "ticket_ordering": [],
        "hotel_ordering": [],
        "photos_title": [],
        "photos_url": "http://store.is.autonavi.com/showpic/9bed5addaf6afb110705d70dfd24f2a3&http://store.is.autonavi.com/showpic/175fa1a7159145a9518c44b481c2dbbc",
        "updatetime": "2024-01-15 20:58:08",
        "is_textile": false,
        "category": "Shopping",
        "surrounding_poi_count": 35,
        "simulated_floor": 1,
        "occupied_floors": 1,
        "simulated_elevation": 0
      },
      "geometry": {
        "type": "Point",
        "coordinates": [
          113.31079091000004,
          23.08524318800005,
          0
        ]
      }
    },
    {
      "type": "Feature",
      "properties": {
        "fid": 1365,
        "OBJECTID": 307900,
        "id": "B0FFGDNH3G",
        "parent": "B00140TCVU",
        "children": [],
        "name": "燃烽厨具通风设备经营部(名粤广场商贸城店)",
        "type": "购物服务;家居建材市场;厨卫市场",
        "typecode": "060604",
        "biz_type": [],
        "address": "名粤广场1楼",
        "tel": "13535063868;13711598109",
        "postcode": [],
        "website": [],
        "email": [],
        "pcode": "440000",
        "pname": "广东省",
        "citycode": "020",
        "cityname": "广州市",
        "adcode": "440105",
        "plongcj02": "113.31081086469939",
        "platgcj02": "23.085340111837183",
        "adname": "海珠区",
        "entr_location": "113.31073401716387,23.08530726341043",
        "navi_poiid": "F49F011043_767159",
        "alias": [],
        "parking_type": [],
        "tag": [],
        "indoor_map": "0",
        "cpid": [],
        "floor": [],
        "truefloor": [],
        "business_area": "赤岗",
        "rating": "3.8",
        "cost": [],
        "meal_ordering": [],
        "seat_ordering": [],
        "ticket_ordering": [],
        "hotel_ordering": [],
        "photos_title": [],
        "photos_url": "http://store.is.autonavi.com/showpic/49b7087c85797efa666e225c8ee219a4&http://store.is.autonavi.com/showpic/93f7f7b5317b9758ae9ee59e71100543",
        "updatetime": "2024-12-16 22:02:19",
        "is_textile": false,
        "category": "Shopping",
        "surrounding_poi_count": 28,
        "simulated_floor": 1,
        "occupied_floors": 1,
        "simulated_elevation": 0
      },
      "geometry": {
        "type": "Point",
        "coordinates": [
          113.310810865,
          23.08534011200004,
          0
        ]
      }
    },
    {
      "type": "Feature",
      "properties": {
        "fid": 1367,
        "OBJECTID": 307902,
        "id": "B00141REMU",
        "parent": "B00140TCVU",
        "children": [],
        "name": "黎氏大型裁床(名粤广场商贸城店)",
        "type": "购物服务;专卖店;专营店",
        "typecode": "061200",
        "biz_type": [],
        "address": "广州大道南1021号名粤广场商贸城",
        "tel": "18102839060",
        "postcode": [],
        "website": [],
        "email": [],
        "pcode": "440000",
        "pname": "广东省",
        "citycode": "020",
        "cityname": "广州市",
        "adcode": "440105",
        "plongcj02": "113.31076796315892",
        "platgcj02": "23.08512427936385",
        "adname": "海珠区",
        "entr_location": [],
        "navi_poiid": "F49F011043_286897",
        "alias": [],
        "parking_type": [],
        "tag": [],
        "indoor_map": "0",
        "cpid": [],
        "floor": [],
        "truefloor": [],
        "business_area": "赤岗",
        "rating": "3.8",
        "cost": [],
        "meal_ordering": [],
        "seat_ordering": [],
        "ticket_ordering": [],
        "hotel_ordering": [],
        "photos_title": [],
        "photos_url": "http://store.is.autonavi.com/showpic/566425aaa8148d314746b991512d3236&http://store.is.autonavi.com/showpic/6a19c7baaf7c61bd279f3cb0b553d9ea",
        "updatetime": "2024-11-03 05:16:22",
        "is_textile": false,
        "category": "Shopping",
        "surrounding_poi_count": 33,
        "simulated_floor": 1,
        "occupied_floors": 1,
        "simulated_elevation": 0
      },
      "geometry": {
        "type": "Point",
        "coordinates": [
          113.3107679630001,
          23.08512427900007,
          0
        ]
      }
    },
    {
      "type": "Feature",
      "properties": {
        "fid": 1368,
        "OBJECTID": 307903,
        "id": "B00141RA6S",
        "parent": [],
        "children": [],
        "name": "永兴超市(上冲中约大街)",
        "type": "购物服务;便民商店/便利店;便民商店/便利店",
        "typecode": "060200",
        "biz_type": [],
        "address": "广州大道南1185之附近",
        "tel": [],
        "postcode": [],
        "website": [],
        "email": [],
        "pcode": "440000",
        "pname": "广东省",
        "citycode": "020",
        "cityname": "广州市",
        "adcode": "440105",
        "plongcj02": "113.31121616253522",
        "platgcj02": "23.083984952930365",
        "adname": "海珠区",
        "entr_location": [],
        "navi_poiid": "F49F011043_286894",
        "alias": [],
        "parking_type": [],
        "tag": [],
        "indoor_map": "0",
        "cpid": [],
        "floor": [],
        "truefloor": [],
        "business_area": "赤岗",
        "rating": "3.6",
        "cost": [],
        "meal_ordering": [],
        "seat_ordering": [],
        "ticket_ordering": [],
        "hotel_ordering": [],
        "photos_title": [],
        "photos_url": [],
        "updatetime": "2024-07-09 02:29:24",
        "is_textile": false,
        "category": "Shopping",
        "surrounding_poi_count": 15,
        "simulated_floor": 1,
        "occupied_floors": 1,
        "simulated_elevation": 0
      },
      "geometry": {
        "type": "Point",
        "coordinates": [
          113.31121616300004,
          23.083984953000027,
          0
        ]
      }
    },
    {
      "type": "Feature",
      "properties": {
        "fid": 1372,
        "OBJECTID": 307907,
        "id": "B0FFFQZAY0",
        "parent": [],
        "children": [],
        "name": "美宜佳(上冲西约店)",
        "type": "购物服务;便民商店/便利店;便民商店/便利店",
        "typecode": "060200",
        "biz_type": [],
        "address": "上冲西约13巷16号之一铺(G280)",
        "tel": "13133736866",
        "postcode": [],
        "website": [],
        "email": [],
        "pcode": "440000",
        "pname": "广东省",
        "citycode": "020",
        "cityname": "广州市",
        "adcode": "440105",
        "plongcj02": "113.31061333278053",
        "platgcj02": "23.084124976090482",
        "adname": "海珠区",
        "entr_location": [],
        "navi_poiid": [],
        "alias": [],
        "parking_type": [],
        "tag": [],
        "indoor_map": "0",
        "cpid": [],
        "floor": [],
        "truefloor": [],
        "business_area": "赤岗",
        "rating": "4.7",
        "cost": [],
        "meal_ordering": [],
        "seat_ordering": [],
        "ticket_ordering": [],
        "hotel_ordering": [],
        "photos_title": [],
        "photos_url": "https://store.is.autonavi.com/showpic/5a68993a87cf9409f88ae2b172ec8cd3&http://store.is.autonavi.com/showpic/7e2dd96d8a1d4323d643c4d6ce07ba07",
        "updatetime": "2024-12-22 17:01:15",
        "is_textile": false,
        "category": "Shopping",
        "surrounding_poi_count": 9,
        "simulated_floor": 1,
        "occupied_floors": 1,
        "simulated_elevation": 0
      },
      "geometry": {
        "type": "Point",
        "coordinates": [
          113.3106133330001,
          23.084124976000055,
          0
        ]
      }
    },
    {
      "type": "Feature",
      "properties": {
        "fid": 1375,
        "OBJECTID": 307910,
        "id": "B0FFF59K0A",
        "parent": [],
        "children": [],
        "name": "广州市海珠区进嘉五金商店",
        "type": "购物服务;家居建材市场;建材五金市场",
        "typecode": "060603",
        "biz_type": [],
        "address": "上冲西约新六巷1号",
        "tel": "020-34009374",
        "postcode": [],
        "website": [],
        "email": [],
        "pcode": "440000",
        "pname": "广东省",
        "citycode": "020",
        "cityname": "广州市",
        "adcode": "440105",
        "plongcj02": "113.31088081332253",
        "platgcj02": "23.084074517791393",
        "adname": "海珠区",
        "entr_location": "113.31099659677444,23.083925372601037",
        "navi_poiid": "F49F011043_768697",
        "alias": [],
        "parking_type": [],
        "tag": [],
        "indoor_map": "0",
        "cpid": [],
        "floor": [],
        "truefloor": [],
        "business_area": "赤岗",
        "rating": "4.1",
        "cost": [],
        "meal_ordering": [],
        "seat_ordering": [],
        "ticket_ordering": [],
        "hotel_ordering": [],
        "photos_title": [],
        "photos_url": "http://store.is.autonavi.com/showpic/d48f0283e166d5a6853e8c5f58bf68aa&http://store.is.autonavi.com/showpic/59296162be4047a345902b48b28167ea",
        "updatetime": "2024-06-28 21:36:08",
        "is_textile": false,
        "category": "Shopping",
        "surrounding_poi_count": 14,
        "simulated_floor": 1,
        "occupied_floors": 1,
        "simulated_elevation": 0
      },
      "geometry": {
        "type": "Point",
        "coordinates": [
          113.31088081300004,
          23.084074518000023,
          0
        ]
      }
    },
    {
      "type": "Feature",
      "properties": {
        "fid": 1376,
        "OBJECTID": 307911,
        "id": "B0J3VZ1DNR",
        "parent": [],
        "children": [],
        "name": "家兴百货",
        "type": "购物服务;购物相关场所;购物相关场所",
        "typecode": "060000",
        "biz_type": [],
        "address": "上冲中约新街三巷与上冲中约大街交叉口南80米",
        "tel": [],
        "postcode": [],
        "website": [],
        "email": [],
        "pcode": "440000",
        "pname": "广东省",
        "citycode": "020",
        "cityname": "广州市",
        "adcode": "440105",
        "plongcj02": "113.31087982066344",
        "platgcj02": "23.083994553167432",
        "adname": "海珠区",
        "entr_location": "113.31087084052596,23.083960583552766",
        "navi_poiid": [],
        "alias": [],
        "parking_type": [],
        "tag": [],
        "indoor_map": "0",
        "cpid": [],
        "floor": [],
        "truefloor": [],
        "business_area": "赤岗",
        "rating": "4.1",
        "cost": [],
        "meal_ordering": [],
        "seat_ordering": [],
        "ticket_ordering": [],
        "hotel_ordering": [],
        "photos_title": [],
        "photos_url": "http://store.is.autonavi.com/showpic/557ecc4e4ec6fe93137c9d249bffab6e&http://store.is.autonavi.com/showpic/0229424a46b34a133cd0beb707a1ce4e",
        "updatetime": "2024-07-11 06:32:41",
        "is_textile": false,
        "category": "Shopping",
        "surrounding_poi_count": 15,
        "simulated_floor": 1,
        "occupied_floors": 1,
        "simulated_elevation": 0
      },
      "geometry": {
        "type": "Point",
        "coordinates": [
          113.31087982100007,
          23.083994553000025,
          0
        ]
      }
    },
    {
      "type": "Feature",
      "properties": {
        "fid": 1377,
        "OBJECTID": 307912,
        "id": "B00140T4SN",
        "parent": [],
        "children": [],
        "name": "佳乐多便利超市",
        "type": "购物服务;超级市场;超市|购物服务;便民商店/便利店;便民商店/便利店",
        "typecode": "060400|060200",
        "biz_type": [],
        "address": "上冲西约新六巷横一街1号",
        "tel": [],
        "postcode": [],
        "website": [],
        "email": [],
        "pcode": "440000",
        "pname": "广东省",
        "citycode": "020",
        "cityname": "广州市",
        "adcode": "440105",
        "plongcj02": "113.31070216761029",
        "platgcj02": "23.08400086908561",
        "adname": "海珠区",
        "entr_location": "113.31094868907232,23.083947449349246",
        "navi_poiid": "F49F011043_14099",
        "alias": [],
        "parking_type": [],
        "tag": [],
        "indoor_map": "0",
        "cpid": [],
        "floor": [],
        "truefloor": [],
        "business_area": "赤岗",
        "rating": "4.0",
        "cost": [],
        "meal_ordering": [],
        "seat_ordering": [],
        "ticket_ordering": [],
        "hotel_ordering": [],
        "photos_title": [],
        "photos_url": "http://store.is.autonavi.com/showpic/365c513aa1d8e2a8b948369276eadfb2&http://store.is.autonavi.com/showpic/fe1380cc04e40d5b686d9ee6c2652490",
        "updatetime": "2024-11-27 16:11:11",
        "is_textile": false,
        "category": "Shopping",
        "surrounding_poi_count": 10,
        "simulated_floor": 1,
        "occupied_floors": 1,
        "simulated_elevation": 0
      },
      "geometry": {
        "type": "Point",
        "coordinates": [
          113.31070216800003,
          23.08400086900008,
          0
        ]
      }
    },
    {
      "type": "Feature",
      "properties": {
        "fid": 1378,
        "OBJECTID": 307913,
        "id": "B00140T4SN",
        "parent": [],
        "children": [],
        "name": "佳乐多便利超市",
        "type": "购物服务;超级市场;超市|购物服务;便民商店/便利店;便民商店/便利店",
        "typecode": "060400|060200",
        "biz_type": [],
        "address": "上冲西约新六巷横一街1号",
        "tel": [],
        "postcode": [],
        "website": [],
        "email": [],
        "pcode": "440000",
        "pname": "广东省",
        "citycode": "020",
        "cityname": "广州市",
        "adcode": "440105",
        "plongcj02": "113.31070216761029",
        "platgcj02": "23.08400086908561",
        "adname": "海珠区",
        "entr_location": "113.31094868907232,23.083947449349246",
        "navi_poiid": "F49F011043_14099",
        "alias": [],
        "parking_type": [],
        "tag": [],
        "indoor_map": "0",
        "cpid": [],
        "floor": [],
        "truefloor": [],
        "business_area": "赤岗",
        "rating": "4.0",
        "cost": [],
        "meal_ordering": [],
        "seat_ordering": [],
        "ticket_ordering": [],
        "hotel_ordering": [],
        "photos_title": [],
        "photos_url": "http://store.is.autonavi.com/showpic/365c513aa1d8e2a8b948369276eadfb2&http://store.is.autonavi.com/showpic/fe1380cc04e40d5b686d9ee6c2652490",
        "updatetime": "2024-11-27 16:11:11",
        "is_textile": false,
        "category": "Shopping",
        "surrounding_poi_count": 10,
        "simulated_floor": 1,
        "occupied_floors": 1,
        "simulated_elevation": 0
      },
      "geometry": {
        "type": "Point",
        "coordinates": [
          113.31070216800003,
          23.08400086900008,
          0
        ]
      }
    },
    {
      "type": "Feature",
      "properties": {
        "fid": 1572,
        "OBJECTID": 310179,
        "id": "B00141R5TS",
        "parent": [],
        "children": [],
        "name": "上海广泉泵业有限公司",
        "type": "购物服务;家居建材市场;建材五金市场",
        "typecode": "060603",
        "biz_type": [],
        "address": "广州大道南名粤广场南侧自编1043",
        "tel": [],
        "postcode": [],
        "website": [],
        "email": [],
        "pcode": "440000",
        "pname": "广东省",
        "citycode": "020",
        "cityname": "广州市",
        "adcode": "440105",
        "plongcj02": "113.31025009633812",
        "platgcj02": "23.083309968191855",
        "adname": "海珠区",
        "entr_location": [],
        "navi_poiid": "F49F012043_172188",
        "alias": [],
        "parking_type": [],
        "tag": [],
        "indoor_map": "0",
        "cpid": [],
        "floor": [],
        "truefloor": [],
        "business_area": "赤岗",
        "rating": "4.3",
        "cost": [],
        "meal_ordering": [],
        "seat_ordering": [],
        "ticket_ordering": [],
        "hotel_ordering": [],
        "photos_title": [],
        "photos_url": "http://store.is.autonavi.com/showpic/327a2daba49004302c75a50481b1cb4f&http://store.is.autonavi.com/showpic/d4fb6e8cef4e1d6e846810e83d832f0f",
        "updatetime": "2024-10-17 21:49:37",
        "is_textile": false,
        "category": "Shopping",
        "surrounding_poi_count": 0,
        "simulated_floor": 1,
        "occupied_floors": 1,
        "simulated_elevation": 0
      },
      "geometry": {
        "type": "Point",
        "coordinates": [
          113.31025009600012,
          23.083309968000037,
          0
        ]
      }
    },
    {
      "type": "Feature",
      "properties": {
        "fid": 1599,
        "OBJECTID": 310227,
        "id": "B0FFHO76YU",
        "parent": [],
        "children": [],
        "name": "顺发版房",
        "type": "购物服务;家居建材市场;建材五金市场",
        "typecode": "060603",
        "biz_type": [],
        "address": "上冲西约十三巷十一号",
        "tel": "18665597518",
        "postcode": [],
        "website": [],
        "email": [],
        "pcode": "440000",
        "pname": "广东省",
        "citycode": "020",
        "cityname": "广州市",
        "adcode": "440105",
        "plongcj02": "113.31274919269217",
        "platgcj02": "23.083237494724884",
        "adname": "海珠区",
        "entr_location": "113.31343283133529,23.083321214148974",
        "navi_poiid": [],
        "alias": [],
        "parking_type": [],
        "tag": [],
        "indoor_map": "0",
        "cpid": [],
        "floor": [],
        "truefloor": [],
        "business_area": "新港",
        "rating": "4.3",
        "cost": [],
        "meal_ordering": [],
        "seat_ordering": [],
        "ticket_ordering": [],
        "hotel_ordering": [],
        "photos_title": [],
        "photos_url": "http://store.is.autonavi.com/showpic/eec461868ecd0c70eeca3af9439bd5ba&http://store.is.autonavi.com/showpic/779de0c47316c4f592bf38c0e12600ba",
        "updatetime": "2024-08-16 03:09:33",
        "is_textile": false,
        "category": "Shopping",
        "surrounding_poi_count": 5,
        "simulated_floor": 1,
        "occupied_floors": 1,
        "simulated_elevation": 0
      },
      "geometry": {
        "type": "Point",
        "coordinates": [
          113.31274919300006,
          23.08323749500005,
          0
        ]
      }
    },
    {
      "type": "Feature",
      "properties": {
        "fid": 1600,
        "OBJECTID": 310228,
        "id": "B0FFJBWD9T",
        "parent": [],
        "children": [],
        "name": "百米逸购超市",
        "type": "购物服务;超级市场;超市",
        "typecode": "060400",
        "biz_type": [],
        "address": "上冲西约一巷一号",
        "tel": [],
        "postcode": [],
        "website": [],
        "email": [],
        "pcode": "440000",
        "pname": "广东省",
        "citycode": "020",
        "cityname": "广州市",
        "adcode": "440105",
        "plongcj02": "113.31210848055562",
        "platgcj02": "23.082909794680187",
        "adname": "海珠区",
        "entr_location": [],
        "navi_poiid": [],
        "alias": [],
        "parking_type": [],
        "tag": [],
        "indoor_map": "0",
        "cpid": [],
        "floor": [],
        "truefloor": [],
        "business_area": "赤岗",
        "rating": "3.9",
        "cost": [],
        "meal_ordering": [],
        "seat_ordering": [],
        "ticket_ordering": [],
        "hotel_ordering": [],
        "photos_title": [],
        "photos_url": [],
        "updatetime": "2024-09-19 18:54:24",
        "is_textile": false,
        "category": "Shopping",
        "surrounding_poi_count": 6,
        "simulated_floor": 1,
        "occupied_floors": 1,
        "simulated_elevation": 0
      },
      "geometry": {
        "type": "Point",
        "coordinates": [
          113.31210848100011,
          23.082909795000035,
          0
        ]
      }
    },
    {
      "type": "Feature",
      "properties": {
        "fid": 1602,
        "OBJECTID": 310230,
        "id": "B0KAX7E001",
        "parent": [],
        "children": [],
        "name": "粤隆手摇绣花",
        "type": "购物服务;购物相关场所;购物相关场所",
        "typecode": "060000",
        "biz_type": [],
        "address": "上冲西约南3巷19号",
        "tel": [],
        "postcode": [],
        "website": [],
        "email": [],
        "pcode": "440000",
        "pname": "广东省",
        "citycode": "020",
        "cityname": "广州市",
        "adcode": "440105",
        "plongcj02": "113.31209650618867",
        "platgcj02": "23.082879828952812",
        "adname": "海珠区",
        "entr_location": [],
        "navi_poiid": [],
        "alias": [],
        "parking_type": [],
        "tag": [],
        "indoor_map": "0",
        "cpid": [],
        "floor": [],
        "truefloor": [],
        "business_area": "赤岗",
        "rating": "3.4",
        "cost": [],
        "meal_ordering": [],
        "seat_ordering": [],
        "ticket_ordering": [],
        "hotel_ordering": [],
        "photos_title": [],
        "photos_url": [],
        "updatetime": "2024-09-20 21:14:04",
        "is_textile": false,
        "category": "Shopping",
        "surrounding_poi_count": 6,
        "simulated_floor": 1,
        "occupied_floors": 1,
        "simulated_elevation": 0
      },
      "geometry": {
        "type": "Point",
        "coordinates": [
          113.3120965060001,
          23.082879829000035,
          0
        ]
      }
    },
    {
      "type": "Feature",
      "properties": {
        "fid": 1603,
        "OBJECTID": 310231,
        "id": "B0FFFRLJUE",
        "parent": [],
        "children": [],
        "name": "家宇百货",
        "type": "购物服务;超级市场;超市",
        "typecode": "060400",
        "biz_type": [],
        "address": "上冲西约1巷1号",
        "tel": [],
        "postcode": [],
        "website": [],
        "email": [],
        "pcode": "440000",
        "pname": "广东省",
        "citycode": "020",
        "cityname": "广州市",
        "adcode": "440105",
        "plongcj02": "113.31220227525753",
        "platgcj02": "23.083210498434457",
        "adname": "海珠区",
        "entr_location": "113.31233604824621,23.08266248645684",
        "navi_poiid": "F49F012043_700220",
        "alias": [],
        "parking_type": [],
        "tag": [],
        "indoor_map": "0",
        "cpid": [],
        "floor": [],
        "truefloor": [],
        "business_area": "赤岗",
        "rating": "4.2",
        "cost": [],
        "meal_ordering": [],
        "seat_ordering": [],
        "ticket_ordering": [],
        "hotel_ordering": [],
        "photos_title": [],
        "photos_url": [],
        "updatetime": "2024-07-14 02:17:45",
        "is_textile": false,
        "category": "Shopping",
        "surrounding_poi_count": 5,
        "simulated_floor": 1,
        "occupied_floors": 1,
        "simulated_elevation": 0
      },
      "geometry": {
        "type": "Point",
        "coordinates": [
          113.31220227500012,
          23.083210498000028,
          0
        ]
      }
    },
    {
      "type": "Feature",
      "properties": {
        "fid": 1607,
        "OBJECTID": 310235,
        "id": "B0FFI969S6",
        "parent": [],
        "children": [],
        "name": "壹佳生活超市",
        "type": "购物服务;购物相关场所;购物相关场所",
        "typecode": "060000",
        "biz_type": [],
        "address": "上冲中约大街一号",
        "tel": [],
        "postcode": [],
        "website": [],
        "email": [],
        "pcode": "440000",
        "pname": "广东省",
        "citycode": "020",
        "cityname": "广州市",
        "adcode": "440105",
        "plongcj02": "113.31319229364162",
        "platgcj02": "23.08354755781647",
        "adname": "海珠区",
        "entr_location": "113.3132312052206,23.083713417174835",
        "navi_poiid": [],
        "alias": [],
        "parking_type": [],
        "tag": [],
        "indoor_map": "0",
        "cpid": [],
        "floor": [],
        "truefloor": [],
        "business_area": "赤岗",
        "rating": "4.3",
        "cost": [],
        "meal_ordering": [],
        "seat_ordering": [],
        "ticket_ordering": [],
        "hotel_ordering": [],
        "photos_title": [],
        "photos_url": [],
        "updatetime": "2024-12-22 23:49:04",
        "is_textile": false,
        "category": "Shopping",
        "surrounding_poi_count": 12,
        "simulated_floor": 1,
        "occupied_floors": 1,
        "simulated_elevation": 0
      },
      "geometry": {
        "type": "Point",
        "coordinates": [
          113.31319229400003,
          23.083547558000078,
          0
        ]
      }
    },
    {
      "type": "Feature",
      "properties": {
        "fid": 1611,
        "OBJECTID": 310239,
        "id": "B0KUYUUM82",
        "parent": [],
        "children": [],
        "name": "华宝接橡筋",
        "type": "购物服务;购物相关场所;购物相关场所",
        "typecode": "060000",
        "biz_type": [],
        "address": "西约大街16号",
        "tel": [],
        "postcode": [],
        "website": [],
        "email": [],
        "pcode": "440000",
        "pname": "广东省",
        "citycode": "020",
        "cityname": "广州市",
        "adcode": "440105",
        "plongcj02": "113.31171923567804",
        "platgcj02": "23.083079426963163",
        "adname": "海珠区",
        "entr_location": "113.31170329706194,23.08263464275736",
        "navi_poiid": [],
        "alias": [],
        "parking_type": [],
        "tag": [],
        "indoor_map": "0",
        "cpid": [],
        "floor": [],
        "truefloor": [],
        "business_area": "赤岗",
        "rating": "3.8",
        "cost": [],
        "meal_ordering": [],
        "seat_ordering": [],
        "ticket_ordering": [],
        "hotel_ordering": [],
        "photos_title": [],
        "photos_url": "http://store.is.autonavi.com/showpic/0efa15028ebc29813559d6eace7e65b2&http://store.is.autonavi.com/showpic/35048eb5b6bd4387abea3c11e3ca1651",
        "updatetime": "2024-09-24 17:55:43",
        "is_textile": false,
        "category": "Shopping",
        "surrounding_poi_count": 8,
        "simulated_floor": 1,
        "occupied_floors": 1,
        "simulated_elevation": 0
      },
      "geometry": {
        "type": "Point",
        "coordinates": [
          113.31171923600004,
          23.08307942700003,
          0
        ]
      }
    },
    {
      "type": "Feature",
      "properties": {
        "fid": 1619,
        "OBJECTID": 310247,
        "id": "B0FFI6DO52",
        "parent": [],
        "children": [],
        "name": "佳宇超市",
        "type": "购物服务;便民商店/便利店;便民商店/便利店",
        "typecode": "060200",
        "biz_type": [],
        "address": "上冲西约南一巷一号",
        "tel": [],
        "postcode": [],
        "website": [],
        "email": [],
        "pcode": "440000",
        "pname": "广东省",
        "citycode": "020",
        "cityname": "广州市",
        "adcode": "440105",
        "plongcj02": "113.31316834089277",
        "platgcj02": "23.08355159977743",
        "adname": "海珠区",
        "entr_location": "113.31327911802401,23.08359637898513",
        "navi_poiid": [],
        "alias": [],
        "parking_type": [],
        "tag": [],
        "indoor_map": "0",
        "cpid": [],
        "floor": [],
        "truefloor": [],
        "business_area": "赤岗",
        "rating": "3.4",
        "cost": [],
        "meal_ordering": [],
        "seat_ordering": [],
        "ticket_ordering": [],
        "hotel_ordering": [],
        "photos_title": [],
        "photos_url": [],
        "updatetime": "2024-11-29 11:06:02",
        "is_textile": false,
        "category": "Shopping",
        "surrounding_poi_count": 12,
        "simulated_floor": 1,
        "occupied_floors": 1,
        "simulated_elevation": 0
      },
      "geometry": {
        "type": "Point",
        "coordinates": [
          113.31316834100005,
          23.083551600000078,
          0
        ]
      }
    },
    {
      "type": "Feature",
      "properties": {
        "fid": 1621,
        "OBJECTID": 310249,
        "id": "B0HK1Z7U3R",
        "parent": [],
        "children": [],
        "name": "清香粮油店",
        "type": "购物服务;综合市场;农副产品市场",
        "typecode": "060703",
        "biz_type": [],
        "address": "乐敦路与上冲西约南一巷交叉口西北60米",
        "tel": "13418129092",
        "postcode": [],
        "website": [],
        "email": [],
        "pcode": "440000",
        "pname": "广东省",
        "citycode": "020",
        "cityname": "广州市",
        "adcode": "440105",
        "plongcj02": "113.31320127588711",
        "platgcj02": "23.08354654186943",
        "adname": "海珠区",
        "entr_location": "113.31330107740192,23.083552357431948",
        "navi_poiid": [],
        "alias": [],
        "parking_type": [],
        "tag": [],
        "indoor_map": "0",
        "cpid": [],
        "floor": [],
        "truefloor": [],
        "business_area": "新港",
        "rating": "3.9",
        "cost": [],
        "meal_ordering": [],
        "seat_ordering": [],
        "ticket_ordering": [],
        "hotel_ordering": [],
        "photos_title": [],
        "photos_url": [],
        "updatetime": "2024-08-30 00:29:32",
        "is_textile": false,
        "category": "Shopping",
        "surrounding_poi_count": 12,
        "simulated_floor": 1,
        "occupied_floors": 1,
        "simulated_elevation": 0
      },
      "geometry": {
        "type": "Point",
        "coordinates": [
          113.31320127600009,
          23.08354654200008,
          0
        ]
      }
    },
    {
      "type": "Feature",
      "properties": {
        "fid": 1628,
        "OBJECTID": 310256,
        "id": "B0FFFQZHHL",
        "parent": [],
        "children": [],
        "name": "广源针车行(名俊楼东南)",
        "type": "购物服务;专卖店;专营店",
        "typecode": "061200",
        "biz_type": [],
        "address": "上涌村西约新大街上涌村",
        "tel": "13570520453;18986955006",
        "postcode": [],
        "website": [],
        "email": [],
        "pcode": "440000",
        "pname": "广东省",
        "citycode": "020",
        "cityname": "广州市",
        "adcode": "440105",
        "plongcj02": "113.31207748111879",
        "platgcj02": "23.083806473883353",
        "adname": "海珠区",
        "entr_location": [],
        "navi_poiid": "F49F011043_768304",
        "alias": "台湾伊田缝纫机(上冲专卖店)",
        "parking_type": [],
        "tag": [],
        "indoor_map": "0",
        "cpid": [],
        "floor": [],
        "truefloor": [],
        "business_area": "赤岗",
        "rating": "3.9",
        "cost": [],
        "meal_ordering": [],
        "seat_ordering": [],
        "ticket_ordering": [],
        "hotel_ordering": [],
        "photos_title": [],
        "photos_url": [],
        "updatetime": "2024-07-10 22:37:53",
        "is_textile": false,
        "category": "Auto/Car Service",
        "surrounding_poi_count": 8,
        "simulated_floor": 1,
        "occupied_floors": 1,
        "simulated_elevation": 0
      },
      "geometry": {
        "type": "Point",
        "coordinates": [
          113.31207748100007,
          23.083806474000028,
          0
        ]
      }
    },
    {
      "type": "Feature",
      "properties": {
        "fid": 1633,
        "OBJECTID": 310261,
        "id": "B0FFL7XWM2",
        "parent": [],
        "children": [],
        "name": "中国移动",
        "type": "生活服务;电讯营业厅;中国移动营业厅|购物服务;家电电子卖场;手机销售",
        "typecode": "070603|060305",
        "biz_type": [],
        "address": "上冲东约大街24巷14号",
        "tel": [],
        "postcode": [],
        "website": [],
        "email": [],
        "pcode": "440000",
        "pname": "广东省",
        "citycode": "020",
        "cityname": "广州市",
        "adcode": "440105",
        "plongcj02": "113.31309645787739",
        "platgcj02": "23.083930571513303",
        "adname": "海珠区",
        "entr_location": [],
        "navi_poiid": [],
        "alias": [],
        "parking_type": [],
        "tag": [],
        "indoor_map": "0",
        "cpid": [],
        "floor": [],
        "truefloor": [],
        "business_area": "赤岗",
        "rating": "4.0",
        "cost": [],
        "meal_ordering": [],
        "seat_ordering": [],
        "ticket_ordering": [],
        "hotel_ordering": [],
        "photos_title": [],
        "photos_url": "http://store.is.autonavi.com/showpic/f937be80a3b203bb1964f67740da7c95&http://store.is.autonavi.com/showpic/3f7f67e01f9957c2aabd9e435b4f47bc",
        "updatetime": "2024-10-16 22:36:44",
        "is_textile": false,
        "category": "Shopping",
        "surrounding_poi_count": 15,
        "simulated_floor": 1,
        "occupied_floors": 1,
        "simulated_elevation": 0
      },
      "geometry": {
        "type": "Point",
        "coordinates": [
          113.31309645800002,
          23.083930572000043,
          0
        ]
      }
    },
    {
      "type": "Feature",
      "properties": {
        "fid": 1634,
        "OBJECTID": 310262,
        "id": "B00141RA6O",
        "parent": [],
        "children": [],
        "name": "正又兴超市(嗣人百货商店)",
        "type": "购物服务;超级市场;超市|购物服务;便民商店/便利店;便民商店/便利店",
        "typecode": "060400|060200",
        "biz_type": [],
        "address": "广州大道南上冲西约新一巷3号",
        "tel": [],
        "postcode": [],
        "website": [],
        "email": [],
        "pcode": "440000",
        "pname": "广东省",
        "citycode": "020",
        "cityname": "广州市",
        "adcode": "440105",
        "plongcj02": "113.31192377768862",
        "platgcj02": "23.0838997127082",
        "adname": "海珠区",
        "entr_location": "113.31191080620388,23.083855754626075",
        "navi_poiid": "F49F011043_286890;286889",
        "alias": [],
        "parking_type": [],
        "tag": [],
        "indoor_map": "0",
        "cpid": [],
        "floor": [],
        "truefloor": [],
        "business_area": "赤岗",
        "rating": "4.2",
        "cost": [],
        "meal_ordering": [],
        "seat_ordering": [],
        "ticket_ordering": [],
        "hotel_ordering": [],
        "photos_title": [],
        "photos_url": "http://store.is.autonavi.com/showpic/c83719905a4c28be22495fc801893eee&http://store.is.autonavi.com/showpic/94c16bb2b57a14831a8b8118c3d809f5",
        "updatetime": "2024-11-27 03:49:06",
        "is_textile": false,
        "category": "Shopping",
        "surrounding_poi_count": 12,
        "simulated_floor": 1,
        "occupied_floors": 1,
        "simulated_elevation": 0
      },
      "geometry": {
        "type": "Point",
        "coordinates": [
          113.31192377800005,
          23.08389971300005,
          0
        ]
      }
    },
    {
      "type": "Feature",
      "properties": {
        "fid": 1635,
        "OBJECTID": 310263,
        "id": "B00141RA6O",
        "parent": [],
        "children": [],
        "name": "正又兴超市(嗣人百货商店)",
        "type": "购物服务;超级市场;超市|购物服务;便民商店/便利店;便民商店/便利店",
        "typecode": "060400|060200",
        "biz_type": [],
        "address": "广州大道南上冲西约新一巷3号",
        "tel": [],
        "postcode": [],
        "website": [],
        "email": [],
        "pcode": "440000",
        "pname": "广东省",
        "citycode": "020",
        "cityname": "广州市",
        "adcode": "440105",
        "plongcj02": "113.31192377768862",
        "platgcj02": "23.0838997127082",
        "adname": "海珠区",
        "entr_location": "113.31191080620388,23.083855754626075",
        "navi_poiid": "F49F011043_286890;286889",
        "alias": [],
        "parking_type": [],
        "tag": [],
        "indoor_map": "0",
        "cpid": [],
        "floor": [],
        "truefloor": [],
        "business_area": "赤岗",
        "rating": "4.2",
        "cost": [],
        "meal_ordering": [],
        "seat_ordering": [],
        "ticket_ordering": [],
        "hotel_ordering": [],
        "photos_title": [],
        "photos_url": "http://store.is.autonavi.com/showpic/c83719905a4c28be22495fc801893eee&http://store.is.autonavi.com/showpic/94c16bb2b57a14831a8b8118c3d809f5",
        "updatetime": "2024-11-27 03:49:06",
        "is_textile": false,
        "category": "Shopping",
        "surrounding_poi_count": 12,
        "simulated_floor": 1,
        "occupied_floors": 1,
        "simulated_elevation": 0
      },
      "geometry": {
        "type": "Point",
        "coordinates": [
          113.31192377800005,
          23.08389971300005,
          0
        ]
      }
    },
    {
      "type": "Feature",
      "properties": {
        "fid": 1636,
        "OBJECTID": 310264,
        "id": "B0FFFQZAI9",
        "parent": [],
        "children": [],
        "name": "佳惠平价超市(上冲西约南一巷店)",
        "type": "购物服务;便民商店/便利店;便民商店/便利店",
        "typecode": "060200",
        "biz_type": [],
        "address": "上冲村西约大街25号一楼",
        "tel": [],
        "postcode": [],
        "website": [],
        "email": [],
        "pcode": "440000",
        "pname": "广东省",
        "citycode": "020",
        "cityname": "广州市",
        "adcode": "440105",
        "plongcj02": "113.31140784890123",
        "platgcj02": "23.08305999663117",
        "adname": "海珠区",
        "entr_location": "113.3113000854137,23.082689346514616",
        "navi_poiid": [],
        "alias": [],
        "parking_type": [],
        "tag": [],
        "indoor_map": "0",
        "cpid": [],
        "floor": [],
        "truefloor": [],
        "business_area": "赤岗",
        "rating": "3.6",
        "cost": [],
        "meal_ordering": [],
        "seat_ordering": [],
        "ticket_ordering": [],
        "hotel_ordering": [],
        "photos_title": [],
        "photos_url": [],
        "updatetime": "2024-03-06 16:00:49",
        "is_textile": false,
        "category": "Shopping",
        "surrounding_poi_count": 5,
        "simulated_floor": 1,
        "occupied_floors": 1,
        "simulated_elevation": 0
      },
      "geometry": {
        "type": "Point",
        "coordinates": [
          113.31140784900003,
          23.083059997000078,
          0
        ]
      }
    },
    {
      "type": "Feature",
      "properties": {
        "fid": 1638,
        "OBJECTID": 310266,
        "id": "B0HKHREU98",
        "parent": [],
        "children": [],
        "name": "家乐粮食店",
        "type": "购物服务;综合市场;农副产品市场",
        "typecode": "060703",
        "biz_type": [],
        "address": "上冲中约大街上涌村",
        "tel": "13650960366;15918802508",
        "postcode": [],
        "website": [],
        "email": [],
        "pcode": "440000",
        "pname": "广东省",
        "citycode": "020",
        "cityname": "广州市",
        "adcode": "440105",
        "plongcj02": "113.31243476943808",
        "platgcj02": "23.083903785654538",
        "adname": "海珠区",
        "entr_location": [],
        "navi_poiid": [],
        "alias": [],
        "parking_type": [],
        "tag": [],
        "indoor_map": "0",
        "cpid": [],
        "floor": [],
        "truefloor": [],
        "business_area": "赤岗",
        "rating": "3.9",
        "cost": [],
        "meal_ordering": [],
        "seat_ordering": [],
        "ticket_ordering": [],
        "hotel_ordering": [],
        "photos_title": [],
        "photos_url": [],
        "updatetime": "2024-07-12 22:46:59",
        "is_textile": false,
        "category": "Shopping",
        "surrounding_poi_count": 4,
        "simulated_floor": 1,
        "occupied_floors": 1,
        "simulated_elevation": 0
      },
      "geometry": {
        "type": "Point",
        "coordinates": [
          113.3124347690001,
          23.083903786000064,
          0
        ]
      }
    },
    {
      "type": "Feature",
      "properties": {
        "fid": 1640,
        "OBJECTID": 310268,
        "id": "B0JKPAWSWA",
        "parent": [],
        "children": [],
        "name": "富友超市(上冲店)",
        "type": "购物服务;购物相关场所;购物相关场所",
        "typecode": "060000",
        "biz_type": [],
        "address": "上冲中约大街13号",
        "tel": [],
        "postcode": [],
        "website": [],
        "email": [],
        "pcode": "440000",
        "pname": "广东省",
        "citycode": "020",
        "cityname": "广州市",
        "adcode": "440105",
        "plongcj02": "113.31233596679154",
        "platgcj02": "23.083870978606186",
        "adname": "海珠区",
        "entr_location": "113.31231700207167,23.083902999528885",
        "navi_poiid": [],
        "alias": [],
        "parking_type": [],
        "tag": [],
        "indoor_map": "0",
        "cpid": [],
        "floor": [],
        "truefloor": [],
        "business_area": "赤岗",
        "rating": "3.2",
        "cost": [],
        "meal_ordering": [],
        "seat_ordering": [],
        "ticket_ordering": [],
        "hotel_ordering": [],
        "photos_title": [],
        "photos_url": [],
        "updatetime": "2024-07-14 19:36:46",
        "is_textile": false,
        "category": "Shopping",
        "surrounding_poi_count": 6,
        "simulated_floor": 1,
        "occupied_floors": 1,
        "simulated_elevation": 0
      },
      "geometry": {
        "type": "Point",
        "coordinates": [
          113.31233596700008,
          23.08387097900004,
          0
        ]
      }
    },
    {
      "type": "Feature",
      "properties": {
        "fid": 1642,
        "OBJECTID": 310270,
        "id": "B0FFGHFR82",
        "parent": [],
        "children": [],
        "name": "小正有新超市",
        "type": "购物服务;超级市场;超市",
        "typecode": "060400",
        "biz_type": [],
        "address": "广州大道南上冲西约新一巷4号",
        "tel": [],
        "postcode": [],
        "website": [],
        "email": [],
        "pcode": "440000",
        "pname": "广东省",
        "citycode": "020",
        "cityname": "广州市",
        "adcode": "440105",
        "plongcj02": "113.3119657043549",
        "platgcj02": "23.083762694477738",
        "adname": "海珠区",
        "entr_location": "113.31201360505302,23.08383557722184",
        "navi_poiid": [],
        "alias": [],
        "parking_type": [],
        "tag": [],
        "indoor_map": "0",
        "cpid": [],
        "floor": [],
        "truefloor": [],
        "business_area": "新港",
        "rating": "2.8",
        "cost": [],
        "meal_ordering": [],
        "seat_ordering": [],
        "ticket_ordering": [],
        "hotel_ordering": [],
        "photos_title": [],
        "photos_url": [],
        "updatetime": "2024-07-09 21:44:54",
        "is_textile": false,
        "category": "Shopping",
        "surrounding_poi_count": 7,
        "simulated_floor": 1,
        "occupied_floors": 1,
        "simulated_elevation": 0
      },
      "geometry": {
        "type": "Point",
        "coordinates": [
          113.31196570400004,
          23.08376269400003,
          0
        ]
      }
    },
    {
      "type": "Feature",
      "properties": {
        "fid": 1647,
        "OBJECTID": 310275,
        "id": "B0HD1M2K4Z",
        "parent": [],
        "children": [],
        "name": "友谊服装辅料",
        "type": "购物服务;专卖店;专营店",
        "typecode": "061200",
        "biz_type": [],
        "address": "南洲街道上冲西约大街22号201",
        "tel": "020-83653126;13450244203",
        "postcode": [],
        "website": [],
        "email": [],
        "pcode": "440000",
        "pname": "广东省",
        "citycode": "020",
        "cityname": "广州市",
        "adcode": "440105",
        "plongcj02": "113.3112950652962",
        "platgcj02": "23.083133168938208",
        "adname": "海珠区",
        "entr_location": "113.31117532796115,23.082720557835348",
        "navi_poiid": [],
        "alias": [],
        "parking_type": [],
        "tag": [],
        "indoor_map": "0",
        "cpid": [],
        "floor": [],
        "truefloor": [],
        "business_area": "赤岗",
        "rating": "3.6",
        "cost": [],
        "meal_ordering": [],
        "seat_ordering": [],
        "ticket_ordering": [],
        "hotel_ordering": [],
        "photos_title": [],
        "photos_url": [],
        "updatetime": "2024-03-06 15:52:59",
        "is_textile": true,
        "category": "Shopping",
        "surrounding_poi_count": 8,
        "simulated_floor": 1,
        "occupied_floors": 1,
        "simulated_elevation": 0
      },
      "geometry": {
        "type": "Point",
        "coordinates": [
          113.31129506500008,
          23.083133169000064,
          0
        ]
      }
    },
    {
      "type": "Feature",
      "properties": {
        "fid": 1649,
        "OBJECTID": 310277,
        "id": "B0FFH5RWEA",
        "parent": [],
        "children": [],
        "name": "华丰服装辅料店",
        "type": "购物服务;专卖店;专营店",
        "typecode": "061200",
        "biz_type": [],
        "address": "岳口镇大吴家台",
        "tel": "13126431914;13699725595",
        "postcode": [],
        "website": [],
        "email": [],
        "pcode": "440000",
        "pname": "广东省",
        "citycode": "020",
        "cityname": "广州市",
        "adcode": "440105",
        "plongcj02": "113.31128803279246",
        "platgcj02": "23.08381889339005",
        "adname": "海珠区",
        "entr_location": [],
        "navi_poiid": "F49F011043_768267",
        "alias": [],
        "parking_type": [],
        "tag": [],
        "indoor_map": "0",
        "cpid": [],
        "floor": [],
        "truefloor": [],
        "business_area": "赤岗",
        "rating": "4.1",
        "cost": [],
        "meal_ordering": [],
        "seat_ordering": [],
        "ticket_ordering": [],
        "hotel_ordering": [],
        "photos_title": [],
        "photos_url": [],
        "updatetime": "2024-12-22 04:41:49",
        "is_textile": true,
        "category": "Shopping",
        "surrounding_poi_count": 14,
        "simulated_floor": 1,
        "occupied_floors": 1,
        "simulated_elevation": 0
      },
      "geometry": {
        "type": "Point",
        "coordinates": [
          113.3112880330001,
          23.083818893000057,
          0
        ]
      }
    },
    {
      "type": "Feature",
      "properties": {
        "fid": 1653,
        "OBJECTID": 310281,
        "id": "B0FFL2RM8W",
        "parent": [],
        "children": [],
        "name": "杨涛便利",
        "type": "购物服务;便民商店/便利店;便民商店/便利店",
        "typecode": "060200",
        "biz_type": [],
        "address": "上冲西约大街37号1楼",
        "tel": "13538715046",
        "postcode": [],
        "website": [],
        "email": [],
        "pcode": "440000",
        "pname": "广东省",
        "citycode": "020",
        "cityname": "广州市",
        "adcode": "440105",
        "plongcj02": "113.31087088652811",
        "platgcj02": "23.08327787037939",
        "adname": "海珠区",
        "entr_location": "113.31072819563181,23.082832313593556",
        "navi_poiid": [],
        "alias": [],
        "parking_type": [],
        "tag": [],
        "indoor_map": "0",
        "cpid": [],
        "floor": [],
        "truefloor": [],
        "business_area": "新港",
        "rating": "4.2",
        "cost": [],
        "meal_ordering": [],
        "seat_ordering": [],
        "ticket_ordering": [],
        "hotel_ordering": [],
        "photos_title": [],
        "photos_url": "http://store.is.autonavi.com/showpic/4269353e1108a460429b662b8e4f0f83&http://store.is.autonavi.com/showpic/7229d2e698184b665cb484004f0063f5",
        "updatetime": "2024-06-08 11:33:28",
        "is_textile": false,
        "category": "Shopping",
        "surrounding_poi_count": 3,
        "simulated_floor": 1,
        "occupied_floors": 1,
        "simulated_elevation": 0
      },
      "geometry": {
        "type": "Point",
        "coordinates": [
          113.31087088700008,
          23.083277870000074,
          0
        ]
      }
    },
    {
      "type": "Feature",
      "properties": {
        "fid": 2135,
        "OBJECTID": 407910,
        "id": "B0FFFPZH7H",
        "parent": [],
        "children": [],
        "name": "喜歌纸样(上冲店)",
        "type": "购物服务;购物相关场所;购物相关场所|生活服务;生活服务场所;生活服务场所",
        "typecode": "060000|070000",
        "biz_type": [],
        "address": "上冲中约新街三巷16号一楼",
        "tel": "18520329102;18664602178",
        "postcode": [],
        "website": [],
        "email": [],
        "pcode": "440000",
        "pname": "广东省",
        "citycode": "020",
        "cityname": "广州市",
        "adcode": "440105",
        "plongcj02": "113.31211233376335",
        "platgcj02": "23.084970921723176",
        "adname": "海珠区",
        "entr_location": [],
        "navi_poiid": "F49F011043_386854",
        "alias": [],
        "parking_type": [],
        "tag": [],
        "indoor_map": "0",
        "cpid": [],
        "floor": [],
        "truefloor": [],
        "business_area": "赤岗",
        "rating": "4.0",
        "cost": [],
        "meal_ordering": [],
        "seat_ordering": [],
        "ticket_ordering": [],
        "hotel_ordering": [],
        "photos_title": [],
        "photos_url": "http://store.is.autonavi.com/showpic/244a816d4b6301a8d5a9e8ab211416e2&http://store.is.autonavi.com/showpic/ce8c712180c99954995879829abb6f25",
        "updatetime": "2024-08-14 12:07:21",
        "is_textile": false,
        "category": "Shopping",
        "surrounding_poi_count": 30,
        "simulated_floor": 1,
        "occupied_floors": 1,
        "simulated_elevation": 0
      },
      "geometry": {
        "type": "Point",
        "coordinates": [
          113.31211233400006,
          23.084970922000025,
          0
        ]
      }
    },
    {
      "type": "Feature",
      "properties": {
        "fid": 2140,
        "OBJECTID": 407942,
        "id": "B0FFL7XWM2",
        "parent": [],
        "children": [],
        "name": "中国移动",
        "type": "生活服务;电讯营业厅;中国移动营业厅|购物服务;家电电子卖场;手机销售",
        "typecode": "070603|060305",
        "biz_type": [],
        "address": "上冲东约大街24巷14号",
        "tel": [],
        "postcode": [],
        "website": [],
        "email": [],
        "pcode": "440000",
        "pname": "广东省",
        "citycode": "020",
        "cityname": "广州市",
        "adcode": "440105",
        "plongcj02": "113.31309645787739",
        "platgcj02": "23.083930571513303",
        "adname": "海珠区",
        "entr_location": [],
        "navi_poiid": [],
        "alias": [],
        "parking_type": [],
        "tag": [],
        "indoor_map": "0",
        "cpid": [],
        "floor": [],
        "truefloor": [],
        "business_area": "赤岗",
        "rating": "4.0",
        "cost": [],
        "meal_ordering": [],
        "seat_ordering": [],
        "ticket_ordering": [],
        "hotel_ordering": [],
        "photos_title": [],
        "photos_url": "http://store.is.autonavi.com/showpic/f937be80a3b203bb1964f67740da7c95&http://store.is.autonavi.com/showpic/3f7f67e01f9957c2aabd9e435b4f47bc",
        "updatetime": "2024-10-16 22:36:44",
        "is_textile": false,
        "category": "Shopping",
        "surrounding_poi_count": 15,
        "simulated_floor": 1,
        "occupied_floors": 1,
        "simulated_elevation": 0
      },
      "geometry": {
        "type": "Point",
        "coordinates": [
          113.31309645800002,
          23.083930572000043,
          0
        ]
      }
    },
    {
      "type": "Feature",
      "properties": {
        "fid": 2445,
        "OBJECTID": 480868,
        "id": "B0J0H7QHJY",
        "parent": "B00140USYK",
        "children": [],
        "name": "苏尼烫染潮流馆(名粤小区店)",
        "type": "生活服务;美容美发店;美容美发店",
        "typecode": "071100",
        "biz_type": [],
        "address": "名粤小区",
        "tel": [],
        "postcode": [],
        "website": [],
        "email": [],
        "pcode": "440000",
        "pname": "广东省",
        "citycode": "020",
        "cityname": "广州市",
        "adcode": "440105",
        "plongcj02": "113.31272709733669",
        "platgcj02": "23.085296669929516",
        "adname": "海珠区",
        "entr_location": "113.31268019035001,23.085293756391227",
        "navi_poiid": [],
        "alias": [],
        "parking_type": [],
        "tag": [],
        "indoor_map": "0",
        "cpid": [],
        "floor": [],
        "truefloor": [],
        "business_area": "赤岗",
        "rating": "3.5",
        "cost": [],
        "meal_ordering": [],
        "seat_ordering": [],
        "ticket_ordering": [],
        "hotel_ordering": [],
        "photos_title": [],
        "photos_url": [],
        "updatetime": "2024-02-12 02:30:38",
        "is_textile": false,
        "category": "Life Services",
        "surrounding_poi_count": 36,
        "simulated_floor": 5,
        "occupied_floors": 1,
        "simulated_elevation": 14.0
      },
      "geometry": {
        "type": "Point",
        "coordinates": [
          113.3127270970001,
          23.085296670000048,
          14.0
        ]
      }
    },
    {
      "type": "Feature",
      "properties": {
        "fid": 2446,
        "OBJECTID": 480869,
        "id": "B0JG0UDRJH",
        "parent": "B00140USYK",
        "children": [],
        "name": "星慕SALON(名粤小区店)",
        "type": "生活服务;美容美发店;美容美发店",
        "typecode": "071100",
        "biz_type": [],
        "address": "上冲中约新街36号之八",
        "tel": "15818140504",
        "postcode": [],
        "website": [],
        "email": [],
        "pcode": "440000",
        "pname": "广东省",
        "citycode": "020",
        "cityname": "广州市",
        "adcode": "440105",
        "plongcj02": "113.31251551105744",
        "platgcj02": "23.085367024685446",
        "adname": "海珠区",
        "entr_location": "113.31257638868925,23.085396901634017",
        "navi_poiid": [],
        "alias": [],
        "parking_type": [],
        "tag": [],
        "indoor_map": "0",
        "cpid": [],
        "floor": [],
        "truefloor": [],
        "business_area": "赤岗",
        "rating": "3.8",
        "cost": [],
        "meal_ordering": [],
        "seat_ordering": [],
        "ticket_ordering": [],
        "hotel_ordering": [],
        "photos_title": [],
        "photos_url": "http://store.is.autonavi.com/showpic/2b5d5ee8193a16415fc396ef758fead7&http://store.is.autonavi.com/showpic/e6e44d8ab5d3c2afd064b68ff09741c5",
        "updatetime": "2024-08-05 13:00:10",
        "is_textile": false,
        "category": "Life Services",
        "surrounding_poi_count": 28,
        "simulated_floor": 2,
        "occupied_floors": 1,
        "simulated_elevation": 3.5
      },
      "geometry": {
        "type": "Point",
        "coordinates": [
          113.31251551100002,
          23.08536702500004,
          3.5
        ]
      }
    },
    {
      "type": "Feature",
      "properties": {
        "fid": 2447,
        "OBJECTID": 480870,
        "id": "B0I3F91QUM",
        "parent": "B00140USYK",
        "children": [],
        "name": "卫权服装压折厂(名粤小区店)",
        "type": "生活服务;生活服务场所;生活服务场所",
        "typecode": "070000",
        "biz_type": [],
        "address": "名粤小区",
        "tel": "13959691567;15918639997",
        "postcode": [],
        "website": [],
        "email": [],
        "pcode": "440000",
        "pname": "广东省",
        "citycode": "020",
        "cityname": "广州市",
        "adcode": "440105",
        "plongcj02": "113.31262432542792",
        "platgcj02": "23.084930010570275",
        "adname": "海珠区",
        "entr_location": "113.31269419161436,23.084864910979405",
        "navi_poiid": [],
        "alias": [],
        "parking_type": [],
        "tag": [],
        "indoor_map": "0",
        "cpid": [],
        "floor": [],
        "truefloor": [],
        "business_area": "赤岗",
        "rating": [],
        "cost": [],
        "meal_ordering": [],
        "seat_ordering": [],
        "ticket_ordering": [],
        "hotel_ordering": [],
        "photos_title": [],
        "photos_url": "http://store.is.autonavi.com/showpic/57ff699b2442948a41932f7041102705&http://store.is.autonavi.com/showpic/dd53834c3642f25f390760088e1031dc",
        "updatetime": "2024-09-23 16:55:18",
        "is_textile": true,
        "category": "Factory/Industrial",
        "surrounding_poi_count": 42,
        "simulated_floor": 1,
        "occupied_floors": 1,
        "simulated_elevation": 0
      },
      "geometry": {
        "type": "Point",
        "coordinates": [
          113.31262432500012,
          23.08493001100004,
          0
        ]
      }
    },
    {
      "type": "Feature",
      "properties": {
        "fid": 2448,
        "OBJECTID": 480871,
        "id": "B0KU7MR6HN",
        "parent": "B00140USYK",
        "children": [],
        "name": "薇薇·nail",
        "type": "生活服务;美容美发店;美容美发店",
        "typecode": "071100",
        "biz_type": [],
        "address": "上冲中约新街36号",
        "tel": [],
        "postcode": [],
        "website": [],
        "email": [],
        "pcode": "440000",
        "pname": "广东省",
        "citycode": "020",
        "cityname": "广州市",
        "adcode": "440105",
        "plongcj02": "113.31246161715377",
        "platgcj02": "23.085373119924554",
        "adname": "海珠区",
        "entr_location": "113.31247259263193,23.085415082399365",
        "navi_poiid": [],
        "alias": [],
        "parking_type": [],
        "tag": [],
        "indoor_map": "0",
        "cpid": [],
        "floor": [],
        "truefloor": [],
        "business_area": "赤岗",
        "rating": "3.5",
        "cost": [],
        "meal_ordering": [],
        "seat_ordering": [],
        "ticket_ordering": [],
        "hotel_ordering": [],
        "photos_title": [],
        "photos_url": [],
        "updatetime": "2024-12-16 08:01:15",
        "is_textile": false,
        "category": "Life Services",
        "surrounding_poi_count": 29,
        "simulated_floor": 3,
        "occupied_floors": 1,
        "simulated_elevation": 7.0
      },
      "geometry": {
        "type": "Point",
        "coordinates": [
          113.31246161700005,
          23.085373120000042,
          7.0
        ]
      }
    },
    {
      "type": "Feature",
      "properties": {
        "fid": 2449,
        "OBJECTID": 480872,
        "id": "B0FFL1SZEO",
        "parent": "B00140USYK",
        "children": [],
        "name": "广源特种专机",
        "type": "生活服务;生活服务场所;生活服务场所",
        "typecode": "070000",
        "biz_type": [],
        "address": "名粤小区西4门东140米",
        "tel": "18613114549",
        "postcode": [],
        "website": [],
        "email": [],
        "pcode": "440000",
        "pname": "广东省",
        "citycode": "020",
        "cityname": "广州市",
        "adcode": "440105",
        "plongcj02": "113.31254847964799",
        "platgcj02": "23.084867174672627",
        "adname": "海珠区",
        "entr_location": "113.31280696551543,23.084907688025286",
        "navi_poiid": [],
        "alias": [],
        "parking_type": [],
        "tag": [],
        "indoor_map": "0",
        "cpid": [],
        "floor": [],
        "truefloor": [],
        "business_area": "赤岗",
        "rating": [],
        "cost": [],
        "meal_ordering": [],
        "seat_ordering": [],
        "ticket_ordering": [],
        "hotel_ordering": [],
        "photos_title": [],
        "photos_url": [],
        "updatetime": "2024-08-05 13:03:31",
        "is_textile": false,
        "category": "Life Services",
        "surrounding_poi_count": 38,
        "simulated_floor": 3,
        "occupied_floors": 1,
        "simulated_elevation": 7.0
      },
      "geometry": {
        "type": "Point",
        "coordinates": [
          113.31254848000003,
          23.084867175000056,
          7.0
        ]
      }
    },
    {
      "type": "Feature",
      "properties": {
        "fid": 2450,
        "OBJECTID": 480873,
        "id": "B0K14HWIEW",
        "parent": "B00140USYK",
        "children": [],
        "name": "薇薇国际美睫纹绣",
        "type": "生活服务;美容美发店;美容美发店",
        "typecode": "071100",
        "biz_type": [],
        "address": "名粤小区",
        "tel": [],
        "postcode": [],
        "website": [],
        "email": [],
        "pcode": "440000",
        "pname": "广东省",
        "citycode": "020",
        "cityname": "广州市",
        "adcode": "440105",
        "plongcj02": "113.31243467018928",
        "platgcj02": "23.08537616753107",
        "adname": "海珠区",
        "entr_location": "113.31244265131652,23.085422133761163",
        "navi_poiid": [],
        "alias": [],
        "parking_type": [],
        "tag": [],
        "indoor_map": "0",
        "cpid": [],
        "floor": [],
        "truefloor": [],
        "business_area": "赤岗",
        "rating": "3.5",
        "cost": [],
        "meal_ordering": [],
        "seat_ordering": [],
        "ticket_ordering": [],
        "hotel_ordering": [],
        "photos_title": [],
        "photos_url": [],
        "updatetime": "2024-11-03 03:14:07",
        "is_textile": false,
        "category": "Life Services",
        "surrounding_poi_count": 32,
        "simulated_floor": 3,
        "occupied_floors": 1,
        "simulated_elevation": 7.0
      },
      "geometry": {
        "type": "Point",
        "coordinates": [
          113.31243467000002,
          23.08537616800004,
          7.0
        ]
      }
    },
    {
      "type": "Feature",
      "properties": {
        "fid": 2451,
        "OBJECTID": 480874,
        "id": "B0FFLKMCB8",
        "parent": "B00140USYK",
        "children": [],
        "name": "老杨印花",
        "type": "生活服务;生活服务场所;生活服务场所",
        "typecode": "070000",
        "biz_type": [],
        "address": "名粤小区北2门东南70米",
        "tel": [],
        "postcode": [],
        "website": [],
        "email": [],
        "pcode": "440000",
        "pname": "广东省",
        "citycode": "020",
        "cityname": "广州市",
        "adcode": "440105",
        "plongcj02": "113.31286484685256",
        "platgcj02": "23.084967557618064",
        "adname": "海珠区",
        "entr_location": "113.31287482978212,23.08492755625182",
        "navi_poiid": [],
        "alias": [],
        "parking_type": [],
        "tag": [],
        "indoor_map": "0",
        "cpid": [],
        "floor": [],
        "truefloor": [],
        "business_area": "赤岗",
        "rating": [],
        "cost": [],
        "meal_ordering": [],
        "seat_ordering": [],
        "ticket_ordering": [],
        "hotel_ordering": [],
        "photos_title": [],
        "photos_url": [],
        "updatetime": "2024-12-11 11:29:43",
        "is_textile": true,
        "category": "Life Services",
        "surrounding_poi_count": 52,
        "simulated_floor": 1,
        "occupied_floors": 1,
        "simulated_elevation": 0
      },
      "geometry": {
        "type": "Point",
        "coordinates": [
          113.31286484700001,
          23.084967558000073,
          0
        ]
      }
    },
    {
      "type": "Feature",
      "properties": {
        "fid": 2452,
        "OBJECTID": 480875,
        "id": "B0FFG3R9SX",
        "parent": "B00140USYK",
        "children": [],
        "name": "潮尚服装工作室",
        "type": "生活服务;生活服务场所;生活服务场所",
        "typecode": "070000",
        "biz_type": [],
        "address": "名粤小区北2门东南70米",
        "tel": "18154370115;18688854916",
        "postcode": [],
        "website": [],
        "email": [],
        "pcode": "440000",
        "pname": "广东省",
        "citycode": "020",
        "cityname": "广州市",
        "adcode": "440105",
        "plongcj02": "113.31289977679107",
        "platgcj02": "23.084980488641552",
        "adname": "海珠区",
        "entr_location": [],
        "navi_poiid": "F49F011043_386848",
        "alias": [],
        "parking_type": [],
        "tag": [],
        "indoor_map": "0",
        "cpid": [],
        "floor": [],
        "truefloor": [],
        "business_area": "赤岗",
        "rating": "3.8",
        "cost": [],
        "meal_ordering": [],
        "seat_ordering": [],
        "ticket_ordering": [],
        "hotel_ordering": [],
        "photos_title": [],
        "photos_url": "http://store.is.autonavi.com/showpic/7c358c374fd15e278447a886d7b6aee9&http://store.is.autonavi.com/showpic/7f4400b69b9c40e468a85c0d6d6fabda",
        "updatetime": "2024-11-27 20:11:56",
        "is_textile": true,
        "category": "Life Services",
        "surrounding_poi_count": 50,
        "simulated_floor": 3,
        "occupied_floors": 1,
        "simulated_elevation": 7.0
      },
      "geometry": {
        "type": "Point",
        "coordinates": [
          113.3128997770001,
          23.08498048900003,
          7.0
        ]
      }
    },
    {
      "type": "Feature",
      "properties": {
        "fid": 2454,
        "OBJECTID": 480877,
        "id": "B0FFF3UY3N",
        "parent": "B00140USYK",
        "children": [],
        "name": "8090创意造型(雅芬店)",
        "type": "生活服务;美容美发店;美容美发店",
        "typecode": "071100",
        "biz_type": [],
        "address": "上涌村中约新街36号",
        "tel": "15915855559",
        "postcode": [],
        "website": [],
        "email": [],
        "pcode": "440000",
        "pname": "广东省",
        "citycode": "020",
        "cityname": "广州市",
        "adcode": "440105",
        "plongcj02": "113.31304446811791",
        "platgcj02": "23.085305088994463",
        "adname": "海珠区",
        "entr_location": [],
        "navi_poiid": "F49F011043_306552",
        "alias": [],
        "parking_type": [],
        "tag": [],
        "indoor_map": "0",
        "cpid": [],
        "floor": [],
        "truefloor": [],
        "business_area": "赤岗",
        "rating": "4.2",
        "cost": [],
        "meal_ordering": [],
        "seat_ordering": [],
        "ticket_ordering": [],
        "hotel_ordering": [],
        "photos_title": [],
        "photos_url": "http://store.is.autonavi.com/showpic/495ecd82c806680b8607a3ba582fee77&http://store.is.autonavi.com/showpic/aa49fdc4e355489ac1ccae22884c7d55",
        "updatetime": "2024-11-16 07:26:31",
        "is_textile": false,
        "category": "Life Services",
        "surrounding_poi_count": 29,
        "simulated_floor": 4,
        "occupied_floors": 1,
        "simulated_elevation": 10.5
      },
      "geometry": {
        "type": "Point",
        "coordinates": [
          113.31304446800004,
          23.08530508900003,
          10.5
        ]
      }
    },
    {
      "type": "Feature",
      "properties": {
        "fid": 2455,
        "OBJECTID": 480878,
        "id": "B0HK3DI53Z",
        "parent": "B00140USYK",
        "children": [],
        "name": "嬉美巧容(名粤小区店)",
        "type": "生活服务;美容美发店;美容美发店",
        "typecode": "071100",
        "biz_type": [],
        "address": "名粤小区北2门旁",
        "tel": "13763337613",
        "postcode": [],
        "website": [],
        "email": [],
        "pcode": "440000",
        "pname": "广东省",
        "citycode": "020",
        "cityname": "广州市",
        "adcode": "440105",
        "plongcj02": "113.31226500216232",
        "platgcj02": "23.08542145612422",
        "adname": "海珠区",
        "entr_location": "113.3122789721608,23.085457415718693",
        "navi_poiid": [],
        "alias": [],
        "parking_type": [],
        "tag": [],
        "indoor_map": "0",
        "cpid": [],
        "floor": [],
        "truefloor": [],
        "business_area": "赤岗",
        "rating": "4.1",
        "cost": [],
        "meal_ordering": [],
        "seat_ordering": [],
        "ticket_ordering": [],
        "hotel_ordering": [],
        "photos_title": [],
        "photos_url": [],
        "updatetime": "2024-11-28 10:40:38",
        "is_textile": false,
        "category": "Life Services",
        "surrounding_poi_count": 36,
        "simulated_floor": 2,
        "occupied_floors": 1,
        "simulated_elevation": 3.5
      },
      "geometry": {
        "type": "Point",
        "coordinates": [
          113.31226500200012,
          23.085421456000063,
          3.5
        ]
      }
    },
    {
      "type": "Feature",
      "properties": {
        "fid": 2456,
        "OBJECTID": 480879,
        "id": "B0FFFOLHMQ",
        "parent": "B00140USYK",
        "children": [],
        "name": "绘美服装版房",
        "type": "生活服务;生活服务场所;生活服务场所",
        "typecode": "070000",
        "biz_type": [],
        "address": "上冲中约23号",
        "tel": "13826191561",
        "postcode": [],
        "website": [],
        "email": [],
        "pcode": "440000",
        "pname": "广东省",
        "citycode": "020",
        "cityname": "广州市",
        "adcode": "440105",
        "plongcj02": "113.31220515232259",
        "platgcj02": "23.084946763805185",
        "adname": "海珠区",
        "entr_location": [],
        "navi_poiid": "F49F011043_767117",
        "alias": [],
        "parking_type": [],
        "tag": [],
        "indoor_map": "0",
        "cpid": [],
        "floor": [],
        "truefloor": [],
        "business_area": "新港",
        "rating": "3.8",
        "cost": [],
        "meal_ordering": [],
        "seat_ordering": [],
        "ticket_ordering": [],
        "hotel_ordering": [],
        "photos_title": [],
        "photos_url": "http://store.is.autonavi.com/showpic/b12947f26494ee53b93234e05c4b4ea9&http://store.is.autonavi.com/showpic/56569acd11c3576984d207d6f6b5d5e1",
        "updatetime": "2024-12-05 16:10:50",
        "is_textile": true,
        "category": "Life Services",
        "surrounding_poi_count": 29,
        "simulated_floor": 5,
        "occupied_floors": 1,
        "simulated_elevation": 14.0
      },
      "geometry": {
        "type": "Point",
        "coordinates": [
          113.31220515200005,
          23.08494676400005,
          14.0
        ]
      }
    },
    {
      "type": "Feature",
      "properties": {
        "fid": 2457,
        "OBJECTID": 480880,
        "id": "B0FFK8VU5A",
        "parent": "B00140USYK",
        "children": [],
        "name": "中国移动",
        "type": "生活服务;电讯营业厅;中国移动营业厅",
        "typecode": "070603",
        "biz_type": [],
        "address": "中约新街一巷13号",
        "tel": "13710800675",
        "postcode": [],
        "website": [],
        "email": [],
        "pcode": "440000",
        "pname": "广东省",
        "citycode": "020",
        "cityname": "广州市",
        "adcode": "440105",
        "plongcj02": "113.31193065350767",
        "platgcj02": "23.085538012341033",
        "adname": "海珠区",
        "entr_location": "113.31200050867372,23.08564484119556",
        "navi_poiid": [],
        "alias": [],
        "parking_type": [],
        "tag": [],
        "indoor_map": "0",
        "cpid": [],
        "floor": [],
        "truefloor": [],
        "business_area": "赤岗",
        "rating": "4.4",
        "cost": [],
        "meal_ordering": [],
        "seat_ordering": [],
        "ticket_ordering": [],
        "hotel_ordering": [],
        "photos_title": [],
        "photos_url": "http://store.is.autonavi.com/showpic/cda62c7be399cbda910c1e0cf7e42506&http://store.is.autonavi.com/showpic/7275efa0634a97a4e204e30feec08606",
        "updatetime": "2024-08-14 08:32:13",
        "is_textile": false,
        "category": "Life Services",
        "surrounding_poi_count": 34,
        "simulated_floor": 1,
        "occupied_floors": 1,
        "simulated_elevation": 0
      },
      "geometry": {
        "type": "Point",
        "coordinates": [
          113.3119306540001,
          23.08553801200003,
          0
        ]
      }
    },
    {
      "type": "Feature",
      "properties": {
        "fid": 2458,
        "OBJECTID": 480881,
        "id": "B0FFLHNNEO",
        "parent": [],
        "children": [],
        "name": "潮顺印花厂(名粤小区店)",
        "type": "生活服务;生活服务场所;生活服务场所",
        "typecode": "070000",
        "biz_type": [],
        "address": "名粤小区西4门东90米",
        "tel": "13501514415;13692228829",
        "postcode": [],
        "website": [],
        "email": [],
        "pcode": "440000",
        "pname": "广东省",
        "citycode": "020",
        "cityname": "广州市",
        "adcode": "440105",
        "plongcj02": "113.31208837984207",
        "platgcj02": "23.08498795792552",
        "adname": "海珠区",
        "entr_location": [],
        "navi_poiid": [],
        "alias": [],
        "parking_type": [],
        "tag": [],
        "indoor_map": "0",
        "cpid": [],
        "floor": [],
        "truefloor": [],
        "business_area": "新港",
        "rating": [],
        "cost": [],
        "meal_ordering": [],
        "seat_ordering": [],
        "ticket_ordering": [],
        "hotel_ordering": [],
        "photos_title": [],
        "photos_url": "http://store.is.autonavi.com/showpic/9e7dff7015d3a80c978e669d093fd7e5&http://store.is.autonavi.com/showpic/de40ccc37560eaa0529602c710f70d23",
        "updatetime": "2024-12-05 19:50:57",
        "is_textile": true,
        "category": "Factory/Industrial",
        "surrounding_poi_count": 31,
        "simulated_floor": 1,
        "occupied_floors": 1,
        "simulated_elevation": 0
      },
      "geometry": {
        "type": "Point",
        "coordinates": [
          113.31208838000009,
          23.084987958000056,
          0
        ]
      }
    },
    {
      "type": "Feature",
      "properties": {
        "fid": 2459,
        "OBJECTID": 480882,
        "id": "B0J1NUEZJE",
        "parent": "B00140USYK",
        "children": [],
        "name": "当金阁黄金名表钻石回收",
        "type": "生活服务;生活服务场所;生活服务场所",
        "typecode": "070000",
        "biz_type": [],
        "address": "上冲中约新街-巷13号103",
        "tel": "13826238018",
        "postcode": [],
        "website": [],
        "email": [],
        "pcode": "440000",
        "pname": "广东省",
        "citycode": "020",
        "cityname": "广州市",
        "adcode": "440105",
        "plongcj02": "113.31187476302624",
        "platgcj02": "23.085546109963687",
        "adname": "海珠区",
        "entr_location": "113.31186777011088,23.0856450810687",
        "navi_poiid": [],
        "alias": [],
        "parking_type": [],
        "tag": [],
        "indoor_map": "0",
        "cpid": [],
        "floor": [],
        "truefloor": [],
        "business_area": "新港",
        "rating": "4.5",
        "cost": [],
        "meal_ordering": [],
        "seat_ordering": [],
        "ticket_ordering": [],
        "hotel_ordering": [],
        "photos_title": [],
        "photos_url": "http://store.is.autonavi.com/showpic/7b7dea9e45cbaa97e059ac38ce6e7303&http://store.is.autonavi.com/showpic/deb7a52727dd20f8822dcc9b518c342f",
        "updatetime": "2024-11-01 16:55:09",
        "is_textile": false,
        "category": "Life Services",
        "surrounding_poi_count": 34,
        "simulated_floor": 1,
        "occupied_floors": 1,
        "simulated_elevation": 0
      },
      "geometry": {
        "type": "Point",
        "coordinates": [
          113.3118747630001,
          23.085546110000053,
          0
        ]
      }
    },
    {
      "type": "Feature",
      "properties": {
        "fid": 2460,
        "OBJECTID": 480883,
        "id": "B0K14DZ6BB",
        "parent": [],
        "children": [],
        "name": "聚友e家专业裁床",
        "type": "生活服务;生活服务场所;生活服务场所",
        "typecode": "070000",
        "biz_type": [],
        "address": "乐敦路与上冲东约二十巷交叉口西北80米",
        "tel": [],
        "postcode": [],
        "website": [],
        "email": [],
        "pcode": "440000",
        "pname": "广东省",
        "citycode": "020",
        "cityname": "广州市",
        "adcode": "440105",
        "plongcj02": "113.31263132872613",
        "platgcj02": "23.084676104461366",
        "adname": "海珠区",
        "entr_location": "113.31258242698169,23.084653202885853",
        "navi_poiid": [],
        "alias": [],
        "parking_type": [],
        "tag": [],
        "indoor_map": "0",
        "cpid": [],
        "floor": [],
        "truefloor": [],
        "business_area": "赤岗",
        "rating": "3.4",
        "cost": [],
        "meal_ordering": [],
        "seat_ordering": [],
        "ticket_ordering": [],
        "hotel_ordering": [],
        "photos_title": [],
        "photos_url": [],
        "updatetime": "2024-11-03 03:14:08",
        "is_textile": false,
        "category": "Life Services",
        "surrounding_poi_count": 44,
        "simulated_floor": 3,
        "occupied_floors": 1,
        "simulated_elevation": 7.0
      },
      "geometry": {
        "type": "Point",
        "coordinates": [
          113.31263132900006,
          23.08467610400004,
          7.0
        ]
      }
    },
    {
      "type": "Feature",
      "properties": {
        "fid": 2462,
        "OBJECTID": 480885,
        "id": "B0J0J5M2WG",
        "parent": [],
        "children": [],
        "name": "59专业裁床",
        "type": "生活服务;生活服务场所;生活服务场所",
        "typecode": "070000",
        "biz_type": [],
        "address": "乐敦路与上冲东约二十巷交叉口西北60米",
        "tel": "13286883968",
        "postcode": [],
        "website": [],
        "email": [],
        "pcode": "440000",
        "pname": "广东省",
        "citycode": "020",
        "cityname": "广州市",
        "adcode": "440105",
        "plongcj02": "113.31276007622577",
        "platgcj02": "23.0846428844652",
        "adname": "海珠区",
        "entr_location": "113.31262634654634,23.08455816303903",
        "navi_poiid": [],
        "alias": [],
        "parking_type": [],
        "tag": [],
        "indoor_map": "0",
        "cpid": [],
        "floor": [],
        "truefloor": [],
        "business_area": "赤岗",
        "rating": "3.5",
        "cost": [],
        "meal_ordering": [],
        "seat_ordering": [],
        "ticket_ordering": [],
        "hotel_ordering": [],
        "photos_title": [],
        "photos_url": [],
        "updatetime": "2024-09-20 09:28:01",
        "is_textile": false,
        "category": "Life Services",
        "surrounding_poi_count": 54,
        "simulated_floor": 3,
        "occupied_floors": 1,
        "simulated_elevation": 7.0
      },
      "geometry": {
        "type": "Point",
        "coordinates": [
          113.31276007600002,
          23.08464288400006,
          7.0
        ]
      }
    },
    {
      "type": "Feature",
      "properties": {
        "fid": 2463,
        "OBJECTID": 480886,
        "id": "B0H6D456ZN",
        "parent": "B00140USYK",
        "children": [],
        "name": "中国体育彩票(敦丰路店)",
        "type": "生活服务;彩票彩券销售点;彩票彩券销售点",
        "typecode": "071800",
        "biz_type": [],
        "address": "名粤小区北3门旁",
        "tel": "95086",
        "postcode": [],
        "website": [],
        "email": [],
        "pcode": "440000",
        "pname": "广东省",
        "citycode": "020",
        "cityname": "广州市",
        "adcode": "440105",
        "plongcj02": "113.31191668122773",
        "platgcj02": "23.0855350388471",
        "adname": "海珠区",
        "entr_location": [],
        "navi_poiid": [],
        "alias": [],
        "parking_type": [],
        "tag": [],
        "indoor_map": "0",
        "cpid": [],
        "floor": [],
        "truefloor": [],
        "business_area": "赤岗",
        "rating": [],
        "cost": [],
        "meal_ordering": [],
        "seat_ordering": [],
        "ticket_ordering": [],
        "hotel_ordering": [],
        "photos_title": [],
        "photos_url": "http://store.is.autonavi.com/showpic/f609a85cb8fbb34c0aaea47203320ec7&http://store.is.autonavi.com/showpic/0b68f6f7ed19a81809e8d9cec5cbd0c0",
        "updatetime": "2024-10-30 23:56:11",
        "is_textile": false,
        "category": "Life Services",
        "surrounding_poi_count": 34,
        "simulated_floor": 2,
        "occupied_floors": 1,
        "simulated_elevation": 3.5
      },
      "geometry": {
        "type": "Point",
        "coordinates": [
          113.31191668100007,
          23.085535039000035,
          3.5
        ]
      }
    },
    {
      "type": "Feature",
      "properties": {
        "fid": 2464,
        "OBJECTID": 480887,
        "id": "B0K6XS4YME",
        "parent": "B00140USYK",
        "children": [],
        "name": "中国电信(江桂上涌村营业厅)",
        "type": "生活服务;电讯营业厅;中国电信营业厅",
        "typecode": "070601",
        "biz_type": [],
        "address": "上涌村上冲中约新街一巷10号",
        "tel": "020-34049072;18127919151",
        "postcode": [],
        "website": [],
        "email": [],
        "pcode": "440000",
        "pname": "广东省",
        "citycode": "020",
        "cityname": "广州市",
        "adcode": "440105",
        "plongcj02": "113.31166818447323",
        "platgcj02": "23.085324575986487",
        "adname": "海珠区",
        "entr_location": "113.3116222717694,23.085368640330415",
        "navi_poiid": "F49F011043_136472",
        "alias": [],
        "parking_type": [],
        "tag": [],
        "indoor_map": "0",
        "cpid": [],
        "floor": [],
        "truefloor": [],
        "business_area": "赤岗",
        "rating": "4.5",
        "cost": [],
        "meal_ordering": [],
        "seat_ordering": [],
        "ticket_ordering": [],
        "hotel_ordering": [],
        "photos_title": [],
        "photos_url": "https://aos-comment.amap.com/B0K6XS4YME/comment/cb6813b4234f65dc5d5c6751b030736a_2048_2048_80.jpg&https://aos-comment.amap.com/B00141KG39/comment/852b924bdc9906e8b9bb967ac9f80a45_2048_2048_80.jpg",
        "updatetime": "2024-11-03 04:15:07",
        "is_textile": false,
        "category": "Life Services",
        "surrounding_poi_count": 33,
        "simulated_floor": 4,
        "occupied_floors": 1,
        "simulated_elevation": 10.5
      },
      "geometry": {
        "type": "Point",
        "coordinates": [
          113.31166818400004,
          23.085324576000062,
          10.5
        ]
      }
    },
    {
      "type": "Feature",
      "properties": {
        "fid": 2465,
        "OBJECTID": 480888,
        "id": "B0I3TRIA82",
        "parent": [],
        "children": [],
        "name": "欣宇装饰",
        "type": "生活服务;生活服务场所;生活服务场所",
        "typecode": "070000",
        "biz_type": [],
        "address": "名粤小区西4门东80米",
        "tel": "13535097264",
        "postcode": [],
        "website": [],
        "email": [],
        "pcode": "440000",
        "pname": "广东省",
        "citycode": "020",
        "cityname": "广州市",
        "adcode": "440105",
        "plongcj02": "113.31194965772738",
        "platgcj02": "23.084921236874198",
        "adname": "海珠区",
        "entr_location": "113.31217122181906,23.084908841174702",
        "navi_poiid": [],
        "alias": [],
        "parking_type": [],
        "tag": [],
        "indoor_map": "0",
        "cpid": [],
        "floor": [],
        "truefloor": [],
        "business_area": "赤岗",
        "rating": "3.5",
        "cost": [],
        "meal_ordering": [],
        "seat_ordering": [],
        "ticket_ordering": [],
        "hotel_ordering": [],
        "photos_title": [],
        "photos_url": "http://store.is.autonavi.com/showpic/58b3d8cab449dba0575abad50fbe62a1&http://store.is.autonavi.com/showpic/8b4466d47cbad25b105b69aa626b996a",
        "updatetime": "2024-10-02 17:35:32",
        "is_textile": false,
        "category": "Life Services",
        "surrounding_poi_count": 29,
        "simulated_floor": 1,
        "occupied_floors": 1,
        "simulated_elevation": 0
      },
      "geometry": {
        "type": "Point",
        "coordinates": [
          113.31194965800012,
          23.08492123700006,
          0
        ]
      }
    },
    {
      "type": "Feature",
      "properties": {
        "fid": 2466,
        "OBJECTID": 480889,
        "id": "B0J1VR1TOK",
        "parent": [],
        "children": [],
        "name": "丰胜休闲中心",
        "type": "生活服务;洗浴推拿场所;洗浴推拿场所",
        "typecode": "071400",
        "biz_type": [],
        "address": "上冲中约大街33号",
        "tel": "19865570404",
        "postcode": [],
        "website": [],
        "email": [],
        "pcode": "440000",
        "pname": "广东省",
        "citycode": "020",
        "cityname": "广州市",
        "adcode": "440105",
        "plongcj02": "113.31296668022912",
        "platgcj02": "23.084447590655223",
        "adname": "海珠区",
        "entr_location": "113.31300859237277,23.08451848457916",
        "navi_poiid": [],
        "alias": [],
        "parking_type": [],
        "tag": [],
        "indoor_map": "0",
        "cpid": [],
        "floor": [],
        "truefloor": [],
        "business_area": "赤岗",
        "rating": "4.2",
        "cost": [],
        "meal_ordering": [],
        "seat_ordering": [],
        "ticket_ordering": [],
        "hotel_ordering": [],
        "photos_title": [],
        "photos_url": "http://store.is.autonavi.com/showpic/b5d8720be9d68bc739a66dc375a0ed7c&http://store.is.autonavi.com/showpic/eab8892ea6fbe8fd59525c5859638267",
        "updatetime": "2024-07-13 03:53:17",
        "is_textile": false,
        "category": "Life Services",
        "surrounding_poi_count": 36,
        "simulated_floor": 5,
        "occupied_floors": 1,
        "simulated_elevation": 14.0
      },
      "geometry": {
        "type": "Point",
        "coordinates": [
          113.31296668000005,
          23.08444759100007,
          14.0
        ]
      }
    },
    {
      "type": "Feature",
      "properties": {
        "fid": 2467,
        "OBJECTID": 480890,
        "id": "B0FFH1YMIS",
        "parent": [],
        "children": [],
        "name": "壹号专机",
        "type": "生活服务;生活服务场所;生活服务场所",
        "typecode": "070000",
        "biz_type": [],
        "address": "上冲中约大街与乐敦路交叉口西南100米",
        "tel": "13728058178;18571929838",
        "postcode": [],
        "website": [],
        "email": [],
        "pcode": "440000",
        "pname": "广东省",
        "citycode": "020",
        "cityname": "广州市",
        "adcode": "440105",
        "plongcj02": "113.31247465168819",
        "platgcj02": "23.084480471049275",
        "adname": "海珠区",
        "entr_location": "113.31264131862245,23.084533146350463",
        "navi_poiid": "F49F011043_768709",
        "alias": [],
        "parking_type": [],
        "tag": [],
        "indoor_map": "0",
        "cpid": [],
        "floor": [],
        "truefloor": [],
        "business_area": "赤岗",
        "rating": "3.9",
        "cost": [],
        "meal_ordering": [],
        "seat_ordering": [],
        "ticket_ordering": [],
        "hotel_ordering": [],
        "photos_title": [],
        "photos_url": "http://store.is.autonavi.com/showpic/48c5ceee8a3e9a74e9488f831bc45be3&http://store.is.autonavi.com/showpic/e4e2140debd4540b4587c185fd6b3653",
        "updatetime": "2024-10-02 16:40:43",
        "is_textile": false,
        "category": "Life Services",
        "surrounding_poi_count": 23,
        "simulated_floor": 3,
        "occupied_floors": 1,
        "simulated_elevation": 7.0
      },
      "geometry": {
        "type": "Point",
        "coordinates": [
          113.3124746520001,
          23.084480471000063,
          7.0
        ]
      }
    },
    {
      "type": "Feature",
      "properties": {
        "fid": 2469,
        "OBJECTID": 480892,
        "id": "B0KUPN0OLO",
        "parent": "B00140USYK",
        "children": [],
        "name": "一邦洗鞋(名粤小区店)",
        "type": "生活服务;生活服务场所;生活服务场所",
        "typecode": "070000",
        "biz_type": [],
        "address": "上冲中约新街一巷与敦丰路交叉口西南40米",
        "tel": [],
        "postcode": [],
        "website": [],
        "email": [],
        "pcode": "440000",
        "pname": "广东省",
        "citycode": "020",
        "cityname": "广州市",
        "adcode": "440105",
        "plongcj02": "113.31193465938917",
        "platgcj02": "23.085334090682004",
        "adname": "海珠区",
        "entr_location": "113.3119366630709,23.085221134471293",
        "navi_poiid": [],
        "alias": [],
        "parking_type": [],
        "tag": [],
        "indoor_map": "0",
        "cpid": [],
        "floor": [],
        "truefloor": [],
        "business_area": "赤岗",
        "rating": "3.0",
        "cost": [],
        "meal_ordering": [],
        "seat_ordering": [],
        "ticket_ordering": [],
        "hotel_ordering": [],
        "photos_title": [],
        "photos_url": [],
        "updatetime": "2024-09-04 02:51:59",
        "is_textile": false,
        "category": "Life Services",
        "surrounding_poi_count": 44,
        "simulated_floor": 1,
        "occupied_floors": 1,
        "simulated_elevation": 0
      },
      "geometry": {
        "type": "Point",
        "coordinates": [
          113.31193465900003,
          23.08533409100005,
          0
        ]
      }
    },
    {
      "type": "Feature",
      "properties": {
        "fid": 2470,
        "OBJECTID": 480893,
        "id": "B0FFKULUVG",
        "parent": [],
        "children": [],
        "name": "森田100(海珠上涌店)",
        "type": "生活服务;美容美发店;美容美发店",
        "typecode": "071100",
        "biz_type": [],
        "address": "上冲中约大街32NNN号",
        "tel": "13824789813",
        "postcode": [],
        "website": [],
        "email": [],
        "pcode": "440000",
        "pname": "广东省",
        "citycode": "020",
        "cityname": "广州市",
        "adcode": "440105",
        "plongcj02": "113.31308744496039",
        "platgcj02": "23.084386396447567",
        "adname": "海珠区",
        "entr_location": "113.31319223838338,23.084367213542063",
        "navi_poiid": [],
        "alias": [],
        "parking_type": [],
        "tag": [],
        "indoor_map": "0",
        "cpid": [],
        "floor": [],
        "truefloor": [],
        "business_area": "赤岗",
        "rating": "4.4",
        "cost": [],
        "meal_ordering": [],
        "seat_ordering": [],
        "ticket_ordering": [],
        "hotel_ordering": [],
        "photos_title": [],
        "photos_url": "http://store.is.autonavi.com/showpic/a70b77e95d7bab2046e0c9dd4947580e&http://store.is.autonavi.com/showpic/64fec2eb62550c935a3a276064b417aa",
        "updatetime": "2024-12-17 11:57:48",
        "is_textile": false,
        "category": "Life Services",
        "surrounding_poi_count": 27,
        "simulated_floor": 3,
        "occupied_floors": 1,
        "simulated_elevation": 7.0
      },
      "geometry": {
        "type": "Point",
        "coordinates": [
          113.31308744500006,
          23.08438639600007,
          7.0
        ]
      }
    },
    {
      "type": "Feature",
      "properties": {
        "fid": 2471,
        "OBJECTID": 480894,
        "id": "B0KDPL6LL7",
        "parent": [],
        "children": [],
        "name": "阿明数码印花",
        "type": "生活服务;生活服务场所;生活服务场所",
        "typecode": "070000",
        "biz_type": [],
        "address": "上冲中约大街55号",
        "tel": "18820016866",
        "postcode": [],
        "website": [],
        "email": [],
        "pcode": "440000",
        "pname": "广东省",
        "citycode": "020",
        "cityname": "广州市",
        "adcode": "440105",
        "plongcj02": "113.3118548525152",
        "platgcj02": "23.084801458522758",
        "adname": "海珠区",
        "entr_location": "113.31183588708059,23.08484247556671",
        "navi_poiid": [],
        "alias": [],
        "parking_type": [],
        "tag": [],
        "indoor_map": "0",
        "cpid": [],
        "floor": [],
        "truefloor": [],
        "business_area": "赤岗",
        "rating": [],
        "cost": [],
        "meal_ordering": [],
        "seat_ordering": [],
        "ticket_ordering": [],
        "hotel_ordering": [],
        "photos_title": [],
        "photos_url": "http://store.is.autonavi.com/showpic/32734243cea4d6dabaf3094727f9ec97&http://store.is.autonavi.com/showpic/37cb3ef829063f7cae4b10c7f8878167",
        "updatetime": "2024-10-16 11:42:06",
        "is_textile": true,
        "category": "Life Services",
        "surrounding_poi_count": 30,
        "simulated_floor": 1,
        "occupied_floors": 1,
        "simulated_elevation": 0
      },
      "geometry": {
        "type": "Point",
        "coordinates": [
          113.31185485300011,
          23.08480145900006,
          0
        ]
      }
    },
    {
      "type": "Feature",
      "properties": {
        "fid": 2472,
        "OBJECTID": 480895,
        "id": "B0KBHAB3DG",
        "parent": [],
        "children": [],
        "name": "沐足按摩",
        "type": "生活服务;洗浴推拿场所;洗浴推拿场所",
        "typecode": "071400",
        "biz_type": [],
        "address": "乐敦路与上冲东约二十巷交叉口北20米",
        "tel": [],
        "postcode": [],
        "website": [],
        "email": [],
        "pcode": "440000",
        "pname": "广东省",
        "citycode": "020",
        "cityname": "广州市",
        "adcode": "440105",
        "plongcj02": "113.31309142983375",
        "platgcj02": "23.084493344270566",
        "adname": "海珠区",
        "entr_location": "113.31306248398721,23.08454137682456",
        "navi_poiid": [],
        "alias": [],
        "parking_type": [],
        "tag": [],
        "indoor_map": "0",
        "cpid": [],
        "floor": [],
        "truefloor": [],
        "business_area": "赤岗",
        "rating": "3.8",
        "cost": [],
        "meal_ordering": [],
        "seat_ordering": [],
        "ticket_ordering": [],
        "hotel_ordering": [],
        "photos_title": [],
        "photos_url": [],
        "updatetime": "2024-09-03 21:15:25",
        "is_textile": false,
        "category": "Life Services",
        "surrounding_poi_count": 37,
        "simulated_floor": 5,
        "occupied_floors": 1,
        "simulated_elevation": 14.0
      },
      "geometry": {
        "type": "Point",
        "coordinates": [
          113.3130914300001,
          23.084493344000066,
          14.0
        ]
      }
    },
    {
      "type": "Feature",
      "properties": {
        "fid": 2474,
        "OBJECTID": 480897,
        "id": "B0FFFQYW0N",
        "parent": "B00140USYK",
        "children": [],
        "name": "好朋友纸样工作室",
        "type": "生活服务;生活服务场所;生活服务场所",
        "typecode": "070000",
        "biz_type": [],
        "address": "名粤小区西4门旁",
        "tel": "13168345593;13342871692",
        "postcode": [],
        "website": [],
        "email": [],
        "pcode": "440000",
        "pname": "广东省",
        "citycode": "020",
        "cityname": "广州市",
        "adcode": "440105",
        "plongcj02": "113.3115973553727",
        "platgcj02": "23.08485590051629",
        "adname": "海珠区",
        "entr_location": [],
        "navi_poiid": "F49F011043_767107",
        "alias": [],
        "parking_type": [],
        "tag": [],
        "indoor_map": "0",
        "cpid": [],
        "floor": [],
        "truefloor": [],
        "business_area": "新港",
        "rating": [],
        "cost": [],
        "meal_ordering": [],
        "seat_ordering": [],
        "ticket_ordering": [],
        "hotel_ordering": [],
        "photos_title": [],
        "photos_url": "http://store.is.autonavi.com/showpic/9f82744f23851674ed3c5a19145f8551&http://store.is.autonavi.com/showpic/caac6f42f53fcb8b7288c2f28d9c7e52",
        "updatetime": "2024-12-05 08:18:59",
        "is_textile": false,
        "category": "Life Services",
        "surrounding_poi_count": 30,
        "simulated_floor": 2,
        "occupied_floors": 1,
        "simulated_elevation": 3.5
      },
      "geometry": {
        "type": "Point",
        "coordinates": [
          113.31159735500012,
          23.084855901000026,
          3.5
        ]
      }
    },
    {
      "type": "Feature",
      "properties": {
        "fid": 2475,
        "OBJECTID": 480898,
        "id": "B0KG65QVY1",
        "parent": "B00140USYK",
        "children": [],
        "name": "工会驿站电信江桂上涌村营业厅",
        "type": "生活服务;生活服务场所;生活服务场所",
        "typecode": "070000",
        "biz_type": [],
        "address": "上涌村上冲中约新街一巷10号102档",
        "tel": "020-34049072;18127919151",
        "postcode": [],
        "website": [],
        "email": [],
        "pcode": "440000",
        "pname": "广东省",
        "citycode": "020",
        "cityname": "广州市",
        "adcode": "440105",
        "plongcj02": "113.31164722359384",
        "platgcj02": "23.085355600787008",
        "adname": "海珠区",
        "entr_location": "113.31161728245453,23.085355654780972",
        "navi_poiid": [],
        "alias": [],
        "parking_type": [],
        "tag": [],
        "indoor_map": "0",
        "cpid": [],
        "floor": [],
        "truefloor": [],
        "business_area": "新港",
        "rating": [],
        "cost": [],
        "meal_ordering": [],
        "seat_ordering": [],
        "ticket_ordering": [],
        "hotel_ordering": [],
        "photos_title": [],
        "photos_url": "http://store.is.autonavi.com/showpic/4aabaa1e25d3494a8809f49a9739520c&http://store.is.autonavi.com/showpic/689c9213a9e64c22947e1ee8b8414a1f",
        "updatetime": "2024-03-12 11:21:30",
        "is_textile": false,
        "category": "Life Services",
        "surrounding_poi_count": 31,
        "simulated_floor": 4,
        "occupied_floors": 1,
        "simulated_elevation": 10.5
      },
      "geometry": {
        "type": "Point",
        "coordinates": [
          113.31164722400001,
          23.08535560100006,
          10.5
        ]
      }
    },
    {
      "type": "Feature",
      "properties": {
        "fid": 2476,
        "OBJECTID": 480899,
        "id": "B0KKSS0NWH",
        "parent": [],
        "children": [],
        "name": "宏发数码印花白墨烫画",
        "type": "生活服务;生活服务场所;生活服务场所",
        "typecode": "070000",
        "biz_type": [],
        "address": "上冲中约新街一巷与敦丰路交叉口西南80米",
        "tel": [],
        "postcode": [],
        "website": [],
        "email": [],
        "pcode": "440000",
        "pname": "广东省",
        "citycode": "020",
        "cityname": "广州市",
        "adcode": "440105",
        "plongcj02": "113.31190674986162",
        "platgcj02": "23.08480836183499",
        "adname": "海珠区",
        "entr_location": [],
        "navi_poiid": [],
        "alias": [],
        "parking_type": [],
        "tag": [],
        "indoor_map": "0",
        "cpid": [],
        "floor": [],
        "truefloor": [],
        "business_area": "赤岗",
        "rating": [],
        "cost": [],
        "meal_ordering": [],
        "seat_ordering": [],
        "ticket_ordering": [],
        "hotel_ordering": [],
        "photos_title": [],
        "photos_url": [],
        "updatetime": "2024-12-14 03:40:08",
        "is_textile": true,
        "category": "Life Services",
        "surrounding_poi_count": 30,
        "simulated_floor": 3,
        "occupied_floors": 1,
        "simulated_elevation": 7.0
      },
      "geometry": {
        "type": "Point",
        "coordinates": [
          113.31190675000005,
          23.084808362000047,
          7.0
        ]
      }
    },
    {
      "type": "Feature",
      "properties": {
        "fid": 2477,
        "OBJECTID": 480900,
        "id": "B00141TM4V",
        "parent": "B00140USYK",
        "children": [],
        "name": "海丽娜植物养发(名粤小区店)",
        "type": "生活服务;美容美发店;美容美发店",
        "typecode": "071100",
        "biz_type": [],
        "address": "上冲中约新街一巷九号",
        "tel": "17876671138;18688408248",
        "postcode": [],
        "website": [],
        "email": [],
        "pcode": "440000",
        "pname": "广东省",
        "citycode": "020",
        "cityname": "广州市",
        "adcode": "440105",
        "plongcj02": "113.31168912749426",
        "platgcj02": "23.085558440042107",
        "adname": "海珠区",
        "entr_location": [],
        "navi_poiid": "F49F011043_306531",
        "alias": [],
        "parking_type": [],
        "tag": [],
        "indoor_map": "0",
        "cpid": [],
        "floor": [],
        "truefloor": [],
        "business_area": "新港",
        "rating": "3.9",
        "cost": [],
        "meal_ordering": [],
        "seat_ordering": [],
        "ticket_ordering": [],
        "hotel_ordering": [],
        "photos_title": [],
        "photos_url": "http://store.is.autonavi.com/showpic/25e24f9deff4b4c59cce8ab0c20bfb36&http://aos-cdn-image.amap.com/sns/ugccomment/43b49c12-fc02-40e6-bdb2-f23509288c03.jpg",
        "updatetime": "2024-07-09 04:10:28",
        "is_textile": false,
        "category": "Life Services",
        "surrounding_poi_count": 31,
        "simulated_floor": 1,
        "occupied_floors": 1,
        "simulated_elevation": 0
      },
      "geometry": {
        "type": "Point",
        "coordinates": [
          113.31168912700002,
          23.085558440000057,
          0
        ]
      }
    },
    {
      "type": "Feature",
      "properties": {
        "fid": 2478,
        "OBJECTID": 480901,
        "id": "B00140T70Y",
        "parent": "B00140USYK",
        "children": [],
        "name": "风云秀烫染沙龙(名粤小区店)",
        "type": "生活服务;美容美发店;美容美发店",
        "typecode": "071100",
        "biz_type": [],
        "address": "上冲中约新街1巷11号101",
        "tel": "13168802188",
        "postcode": [],
        "website": [],
        "email": [],
        "pcode": "440000",
        "pname": "广东省",
        "citycode": "020",
        "cityname": "广州市",
        "adcode": "440105",
        "plongcj02": "113.31152544901418",
        "platgcj02": "23.085561733899503",
        "adname": "海珠区",
        "entr_location": "113.31172804575127,23.085635337523648",
        "navi_poiid": [],
        "alias": [],
        "parking_type": [],
        "tag": [],
        "indoor_map": "0",
        "cpid": [],
        "floor": [],
        "truefloor": [],
        "business_area": "赤岗",
        "rating": "4.3",
        "cost": "80.00",
        "meal_ordering": [],
        "seat_ordering": [],
        "ticket_ordering": [],
        "hotel_ordering": [],
        "photos_title": [],
        "photos_url": "http://store.is.autonavi.com/showpic/8cd918c09bdb1756c9e82c3462aeb6cf&http://store.is.autonavi.com/showpic/f27cf7fbfbcd663f31ba8dbb6e2a473d",
        "updatetime": "2024-12-04 16:21:09",
        "is_textile": false,
        "category": "Life Services",
        "surrounding_poi_count": 30,
        "simulated_floor": 5,
        "occupied_floors": 1,
        "simulated_elevation": 14.0
      },
      "geometry": {
        "type": "Point",
        "coordinates": [
          113.3115254490001,
          23.085561734000066,
          14.0
        ]
      }
    },
    {
      "type": "Feature",
      "properties": {
        "fid": 2479,
        "OBJECTID": 480902,
        "id": "B0FFK9SRXY",
        "parent": "B00140USYK",
        "children": [],
        "name": "阿杰裁床",
        "type": "生活服务;生活服务场所;生活服务场所",
        "typecode": "070000",
        "biz_type": [],
        "address": "名粤小区西2门旁",
        "tel": "13622863360;13660770119",
        "postcode": [],
        "website": [],
        "email": [],
        "pcode": "440000",
        "pname": "广东省",
        "citycode": "020",
        "cityname": "广州市",
        "adcode": "440105",
        "plongcj02": "113.31157839284275",
        "platgcj02": "23.08485293596056",
        "adname": "海珠区",
        "entr_location": [],
        "navi_poiid": [],
        "alias": [],
        "parking_type": [],
        "tag": [],
        "indoor_map": "0",
        "cpid": [],
        "floor": [],
        "truefloor": [],
        "business_area": "赤岗",
        "rating": [],
        "cost": [],
        "meal_ordering": [],
        "seat_ordering": [],
        "ticket_ordering": [],
        "hotel_ordering": [],
        "photos_title": [],
        "photos_url": [],
        "updatetime": "2024-09-23 14:44:12",
        "is_textile": false,
        "category": "Life Services",
        "surrounding_poi_count": 31,
        "simulated_floor": 1,
        "occupied_floors": 1,
        "simulated_elevation": 0
      },
      "geometry": {
        "type": "Point",
        "coordinates": [
          113.3115783930001,
          23.08485293600006,
          0
        ]
      }
    },
    {
      "type": "Feature",
      "properties": {
        "fid": 2480,
        "OBJECTID": 480903,
        "id": "B0K07NEUDJ",
        "parent": [],
        "children": [],
        "name": "申田壹百美容美发店",
        "type": "生活服务;美容美发店;美容美发店",
        "typecode": "071100",
        "biz_type": [],
        "address": "乐敦路与上冲东约二十巷交叉口西北20米",
        "tel": [],
        "postcode": [],
        "website": [],
        "email": [],
        "pcode": "440000",
        "pname": "广东省",
        "citycode": "020",
        "cityname": "广州市",
        "adcode": "440105",
        "plongcj02": "113.31309143482045",
        "platgcj02": "23.084419375327844",
        "adname": "海珠区",
        "entr_location": "113.31319622776702,23.08440718947938",
        "navi_poiid": [],
        "alias": [],
        "parking_type": [],
        "tag": [],
        "indoor_map": "0",
        "cpid": [],
        "floor": [],
        "truefloor": [],
        "business_area": "赤岗",
        "rating": "0.3",
        "cost": [],
        "meal_ordering": [],
        "seat_ordering": [],
        "ticket_ordering": [],
        "hotel_ordering": [],
        "photos_title": [],
        "photos_url": [],
        "updatetime": "2024-12-09 17:38:42",
        "is_textile": false,
        "category": "Life Services",
        "surrounding_poi_count": 28,
        "simulated_floor": 2,
        "occupied_floors": 1,
        "simulated_elevation": 3.5
      },
      "geometry": {
        "type": "Point",
        "coordinates": [
          113.31309143500005,
          23.08441937500004,
          3.5
        ]
      }
    },
    {
      "type": "Feature",
      "properties": {
        "fid": 2481,
        "OBJECTID": 480904,
        "id": "B0FFH12DW1",
        "parent": "B00140USYK",
        "children": [],
        "name": "雅时威专机店",
        "type": "生活服务;生活服务场所;生活服务场所",
        "typecode": "070000",
        "biz_type": [],
        "address": "名粤小区西4门旁",
        "tel": "13609062853;18202073369",
        "postcode": [],
        "website": [],
        "email": [],
        "pcode": "440000",
        "pname": "广东省",
        "citycode": "020",
        "cityname": "广州市",
        "adcode": "440105",
        "plongcj02": "113.31154745404302",
        "platgcj02": "23.084846994244675",
        "adname": "海珠区",
        "entr_location": [],
        "navi_poiid": "F49F011043_767103",
        "alias": "粤华印花门市部",
        "parking_type": [],
        "tag": [],
        "indoor_map": "0",
        "cpid": [],
        "floor": [],
        "truefloor": [],
        "business_area": "赤岗",
        "rating": [],
        "cost": [],
        "meal_ordering": [],
        "seat_ordering": [],
        "ticket_ordering": [],
        "hotel_ordering": [],
        "photos_title": [],
        "photos_url": "http://store.is.autonavi.com/showpic/c48936904e0332dbe1df21c1d12a37a5&http://store.is.autonavi.com/showpic/450381f0445ea360f1ff2d93342d9f96",
        "updatetime": "2024-09-14 05:57:11",
        "is_textile": false,
        "category": "Life Services",
        "surrounding_poi_count": 32,
        "simulated_floor": 1,
        "occupied_floors": 1,
        "simulated_elevation": 0
      },
      "geometry": {
        "type": "Point",
        "coordinates": [
          113.3115474540001,
          23.08484699400003,
          0
        ]
      }
    },
    {
      "type": "Feature",
      "properties": {
        "fid": 2482,
        "OBJECTID": 480905,
        "id": "B0KGO9IM8U",
        "parent": [],
        "children": [],
        "name": "美黛斑痘敏美容院",
        "type": "生活服务;美容美发店;美容美发店",
        "typecode": "071100",
        "biz_type": [],
        "address": "广东省海珠区上冲中约新街8号",
        "tel": [],
        "postcode": [],
        "website": [],
        "email": [],
        "pcode": "440000",
        "pname": "广东省",
        "citycode": "020",
        "cityname": "广州市",
        "adcode": "440105",
        "plongcj02": "113.31308545633102",
        "platgcj02": "23.08427644625263",
        "adname": "海珠区",
        "entr_location": "113.3131144020355,23.08423041285539",
        "navi_poiid": [],
        "alias": [],
        "parking_type": [],
        "tag": [],
        "indoor_map": "0",
        "cpid": [],
        "floor": [],
        "truefloor": [],
        "business_area": "赤岗",
        "rating": "3.8",
        "cost": [],
        "meal_ordering": [],
        "seat_ordering": [],
        "ticket_ordering": [],
        "hotel_ordering": [],
        "photos_title": [],
        "photos_url": "http://store.is.autonavi.com/showpic/0b437d0de20b8a9692b3517289510aa7&http://store.is.autonavi.com/showpic/10fcefeb666c4a2d04e7eede4396f315",
        "updatetime": "2024-06-23 16:32:19",
        "is_textile": false,
        "category": "Life Services",
        "surrounding_poi_count": 26,
        "simulated_floor": 2,
        "occupied_floors": 1,
        "simulated_elevation": 3.5
      },
      "geometry": {
        "type": "Point",
        "coordinates": [
          113.31308545600007,
          23.084276446000047,
          3.5
        ]
      }
    },
    {
      "type": "Feature",
      "properties": {
        "fid": 2485,
        "OBJECTID": 480908,
        "id": "B0I131YI7D",
        "parent": "B00140USYK",
        "children": [],
        "name": "墨森造型(名粤小区店)",
        "type": "生活服务;美容美发店;美容美发店",
        "typecode": "071100",
        "biz_type": [],
        "address": "上冲中约新街一巷3号102名粤小区",
        "tel": "17821336937",
        "postcode": [],
        "website": [],
        "email": [],
        "pcode": "440000",
        "pname": "广东省",
        "citycode": "020",
        "cityname": "广州市",
        "adcode": "440105",
        "plongcj02": "113.31123202270501",
        "platgcj02": "23.08559524825825",
        "adname": "海珠区",
        "entr_location": "113.31127393430002,23.08568713429119",
        "navi_poiid": [],
        "alias": [],
        "parking_type": [],
        "tag": [],
        "indoor_map": "0",
        "cpid": [],
        "floor": [],
        "truefloor": [],
        "business_area": "赤岗",
        "rating": "3.9",
        "cost": [],
        "meal_ordering": [],
        "seat_ordering": [],
        "ticket_ordering": [],
        "hotel_ordering": [],
        "photos_title": [],
        "photos_url": "http://store.is.autonavi.com/showpic/2584b0f45b1d94eb23155cf8ba09ecd7&http://store.is.autonavi.com/showpic/cceec224db0982083c2981ed61dc169b",
        "updatetime": "2024-12-19 14:17:32",
        "is_textile": false,
        "category": "Life Services",
        "surrounding_poi_count": 23,
        "simulated_floor": 5,
        "occupied_floors": 1,
        "simulated_elevation": 14.0
      },
      "geometry": {
        "type": "Point",
        "coordinates": [
          113.31123202300012,
          23.08559524800006,
          14.0
        ]
      }
    },
    {
      "type": "Feature",
      "properties": {
        "fid": 2487,
        "OBJECTID": 480910,
        "id": "B00141Y36V",
        "parent": "B00140USYK",
        "children": [],
        "name": "格调美容馆(名粤小区店)",
        "type": "生活服务;美容美发店;美容美发店",
        "typecode": "071100",
        "biz_type": [],
        "address": "东风村上涌中约新街1号",
        "tel": "13538726858;13602271568",
        "postcode": [],
        "website": [],
        "email": [],
        "pcode": "440000",
        "pname": "广东省",
        "citycode": "020",
        "cityname": "广州市",
        "adcode": "440105",
        "plongcj02": "113.31115018509496",
        "platgcj02": "23.085566407542522",
        "adname": "海珠区",
        "entr_location": [],
        "navi_poiid": "F49F011043_306529",
        "alias": [],
        "parking_type": [],
        "tag": [],
        "indoor_map": "0",
        "cpid": [],
        "floor": [],
        "truefloor": [],
        "business_area": "赤岗",
        "rating": "4.2",
        "cost": "272.00",
        "meal_ordering": [],
        "seat_ordering": [],
        "ticket_ordering": [],
        "hotel_ordering": [],
        "photos_title": [],
        "photos_url": "http://store.is.autonavi.com/showpic/5f82a427ec89a9108dd72bf1cfed22ae&http://store.is.autonavi.com/showpic/4021a2cbd0ac6b896fc84b5a02a63e1a",
        "updatetime": "2024-11-16 17:36:02",
        "is_textile": false,
        "category": "Life Services",
        "surrounding_poi_count": 24,
        "simulated_floor": 2,
        "occupied_floors": 1,
        "simulated_elevation": 3.5
      },
      "geometry": {
        "type": "Point",
        "coordinates": [
          113.31115018500009,
          23.085566408000034,
          3.5
        ]
      }
    },
    {
      "type": "Feature",
      "properties": {
        "fid": 2488,
        "OBJECTID": 480911,
        "id": "B0K277ABFY",
        "parent": "B00140USYK",
        "children": [],
        "name": "骉马纸样工作室",
        "type": "生活服务;生活服务场所;生活服务场所",
        "typecode": "070000",
        "biz_type": [],
        "address": "名粤小区",
        "tel": [],
        "postcode": [],
        "website": [],
        "email": [],
        "pcode": "440000",
        "pname": "广东省",
        "citycode": "020",
        "cityname": "广州市",
        "adcode": "440105",
        "plongcj02": "113.31136680884426",
        "platgcj02": "23.084846320027378",
        "adname": "海珠区",
        "entr_location": "113.31138977072855,23.084743321923515",
        "navi_poiid": [],
        "alias": [],
        "parking_type": [],
        "tag": [],
        "indoor_map": "0",
        "cpid": [],
        "floor": [],
        "truefloor": [],
        "business_area": "新港",
        "rating": [],
        "cost": [],
        "meal_ordering": [],
        "seat_ordering": [],
        "ticket_ordering": [],
        "hotel_ordering": [],
        "photos_title": [],
        "photos_url": [],
        "updatetime": "2024-10-25 17:31:26",
        "is_textile": false,
        "category": "Life Services",
        "surrounding_poi_count": 32,
        "simulated_floor": 5,
        "occupied_floors": 1,
        "simulated_elevation": 14.0
      },
      "geometry": {
        "type": "Point",
        "coordinates": [
          113.3113668090001,
          23.084846320000054,
          14.0
        ]
      }
    },
    {
      "type": "Feature",
      "properties": {
        "fid": 2489,
        "OBJECTID": 480912,
        "id": "B0FFH12IF5",
        "parent": [],
        "children": [],
        "name": "鸿发专业裁床",
        "type": "生活服务;生活服务场所;生活服务场所",
        "typecode": "070000",
        "biz_type": [],
        "address": "名粤小区西2门旁",
        "tel": [],
        "postcode": [],
        "website": [],
        "email": [],
        "pcode": "440000",
        "pname": "广东省",
        "citycode": "020",
        "cityname": "广州市",
        "adcode": "440105",
        "plongcj02": "113.31127500024445",
        "platgcj02": "23.08467955531863",
        "adname": "海珠区",
        "entr_location": [],
        "navi_poiid": [],
        "alias": [],
        "parking_type": [],
        "tag": [],
        "indoor_map": "0",
        "cpid": [],
        "floor": [],
        "truefloor": [],
        "business_area": "赤岗",
        "rating": "3.4",
        "cost": [],
        "meal_ordering": [],
        "seat_ordering": [],
        "ticket_ordering": [],
        "hotel_ordering": [],
        "photos_title": [],
        "photos_url": [],
        "updatetime": "2024-06-07 20:12:52",
        "is_textile": false,
        "category": "Life Services",
        "surrounding_poi_count": 24,
        "simulated_floor": 2,
        "occupied_floors": 1,
        "simulated_elevation": 3.5
      },
      "geometry": {
        "type": "Point",
        "coordinates": [
          113.311275,
          23.084679555000037,
          3.5
        ]
      }
    },
    {
      "type": "Feature",
      "properties": {
        "fid": 2490,
        "OBJECTID": 480913,
        "id": "B0FFH5PRKQ",
        "parent": "B00140TCVU",
        "children": [],
        "name": "菜鸟驿站(广州海珠上冲西约南一巷1号店)",
        "type": "生活服务;物流速递;物流速递",
        "typecode": "070500",
        "biz_type": [],
        "address": "名粤广场中越新街尹姐士多店",
        "tel": "4001787878",
        "postcode": [],
        "website": [],
        "email": [],
        "pcode": "440000",
        "pname": "广东省",
        "citycode": "020",
        "cityname": "广州市",
        "adcode": "440105",
        "plongcj02": "113.31090869317542",
        "platgcj02": "23.08504605975148",
        "adname": "海珠区",
        "entr_location": [],
        "navi_poiid": [],
        "alias": [],
        "parking_type": [],
        "tag": [],
        "indoor_map": "0",
        "cpid": [],
        "floor": [],
        "truefloor": [],
        "business_area": "赤岗",
        "rating": "4.1",
        "cost": [],
        "meal_ordering": [],
        "seat_ordering": [],
        "ticket_ordering": [],
        "hotel_ordering": [],
        "photos_title": [],
        "photos_url": "http://store.is.autonavi.com/showpic/ee917633f94b75a9be233436e7153627&http://store.is.autonavi.com/showpic/9f755b4b90a7965716161f0bafb714c0",
        "updatetime": "2024-12-20 18:33:39",
        "is_textile": false,
        "category": "Life Services",
        "surrounding_poi_count": 36,
        "simulated_floor": 5,
        "occupied_floors": 1,
        "simulated_elevation": 14.0
      },
      "geometry": {
        "type": "Point",
        "coordinates": [
          113.3109086930001,
          23.085046060000025,
          14.0
        ]
      }
    },
    {
      "type": "Feature",
      "properties": {
        "fid": 2491,
        "OBJECTID": 480914,
        "id": "B0FFFQMGGN",
        "parent": "B00140TCVU",
        "children": [],
        "name": "怡佳服饰电脑打条厂",
        "type": "生活服务;生活服务场所;生活服务场所",
        "typecode": "070000",
        "biz_type": [],
        "address": "上冲名粤广场G26铺",
        "tel": "13622807978;13660835009",
        "postcode": [],
        "website": [],
        "email": [],
        "pcode": "440000",
        "pname": "广东省",
        "citycode": "020",
        "cityname": "广州市",
        "adcode": "440105",
        "plongcj02": "113.31101647605348",
        "platgcj02": "23.085136828125165",
        "adname": "海珠区",
        "entr_location": [],
        "navi_poiid": "F49F011043_767095",
        "alias": [],
        "parking_type": [],
        "tag": [],
        "indoor_map": "0",
        "cpid": [],
        "floor": [],
        "truefloor": [],
        "business_area": "赤岗",
        "rating": [],
        "cost": [],
        "meal_ordering": [],
        "seat_ordering": [],
        "ticket_ordering": [],
        "hotel_ordering": [],
        "photos_title": [],
        "photos_url": "http://store.is.autonavi.com/showpic/4ac2110da7ea3446638cc8e12538c424&http://store.is.autonavi.com/showpic/a4021bada68ca9e986ed7ac1a4c5e61c",
        "updatetime": "2024-12-19 03:15:59",
        "is_textile": true,
        "category": "Factory/Industrial",
        "surrounding_poi_count": 40,
        "simulated_floor": 1,
        "occupied_floors": 1,
        "simulated_elevation": 0
      },
      "geometry": {
        "type": "Point",
        "coordinates": [
          113.31101647600008,
          23.08513682800003,
          0
        ]
      }
    },
    {
      "type": "Feature",
      "properties": {
        "fid": 2494,
        "OBJECTID": 480917,
        "id": "B0FFH5NIJV",
        "parent": "B00140USYK",
        "children": [],
        "name": "李记水店(上冲中约大街)",
        "type": "生活服务;生活服务场所;生活服务场所",
        "typecode": "070000",
        "biz_type": [],
        "address": "名粤小区",
        "tel": [],
        "postcode": [],
        "website": [],
        "email": [],
        "pcode": "440000",
        "pname": "广东省",
        "citycode": "020",
        "cityname": "广州市",
        "adcode": "440105",
        "plongcj02": "113.31108132777716",
        "platgcj02": "23.08545157950132",
        "adname": "海珠区",
        "entr_location": "113.31095857052227,23.085416814592417",
        "navi_poiid": "F49F011043_767173",
        "alias": [],
        "parking_type": [],
        "tag": [],
        "indoor_map": "0",
        "cpid": [],
        "floor": [],
        "truefloor": [],
        "business_area": "赤岗",
        "rating": "3.8",
        "cost": [],
        "meal_ordering": [],
        "seat_ordering": [],
        "ticket_ordering": [],
        "hotel_ordering": [],
        "photos_title": [],
        "photos_url": "http://store.is.autonavi.com/showpic/6dcbcbcfbffa20cfe3aa8c1d9e3cd86a&http://store.is.autonavi.com/showpic/4903df8981b3a2bbbdc6d11e7e995836",
        "updatetime": "2024-07-12 00:41:25",
        "is_textile": false,
        "category": "Life Services",
        "surrounding_poi_count": 30,
        "simulated_floor": 5,
        "occupied_floors": 1,
        "simulated_elevation": 14.0
      },
      "geometry": {
        "type": "Point",
        "coordinates": [
          113.31108132800011,
          23.08545158000004,
          14.0
        ]
      }
    },
    {
      "type": "Feature",
      "properties": {
        "fid": 2495,
        "OBJECTID": 480918,
        "id": "B0HBOAJNRQ",
        "parent": "B00140TCVU",
        "children": [],
        "name": "新旺加工厂(名粤广场商贸城店)",
        "type": "生活服务;生活服务场所;生活服务场所",
        "typecode": "070000",
        "biz_type": [],
        "address": "广州大道南1021号名粤广场商贸城",
        "tel": [],
        "postcode": [],
        "website": [],
        "email": [],
        "pcode": "440000",
        "pname": "广东省",
        "citycode": "020",
        "cityname": "广州市",
        "adcode": "440105",
        "plongcj02": "113.31095362932673",
        "platgcj02": "23.084689128949798",
        "adname": "海珠区",
        "entr_location": [],
        "navi_poiid": [],
        "alias": [],
        "parking_type": [],
        "tag": [],
        "indoor_map": "0",
        "cpid": [],
        "floor": [],
        "truefloor": [],
        "business_area": "赤岗",
        "rating": [],
        "cost": [],
        "meal_ordering": [],
        "seat_ordering": [],
        "ticket_ordering": [],
        "hotel_ordering": [],
        "photos_title": [],
        "photos_url": "http://store.is.autonavi.com/showpic/1aa55c4ac9c54a8c7ce7e9753aaf2be6&http://store.is.autonavi.com/showpic/519d8345b528a1d099a6d4a98dcb2fc4",
        "updatetime": "2024-07-14 00:51:56",
        "is_textile": false,
        "category": "Factory/Industrial",
        "surrounding_poi_count": 25,
        "simulated_floor": 1,
        "occupied_floors": 1,
        "simulated_elevation": 0
      },
      "geometry": {
        "type": "Point",
        "coordinates": [
          113.3109536290001,
          23.084689129000026,
          0
        ]
      }
    },
    {
      "type": "Feature",
      "properties": {
        "fid": 2498,
        "OBJECTID": 480921,
        "id": "B0FFFQZHHD",
        "parent": [],
        "children": [],
        "name": "宝棋",
        "type": "生活服务;生活服务场所;生活服务场所",
        "typecode": "070000",
        "biz_type": [],
        "address": "广州大道南上冲西约新五巷1号",
        "tel": "13682253033;13682259099",
        "postcode": [],
        "website": [],
        "email": [],
        "pcode": "440000",
        "pname": "广东省",
        "citycode": "020",
        "cityname": "广州市",
        "adcode": "440105",
        "plongcj02": "113.31124909202524",
        "platgcj02": "23.084072856759995",
        "adname": "海珠区",
        "entr_location": "113.31136188007216,23.0839347117881",
        "navi_poiid": "F49F011043_386906",
        "alias": [],
        "parking_type": [],
        "tag": [],
        "indoor_map": "0",
        "cpid": [],
        "floor": [],
        "truefloor": [],
        "business_area": "新港",
        "rating": [],
        "cost": [],
        "meal_ordering": [],
        "seat_ordering": [],
        "ticket_ordering": [],
        "hotel_ordering": [],
        "photos_title": [],
        "photos_url": "http://store.is.autonavi.com/showpic/42d0d8f999f1f23257ac5933e5869295&http://store.is.autonavi.com/showpic/c51730418c7301d471e22c1ff165b03f",
        "updatetime": "2024-07-09 23:55:24",
        "is_textile": false,
        "category": "Life Services",
        "surrounding_poi_count": 14,
        "simulated_floor": 5,
        "occupied_floors": 1,
        "simulated_elevation": 14.0
      },
      "geometry": {
        "type": "Point",
        "coordinates": [
          113.31124909200003,
          23.084072857000024,
          14.0
        ]
      }
    },
    {
      "type": "Feature",
      "properties": {
        "fid": 2499,
        "OBJECTID": 480922,
        "id": "B0K0993FNO",
        "parent": [],
        "children": [],
        "name": "永通驾校报名处",
        "type": "生活服务;生活服务场所;生活服务场所",
        "typecode": "070000",
        "biz_type": [],
        "address": "中约新街与上冲中约大街交叉口西20米",
        "tel": [],
        "postcode": [],
        "website": [],
        "email": [],
        "pcode": "440000",
        "pname": "广东省",
        "citycode": "020",
        "cityname": "广州市",
        "adcode": "440105",
        "plongcj02": "113.31084479718949",
        "platgcj02": "23.08535704386547",
        "adname": "海珠区",
        "entr_location": "113.3108587645372,23.085435985675986",
        "navi_poiid": [],
        "alias": [],
        "parking_type": [],
        "tag": [],
        "indoor_map": "0",
        "cpid": [],
        "floor": [],
        "truefloor": [],
        "business_area": "赤岗",
        "rating": [],
        "cost": [],
        "meal_ordering": [],
        "seat_ordering": [],
        "ticket_ordering": [],
        "hotel_ordering": [],
        "photos_title": [],
        "photos_url": [],
        "updatetime": "2024-12-09 18:11:08",
        "is_textile": false,
        "category": "Life Services",
        "surrounding_poi_count": 26,
        "simulated_floor": 2,
        "occupied_floors": 1,
        "simulated_elevation": 3.5
      },
      "geometry": {
        "type": "Point",
        "coordinates": [
          113.31084479700007,
          23.085357044000034,
          3.5
        ]
      }
    },
    {
      "type": "Feature",
      "properties": {
        "fid": 2603,
        "OBJECTID": 482097,
        "id": "B0JUOLD6AJ",
        "parent": [],
        "children": [],
        "name": "家宇百货韵达快递超市",
        "type": "生活服务;物流速递;物流速递",
        "typecode": "070500",
        "biz_type": [],
        "address": "上冲西约南一巷与乐敦路交叉口西120米",
        "tel": "95546",
        "postcode": [],
        "website": [],
        "email": [],
        "pcode": "440000",
        "pname": "广东省",
        "citycode": "020",
        "cityname": "广州市",
        "adcode": "440105",
        "plongcj02": "113.31230009276378",
        "platgcj02": "23.083054386841766",
        "adname": "海珠区",
        "entr_location": [],
        "navi_poiid": [],
        "alias": [],
        "parking_type": [],
        "tag": [],
        "indoor_map": "0",
        "cpid": [],
        "floor": [],
        "truefloor": [],
        "business_area": "新港",
        "rating": "4.2",
        "cost": [],
        "meal_ordering": [],
        "seat_ordering": [],
        "ticket_ordering": [],
        "hotel_ordering": [],
        "photos_title": [],
        "photos_url": [],
        "updatetime": "2024-02-13 13:59:24",
        "is_textile": false,
        "category": "Life Services",
        "surrounding_poi_count": 5,
        "simulated_floor": 4,
        "occupied_floors": 1,
        "simulated_elevation": 10.5
      },
      "geometry": {
        "type": "Point",
        "coordinates": [
          113.31230009300009,
          23.08305438700006,
          10.5
        ]
      }
    },
    {
      "type": "Feature",
      "properties": {
        "fid": 2604,
        "OBJECTID": 482098,
        "id": "B0JRHHJECB",
        "parent": [],
        "children": [],
        "name": "上辰服装工作室(上冲店)",
        "type": "生活服务;生活服务场所;生活服务场所",
        "typecode": "070000",
        "biz_type": [],
        "address": "上冲西约南一巷与乐敦路交叉口西120米",
        "tel": [],
        "postcode": [],
        "website": [],
        "email": [],
        "pcode": "440000",
        "pname": "广东省",
        "citycode": "020",
        "cityname": "广州市",
        "adcode": "440105",
        "plongcj02": "113.31243283051575",
        "platgcj02": "23.083056145428213",
        "adname": "海珠区",
        "entr_location": "113.31253664912803,23.082704105065385",
        "navi_poiid": [],
        "alias": [],
        "parking_type": [],
        "tag": [],
        "indoor_map": "0",
        "cpid": [],
        "floor": [],
        "truefloor": [],
        "business_area": "赤岗",
        "rating": "3.8",
        "cost": [],
        "meal_ordering": [],
        "seat_ordering": [],
        "ticket_ordering": [],
        "hotel_ordering": [],
        "photos_title": [],
        "photos_url": [],
        "updatetime": "2024-01-20 23:56:16",
        "is_textile": true,
        "category": "Life Services",
        "surrounding_poi_count": 6,
        "simulated_floor": 4,
        "occupied_floors": 1,
        "simulated_elevation": 10.5
      },
      "geometry": {
        "type": "Point",
        "coordinates": [
          113.31243283100002,
          23.083056145000057,
          10.5
        ]
      }
    },
    {
      "type": "Feature",
      "properties": {
        "fid": 2608,
        "OBJECTID": 482102,
        "id": "B0K196IH5H",
        "parent": [],
        "children": [],
        "name": "荣升专机店",
        "type": "生活服务;生活服务场所;生活服务场所",
        "typecode": "070000",
        "biz_type": [],
        "address": "上冲西约南一巷与乐敦路交叉口西60米",
        "tel": [],
        "postcode": [],
        "website": [],
        "email": [],
        "pcode": "440000",
        "pname": "广东省",
        "citycode": "020",
        "cityname": "广州市",
        "adcode": "440105",
        "plongcj02": "113.31296776537943",
        "platgcj02": "23.083155131763114",
        "adname": "海珠区",
        "entr_location": "113.31324822000045,23.082994688253923",
        "navi_poiid": [],
        "alias": [],
        "parking_type": [],
        "tag": [],
        "indoor_map": "0",
        "cpid": [],
        "floor": [],
        "truefloor": [],
        "business_area": "赤岗",
        "rating": [],
        "cost": [],
        "meal_ordering": [],
        "seat_ordering": [],
        "ticket_ordering": [],
        "hotel_ordering": [],
        "photos_title": [],
        "photos_url": [],
        "updatetime": "2024-11-20 02:39:06",
        "is_textile": false,
        "category": "Life Services",
        "surrounding_poi_count": 8,
        "simulated_floor": 5,
        "occupied_floors": 1,
        "simulated_elevation": 14.0
      },
      "geometry": {
        "type": "Point",
        "coordinates": [
          113.31296776500005,
          23.08315513200006,
          14.0
        ]
      }
    },
    {
      "type": "Feature",
      "properties": {
        "fid": 2610,
        "OBJECTID": 482104,
        "id": "B0JRSDMT2S",
        "parent": [],
        "children": [],
        "name": "发缘帝美发店",
        "type": "生活服务;美容美发店;美容美发店",
        "typecode": "071100",
        "biz_type": [],
        "address": "乐敦路与上冲西约南一巷交叉口西60米",
        "tel": [],
        "postcode": [],
        "website": [],
        "email": [],
        "pcode": "440000",
        "pname": "广东省",
        "citycode": "020",
        "cityname": "广州市",
        "adcode": "440105",
        "plongcj02": "113.31293980760991",
        "platgcj02": "23.083350100692133",
        "adname": "海珠区",
        "entr_location": "113.31310051835698,23.082915990554334",
        "navi_poiid": [],
        "alias": [],
        "parking_type": [],
        "tag": [],
        "indoor_map": "0",
        "cpid": [],
        "floor": [],
        "truefloor": [],
        "business_area": "赤岗",
        "rating": "3.4",
        "cost": [],
        "meal_ordering": [],
        "seat_ordering": [],
        "ticket_ordering": [],
        "hotel_ordering": [],
        "photos_title": [],
        "photos_url": [],
        "updatetime": "2024-10-06 12:29:03",
        "is_textile": false,
        "category": "Life Services",
        "surrounding_poi_count": 11,
        "simulated_floor": 4,
        "occupied_floors": 1,
        "simulated_elevation": 10.5
      },
      "geometry": {
        "type": "Point",
        "coordinates": [
          113.31293980800001,
          23.083350101000065,
          10.5
        ]
      }
    },
    {
      "type": "Feature",
      "properties": {
        "fid": 2614,
        "OBJECTID": 482108,
        "id": "B0FFLIPVC9",
        "parent": [],
        "children": [],
        "name": "菜鸟驿站(广州海珠上冲西约5巷18号店)",
        "type": "生活服务;物流速递;物流速递",
        "typecode": "070500",
        "biz_type": [],
        "address": "南洲街道上冲西约5巷18号",
        "tel": "13360006893",
        "postcode": [],
        "website": [],
        "email": [],
        "pcode": "440000",
        "pname": "广东省",
        "citycode": "020",
        "cityname": "广州市",
        "adcode": "440105",
        "plongcj02": "113.31198666286325",
        "platgcj02": "23.083765655332467",
        "adname": "海珠区",
        "entr_location": "113.31197468133783,23.08384164507004",
        "navi_poiid": [],
        "alias": [],
        "parking_type": [],
        "tag": [],
        "indoor_map": "0",
        "cpid": [],
        "floor": [],
        "truefloor": [],
        "business_area": "赤岗",
        "rating": "4.3",
        "cost": [],
        "meal_ordering": [],
        "seat_ordering": [],
        "ticket_ordering": [],
        "hotel_ordering": [],
        "photos_title": [],
        "photos_url": [],
        "updatetime": "2024-07-12 13:54:58",
        "is_textile": false,
        "category": "Life Services",
        "surrounding_poi_count": 8,
        "simulated_floor": 2,
        "occupied_floors": 1,
        "simulated_elevation": 3.5
      },
      "geometry": {
        "type": "Point",
        "coordinates": [
          113.31198666300008,
          23.083765655000036,
          3.5
        ]
      }
    },
    {
      "type": "Feature",
      "properties": {
        "fid": 2617,
        "OBJECTID": 482111,
        "id": "B0FFKAV3KA",
        "parent": [],
        "children": [],
        "name": "烫房",
        "type": "生活服务;生活服务场所;生活服务场所",
        "typecode": "070000",
        "biz_type": [],
        "address": "上冲中约五巷七号一楼",
        "tel": [],
        "postcode": [],
        "website": [],
        "email": [],
        "pcode": "440000",
        "pname": "广东省",
        "citycode": "020",
        "cityname": "广州市",
        "adcode": "440105",
        "plongcj02": "113.31154958046973",
        "platgcj02": "23.082912803096505",
        "adname": "海珠区",
        "entr_location": [],
        "navi_poiid": "F49F011043_249811",
        "alias": [],
        "parking_type": [],
        "tag": [],
        "indoor_map": "0",
        "cpid": [],
        "floor": [],
        "truefloor": [],
        "business_area": "赤岗",
        "rating": [],
        "cost": [],
        "meal_ordering": [],
        "seat_ordering": [],
        "ticket_ordering": [],
        "hotel_ordering": [],
        "photos_title": [],
        "photos_url": "http://store.is.autonavi.com/showpic/4707bfaab8641e78ff44291771f9f23c&http://store.is.autonavi.com/showpic/f590f9cc982368aa47500262775fb937",
        "updatetime": "2024-11-27 14:20:45",
        "is_textile": false,
        "category": "Life Services",
        "surrounding_poi_count": 5,
        "simulated_floor": 3,
        "occupied_floors": 1,
        "simulated_elevation": 7.0
      },
      "geometry": {
        "type": "Point",
        "coordinates": [
          113.31154958000002,
          23.082912803000056,
          7.0
        ]
      }
    },
    {
      "type": "Feature",
      "properties": {
        "fid": 2620,
        "OBJECTID": 482114,
        "id": "B0JGKLT8W5",
        "parent": [],
        "children": [],
        "name": "台湾快剪",
        "type": "生活服务;美容美发店;美容美发店",
        "typecode": "071100",
        "biz_type": [],
        "address": "乐敦路与上冲西约南一巷交叉口西北60米",
        "tel": [],
        "postcode": [],
        "website": [],
        "email": [],
        "pcode": "440000",
        "pname": "广东省",
        "citycode": "020",
        "cityname": "广州市",
        "adcode": "440105",
        "plongcj02": "113.31320626133595",
        "platgcj02": "23.083615503798836",
        "adname": "海珠区",
        "entr_location": "113.31322421814103,23.08372742402833",
        "navi_poiid": [],
        "alias": [],
        "parking_type": [],
        "tag": [],
        "indoor_map": "0",
        "cpid": [],
        "floor": [],
        "truefloor": [],
        "business_area": "赤岗",
        "rating": "3.4",
        "cost": [],
        "meal_ordering": [],
        "seat_ordering": [],
        "ticket_ordering": [],
        "hotel_ordering": [],
        "photos_title": [],
        "photos_url": [],
        "updatetime": "2024-10-03 13:54:19",
        "is_textile": false,
        "category": "Life Services",
        "surrounding_poi_count": 11,
        "simulated_floor": 1,
        "occupied_floors": 1,
        "simulated_elevation": 0
      },
      "geometry": {
        "type": "Point",
        "coordinates": [
          113.313206261,
          23.083615504000022,
          0
        ]
      }
    },
    {
      "type": "Feature",
      "properties": {
        "fid": 2622,
        "OBJECTID": 482116,
        "id": "B0FFI11YNM",
        "parent": [],
        "children": [],
        "name": "顺旺烫房专机",
        "type": "生活服务;生活服务场所;生活服务场所",
        "typecode": "070000",
        "biz_type": [],
        "address": "上冲西约大街25号",
        "tel": [],
        "postcode": [],
        "website": [],
        "email": [],
        "pcode": "440000",
        "pname": "广东省",
        "citycode": "020",
        "cityname": "广州市",
        "adcode": "440105",
        "plongcj02": "113.31137192784485",
        "platgcj02": "23.082935113831063",
        "adname": "海珠区",
        "entr_location": "113.31113041524094,23.08273163392898",
        "navi_poiid": [],
        "alias": [],
        "parking_type": [],
        "tag": [],
        "indoor_map": "0",
        "cpid": [],
        "floor": [],
        "truefloor": [],
        "business_area": "赤岗",
        "rating": [],
        "cost": [],
        "meal_ordering": [],
        "seat_ordering": [],
        "ticket_ordering": [],
        "hotel_ordering": [],
        "photos_title": [],
        "photos_url": "http://store.is.autonavi.com/showpic/943f6c2513d9f2cada654427360b665b&http://store.is.autonavi.com/showpic/7fd50d58300a59d47800f237b2485ee3",
        "updatetime": "2024-12-11 03:36:16",
        "is_textile": false,
        "category": "Life Services",
        "surrounding_poi_count": 5,
        "simulated_floor": 4,
        "occupied_floors": 1,
        "simulated_elevation": 10.5
      },
      "geometry": {
        "type": "Point",
        "coordinates": [
          113.31137192800009,
          23.082935114000065,
          10.5
        ]
      }
    },
    {
      "type": "Feature",
      "properties": {
        "fid": 2623,
        "OBJECTID": 482117,
        "id": "B0KUT52BEH",
        "parent": [],
        "children": [],
        "name": "上涌中约社区颐康服务站",
        "type": "生活服务;生活服务场所;生活服务场所",
        "typecode": "070000",
        "biz_type": [],
        "address": "上冲中约大街1号之一",
        "tel": [],
        "postcode": [],
        "website": [],
        "email": [],
        "pcode": "440000",
        "pname": "广东省",
        "citycode": "020",
        "cityname": "广州市",
        "adcode": "440105",
        "plongcj02": "113.31315036918399",
        "platgcj02": "23.083660586728676",
        "adname": "海珠区",
        "entr_location": "113.3132391905211,23.083696409761593",
        "navi_poiid": [],
        "alias": [],
        "parking_type": [],
        "tag": [],
        "indoor_map": "0",
        "cpid": [],
        "floor": [],
        "truefloor": [],
        "business_area": "赤岗",
        "rating": [],
        "cost": [],
        "meal_ordering": [],
        "seat_ordering": [],
        "ticket_ordering": [],
        "hotel_ordering": [],
        "photos_title": [],
        "photos_url": "http://store.is.autonavi.com/showpic/b2fcc6aab7d7072fe6846b5f0de5e780&http://store.is.autonavi.com/showpic/14ab9fd52760c49af0b7eecd9f7935ca",
        "updatetime": "2024-09-27 02:45:33",
        "is_textile": false,
        "category": "Life Services",
        "surrounding_poi_count": 12,
        "simulated_floor": 2,
        "occupied_floors": 1,
        "simulated_elevation": 3.5
      },
      "geometry": {
        "type": "Point",
        "coordinates": [
          113.31315036900003,
          23.083660587000054,
          3.5
        ]
      }
    },
    {
      "type": "Feature",
      "properties": {
        "fid": 2630,
        "OBJECTID": 482124,
        "id": "B0I6A78LR9",
        "parent": [],
        "children": [],
        "name": "嘉莉特种专机加工",
        "type": "生活服务;生活服务场所;生活服务场所",
        "typecode": "070000",
        "biz_type": [],
        "address": "上冲西约7巷22号开心公寓一层",
        "tel": "13826231969;18665615013",
        "postcode": [],
        "website": [],
        "email": [],
        "pcode": "440000",
        "pname": "广东省",
        "citycode": "020",
        "cityname": "广州市",
        "adcode": "440105",
        "plongcj02": "113.31181000693684",
        "platgcj02": "23.083821950969117",
        "adname": "海珠区",
        "entr_location": "113.31181998372409,23.08387491069464",
        "navi_poiid": [],
        "alias": [],
        "parking_type": [],
        "tag": [],
        "indoor_map": "0",
        "cpid": [],
        "floor": [],
        "truefloor": [],
        "business_area": "赤岗",
        "rating": [],
        "cost": [],
        "meal_ordering": [],
        "seat_ordering": [],
        "ticket_ordering": [],
        "hotel_ordering": [],
        "photos_title": [],
        "photos_url": [],
        "updatetime": "2024-07-30 02:58:40",
        "is_textile": false,
        "category": "Life Services",
        "surrounding_poi_count": 12,
        "simulated_floor": 5,
        "occupied_floors": 1,
        "simulated_elevation": 14.0
      },
      "geometry": {
        "type": "Point",
        "coordinates": [
          113.31181000700008,
          23.08382195100006,
          14.0
        ]
      }
    },
    {
      "type": "Feature",
      "properties": {
        "fid": 2638,
        "OBJECTID": 482132,
        "id": "B0FFH5RVFA",
        "parent": [],
        "children": [],
        "name": "道格形象馆",
        "type": "生活服务;美容美发店;美容美发店",
        "typecode": "071100",
        "biz_type": [],
        "address": "上冲西约九巷十三号",
        "tel": [],
        "postcode": [],
        "website": [],
        "email": [],
        "pcode": "440000",
        "pname": "广东省",
        "citycode": "020",
        "cityname": "广州市",
        "adcode": "440105",
        "plongcj02": "113.31149062925549",
        "platgcj02": "23.083905492126025",
        "adname": "海珠区",
        "entr_location": [],
        "navi_poiid": "F49F011043_768269",
        "alias": [],
        "parking_type": [],
        "tag": [],
        "indoor_map": "0",
        "cpid": [],
        "floor": [],
        "truefloor": [],
        "business_area": "赤岗",
        "rating": "3.8",
        "cost": [],
        "meal_ordering": [],
        "seat_ordering": [],
        "ticket_ordering": [],
        "hotel_ordering": [],
        "photos_title": [],
        "photos_url": [],
        "updatetime": "2024-02-16 17:23:00",
        "is_textile": false,
        "category": "Life Services",
        "surrounding_poi_count": 15,
        "simulated_floor": 4,
        "occupied_floors": 1,
        "simulated_elevation": 10.5
      },
      "geometry": {
        "type": "Point",
        "coordinates": [
          113.3114906290001,
          23.083905492000042,
          10.5
        ]
      }
    },
    {
      "type": "Feature",
      "properties": {
        "fid": 2641,
        "OBJECTID": 482135,
        "id": "B0GK1DXYFX",
        "parent": [],
        "children": [],
        "name": "天成版房",
        "type": "生活服务;生活服务场所;生活服务场所",
        "typecode": "070000",
        "biz_type": [],
        "address": "上冲西约十三巷十一号",
        "tel": "18665662379",
        "postcode": [],
        "website": [],
        "email": [],
        "pcode": "440000",
        "pname": "广东省",
        "citycode": "020",
        "cityname": "广州市",
        "adcode": "440105",
        "plongcj02": "113.31059240098556",
        "platgcj02": "23.08372018364917",
        "adname": "海珠区",
        "entr_location": "113.3106283158003,23.083943025697582",
        "navi_poiid": [],
        "alias": [],
        "parking_type": [],
        "tag": [],
        "indoor_map": "0",
        "cpid": [],
        "floor": [],
        "truefloor": [],
        "business_area": "赤岗",
        "rating": [],
        "cost": [],
        "meal_ordering": [],
        "seat_ordering": [],
        "ticket_ordering": [],
        "hotel_ordering": [],
        "photos_title": [],
        "photos_url": [],
        "updatetime": "2024-07-14 04:25:13",
        "is_textile": false,
        "category": "Life Services",
        "surrounding_poi_count": 9,
        "simulated_floor": 3,
        "occupied_floors": 1,
        "simulated_elevation": 7.0
      },
      "geometry": {
        "type": "Point",
        "coordinates": [
          113.310592401,
          23.08372018400007,
          7.0
        ]
      }
    },
    {
      "type": "Feature",
      "properties": {
        "fid": 2922,
        "OBJECTID": 536583,
        "id": "B0FFGUXPMY",
        "parent": [],
        "children": [],
        "name": "完美专卖店(全国统一专卖康恒日用品商行)",
        "type": "体育休闲服务;运动场馆;健身中心|购物服务;个人用品/化妆品店;其它个人用品店",
        "typecode": "080111|061400",
        "biz_type": [],
        "address": "上冲中约新街36号",
        "tel": [],
        "postcode": [],
        "website": [],
        "email": [],
        "pcode": "440000",
        "pname": "广东省",
        "citycode": "020",
        "cityname": "广州市",
        "adcode": "440105",
        "plongcj02": "113.31248557043077",
        "platgcj02": "23.08536408025661",
        "adname": "海珠区",
        "entr_location": "113.31242169245017,23.08542617008549",
        "navi_poiid": [],
        "alias": [],
        "parking_type": [],
        "tag": [],
        "indoor_map": "0",
        "cpid": [],
        "floor": [],
        "truefloor": [],
        "business_area": "赤岗",
        "rating": "4.0",
        "cost": [],
        "meal_ordering": [],
        "seat_ordering": [],
        "ticket_ordering": [],
        "hotel_ordering": [],
        "photos_title": [],
        "photos_url": "http://store.is.autonavi.com/showpic/b95e7d4af36be313ac58060d704642ed&http://store.is.autonavi.com/showpic/f7974b668089c685622aab4aeecbaa3e",
        "updatetime": "2024-07-06 09:28:05",
        "is_textile": false,
        "category": "Shopping",
        "surrounding_poi_count": 27,
        "simulated_floor": 1,
        "occupied_floors": 1,
        "simulated_elevation": 0
      },
      "geometry": {
        "type": "Point",
        "coordinates": [
          113.31248557000004,
          23.085364080000033,
          0
        ]
      }
    },
    {
      "type": "Feature",
      "properties": {
        "fid": 2936,
        "OBJECTID": 550695,
        "id": "B00140SQ6G",
        "parent": [],
        "children": [],
        "name": "银星网咖(上涌店)",
        "type": "体育休闲服务;娱乐场所;网吧",
        "typecode": "080308",
        "biz_type": [],
        "address": "上冲中约大街2号",
        "tel": "020-34005335",
        "postcode": [],
        "website": [],
        "email": [],
        "pcode": "440000",
        "pname": "广东省",
        "citycode": "020",
        "cityname": "广州市",
        "adcode": "440105",
        "plongcj02": "113.31319927843248",
        "platgcj02": "23.08356753668726",
        "adname": "海珠区",
        "entr_location": "113.31323919139716,23.08368341522067",
        "navi_poiid": "F49F011043_13947",
        "alias": [],
        "parking_type": [],
        "tag": [],
        "indoor_map": "0",
        "cpid": [],
        "floor": [],
        "truefloor": [],
        "business_area": "新港",
        "rating": "4.6",
        "cost": [],
        "meal_ordering": [],
        "seat_ordering": [],
        "ticket_ordering": [],
        "hotel_ordering": [],
        "photos_title": [],
        "photos_url": "http://store.is.autonavi.com/showpic/c90f3bbeb40ded5344d24ca38d32b285&http://store.is.autonavi.com/showpic/6717f6d655b4b6c2a6eac82b1fd4d9d5",
        "updatetime": "2024-12-06 01:29:33",
        "is_textile": false,
        "category": "Recreation",
        "surrounding_poi_count": 11,
        "simulated_floor": 1,
        "occupied_floors": 1,
        "simulated_elevation": 0
      },
      "geometry": {
        "type": "Point",
        "coordinates": [
          113.31319927800007,
          23.08356753700008,
          0
        ]
      }
    },
    {
      "type": "Feature",
      "properties": {
        "fid": 2941,
        "OBJECTID": 550702,
        "id": "B0HKADIMOR",
        "parent": [],
        "children": [],
        "name": "金慧眼电竞网咖(上冲店)",
        "type": "体育休闲服务;娱乐场所;网吧",
        "typecode": "080308",
        "biz_type": [],
        "address": "上冲中约大街50号二楼",
        "tel": "18011975008",
        "postcode": [],
        "website": [],
        "email": [],
        "pcode": "440000",
        "pname": "广东省",
        "citycode": "020",
        "cityname": "广州市",
        "adcode": "440105",
        "plongcj02": "113.31291674271003",
        "platgcj02": "23.08498745484588",
        "adname": "海珠区",
        "entr_location": "113.31302353217283,23.08497126725158",
        "navi_poiid": [],
        "alias": [],
        "parking_type": [],
        "tag": [],
        "indoor_map": "0",
        "cpid": [],
        "floor": [],
        "truefloor": [],
        "business_area": "赤岗",
        "rating": "3.9",
        "cost": [],
        "meal_ordering": [],
        "seat_ordering": [],
        "ticket_ordering": [],
        "hotel_ordering": [],
        "photos_title": [],
        "photos_url": "http://store.is.autonavi.com/showpic/bfff386549f400a1ce676b68e0f6d0fc&http://store.is.autonavi.com/showpic/c7ae7ea273c0e72815ab47d599a4cf8e",
        "updatetime": "2024-07-10 17:03:41",
        "is_textile": false,
        "category": "Recreation",
        "surrounding_poi_count": 50,
        "simulated_floor": 1,
        "occupied_floors": 1,
        "simulated_elevation": 0
      },
      "geometry": {
        "type": "Point",
        "coordinates": [
          113.31291674300007,
          23.084987455000032,
          0
        ]
      }
    },
    {
      "type": "Feature",
      "properties": {
        "fid": 2993,
        "OBJECTID": 550958,
        "id": "B0I3CMNK7C",
        "parent": [],
        "children": [],
        "name": "欢聚棋牌桌球",
        "type": "体育休闲服务;体育休闲服务场所;体育休闲服务场所",
        "typecode": "080000",
        "biz_type": [],
        "address": "上冲老牌坊马路边上冲中约新街36-3三楼",
        "tel": "18620156414",
        "postcode": [],
        "website": [],
        "email": [],
        "pcode": "440000",
        "pname": "广东省",
        "citycode": "020",
        "cityname": "广州市",
        "adcode": "440105",
        "plongcj02": "113.312846857428",
        "platgcj02": "23.08533843465558",
        "adname": "海珠区",
        "entr_location": "113.31280893036416,23.085370490177628",
        "navi_poiid": [],
        "alias": [],
        "parking_type": [],
        "tag": [],
        "indoor_map": "0",
        "cpid": [],
        "floor": [],
        "truefloor": [],
        "business_area": "赤岗",
        "rating": "4.1",
        "cost": [],
        "meal_ordering": [],
        "seat_ordering": [],
        "ticket_ordering": [],
        "hotel_ordering": [],
        "photos_title": [],
        "photos_url": "https://aos-comment.amap.com/B0I3CMNK7C/headerImg/3fa9eaae09cb4f4ca8bbe937b9dbba2c_2048_2048_80.jpg&http://store.is.autonavi.com/showpic/864372675928c7e762c4af4961fbb23e",
        "updatetime": "2024-12-10 13:47:35",
        "is_textile": false,
        "category": "Recreation",
        "surrounding_poi_count": 29,
        "simulated_floor": 1,
        "occupied_floors": 1,
        "simulated_elevation": 0
      },
      "geometry": {
        "type": "Point",
        "coordinates": [
          113.31284685700007,
          23.08533843500004,
          0
        ]
      }
    },
    {
      "type": "Feature",
      "properties": {
        "fid": 2994,
        "OBJECTID": 550959,
        "id": "B0I3UDMFI1",
        "parent": [],
        "children": [],
        "name": "欢聚俱乐部",
        "type": "体育休闲服务;娱乐场所;棋牌室",
        "typecode": "080306",
        "biz_type": [],
        "address": "上冲老牌坊上冲中约新街36-3号三楼欢聚俱乐部",
        "tel": "18620156414",
        "postcode": [],
        "website": [],
        "email": [],
        "pcode": "440000",
        "pname": "广东省",
        "citycode": "020",
        "cityname": "广州市",
        "adcode": "440105",
        "plongcj02": "113.31282390382408",
        "platgcj02": "23.085324482258304",
        "adname": "海珠区",
        "entr_location": "113.31277898943402,23.085373543336395",
        "navi_poiid": [],
        "alias": [],
        "parking_type": [],
        "tag": [],
        "indoor_map": "0",
        "cpid": [],
        "floor": [],
        "truefloor": [],
        "business_area": "赤岗",
        "rating": "3.8",
        "cost": [],
        "meal_ordering": [],
        "seat_ordering": [],
        "ticket_ordering": [],
        "hotel_ordering": [],
        "photos_title": [],
        "photos_url": "http://store.is.autonavi.com/showpic/a492e8ea6136751e0ca0afced4209d3e&http://store.is.autonavi.com/showpic/0639d42cd0cbd22de221e7d58faaeece",
        "updatetime": "2024-07-14 10:52:29",
        "is_textile": false,
        "category": "Recreation",
        "surrounding_poi_count": 33,
        "simulated_floor": 2,
        "occupied_floors": 1,
        "simulated_elevation": 3.5
      },
      "geometry": {
        "type": "Point",
        "coordinates": [
          113.31282390400008,
          23.085324482000033,
          3.5
        ]
      }
    },
    {
      "type": "Feature",
      "properties": {
        "fid": 2996,
        "OBJECTID": 550961,
        "id": "B0JKCZGE3B",
        "parent": [],
        "children": [],
        "name": "棋七棋牌室",
        "type": "体育休闲服务;娱乐场所;棋牌室",
        "typecode": "080306",
        "biz_type": [],
        "address": "名粤小区附近",
        "tel": "15384490588",
        "postcode": [],
        "website": [],
        "email": [],
        "pcode": "440000",
        "pname": "广东省",
        "citycode": "020",
        "cityname": "广州市",
        "adcode": "440105",
        "plongcj02": "113.31183988259104",
        "platgcj02": "23.084792489336298",
        "adname": "海珠区",
        "entr_location": [],
        "navi_poiid": [],
        "alias": [],
        "parking_type": [],
        "tag": [],
        "indoor_map": "0",
        "cpid": [],
        "floor": [],
        "truefloor": [],
        "business_area": "赤岗",
        "rating": "4.4",
        "cost": [],
        "meal_ordering": [],
        "seat_ordering": [],
        "ticket_ordering": [],
        "hotel_ordering": [],
        "photos_title": [],
        "photos_url": "http://store.is.autonavi.com/showpic/0522ebf6cd18f187bb4f40e8a8201e8b&http://store.is.autonavi.com/showpic/bc17130acf58ce67e8eafd9deddb7dd4",
        "updatetime": "2024-09-13 16:14:07",
        "is_textile": false,
        "category": "Recreation",
        "surrounding_poi_count": 32,
        "simulated_floor": 1,
        "occupied_floors": 1,
        "simulated_elevation": 0
      },
      "geometry": {
        "type": "Point",
        "coordinates": [
          113.31183988300006,
          23.08479248900005,
          0
        ]
      }
    },
    {
      "type": "Feature",
      "properties": {
        "fid": 3020,
        "OBJECTID": 551164,
        "id": "B0HRH98NG9",
        "parent": [],
        "children": [],
        "name": "桌球棋牌",
        "type": "体育休闲服务;运动场馆;台球厅",
        "typecode": "080113",
        "biz_type": [],
        "address": "乐敦路与上冲西约南一巷交叉口西北40米",
        "tel": [],
        "postcode": [],
        "website": [],
        "email": [],
        "pcode": "440000",
        "pname": "广东省",
        "citycode": "020",
        "cityname": "广州市",
        "adcode": "440105",
        "plongcj02": "113.31325218599852",
        "platgcj02": "23.083381518405336",
        "adname": "海珠区",
        "entr_location": "113.31336196352743,23.083448290085215",
        "navi_poiid": [],
        "alias": [],
        "parking_type": [],
        "tag": [],
        "indoor_map": "0",
        "cpid": [],
        "floor": [],
        "truefloor": [],
        "business_area": "赤岗",
        "rating": "3.7",
        "cost": [],
        "meal_ordering": [],
        "seat_ordering": [],
        "ticket_ordering": [],
        "hotel_ordering": [],
        "photos_title": [],
        "photos_url": [],
        "updatetime": "2024-12-11 15:52:32",
        "is_textile": false,
        "category": "Recreation",
        "surrounding_poi_count": 10,
        "simulated_floor": 1,
        "occupied_floors": 1,
        "simulated_elevation": 0
      },
      "geometry": {
        "type": "Point",
        "coordinates": [
          113.31325218600011,
          23.083381518000067,
          0
        ]
      }
    },
    {
      "type": "Feature",
      "properties": {
        "fid": 3072,
        "OBJECTID": 579257,
        "id": "B00140UUDH",
        "parent": [],
        "children": [],
        "name": "济安医药",
        "type": "医疗保健服务;医药保健销售店;药房",
        "typecode": "090601",
        "biz_type": [],
        "address": "上冲中约新街一巷5-5",
        "tel": "020-89000980",
        "postcode": [],
        "website": [],
        "email": [],
        "pcode": "440000",
        "pname": "广东省",
        "citycode": "020",
        "cityname": "广州市",
        "adcode": "440105",
        "plongcj02": "113.31135777743108",
        "platgcj02": "23.085574030828923",
        "adname": "海珠区",
        "entr_location": [],
        "navi_poiid": "F49F011043_150665",
        "alias": [],
        "parking_type": [],
        "tag": [],
        "indoor_map": "0",
        "cpid": [],
        "floor": [],
        "truefloor": [],
        "business_area": "赤岗",
        "rating": [],
        "cost": [],
        "meal_ordering": [],
        "seat_ordering": [],
        "ticket_ordering": [],
        "hotel_ordering": [],
        "photos_title": [],
        "photos_url": "http://store.is.autonavi.com/showpic/f9e717d62e31c9fc30c137b3a67023d0&http://store.is.autonavi.com/showpic/aa6bb83a1cf7f21589d28046b95504f4",
        "updatetime": "2024-12-23 01:10:17",
        "is_textile": false,
        "category": "Healthcare",
        "surrounding_poi_count": 23,
        "simulated_floor": 1,
        "occupied_floors": 1,
        "simulated_elevation": 0
      },
      "geometry": {
        "type": "Point",
        "coordinates": [
          113.31135777700001,
          23.08557403100008,
          0
        ]
      }
    },
    {
      "type": "Feature",
      "properties": {
        "fid": 3096,
        "OBJECTID": 579295,
        "id": "B0FFFQU8HJ",
        "parent": [],
        "children": [],
        "name": "广集堂健康大药房(上冲分店)",
        "type": "医疗保健服务;医药保健销售店;药房",
        "typecode": "090601",
        "biz_type": [],
        "address": "南洲街道上冲西约新七巷1号",
        "tel": [],
        "postcode": [],
        "website": [],
        "email": [],
        "pcode": "440000",
        "pname": "广东省",
        "citycode": "020",
        "cityname": "广州市",
        "adcode": "440105",
        "plongcj02": "113.31060136243245",
        "platgcj02": "23.084032036571344",
        "adname": "海珠区",
        "entr_location": "113.31064528266036,23.083942995319696",
        "navi_poiid": "F49F011043_386908",
        "alias": [],
        "parking_type": [],
        "tag": [],
        "indoor_map": "0",
        "cpid": [],
        "floor": [],
        "truefloor": [],
        "business_area": "赤岗",
        "rating": [],
        "cost": [],
        "meal_ordering": [],
        "seat_ordering": [],
        "ticket_ordering": [],
        "hotel_ordering": [],
        "photos_title": [],
        "photos_url": [],
        "updatetime": "2024-02-03 18:20:19",
        "is_textile": false,
        "category": "Healthcare",
        "surrounding_poi_count": 10,
        "simulated_floor": 4,
        "occupied_floors": 1,
        "simulated_elevation": 10.5
      },
      "geometry": {
        "type": "Point",
        "coordinates": [
          113.31060136200006,
          23.084032037000043,
          10.5
        ]
      }
    },
    {
      "type": "Feature",
      "properties": {
        "fid": 3097,
        "OBJECTID": 579298,
        "id": "B0H33CVY6H",
        "parent": [],
        "children": [],
        "name": "上涌口腔",
        "type": "医疗保健服务;专科医院;口腔医院",
        "typecode": "090202",
        "biz_type": [],
        "address": "上冲中约大街33号102",
        "tel": "18922449723",
        "postcode": [],
        "website": [],
        "email": [],
        "pcode": "440000",
        "pname": "广东省",
        "citycode": "020",
        "cityname": "广州市",
        "adcode": "440105",
        "plongcj02": "113.31312635880776",
        "platgcj02": "23.08451926974465",
        "adname": "海珠区",
        "entr_location": "113.31320320831189,23.08449014191453",
        "navi_poiid": [],
        "alias": [],
        "parking_type": [],
        "tag": [],
        "indoor_map": "0",
        "cpid": [],
        "floor": [],
        "truefloor": [],
        "business_area": "赤岗",
        "rating": [],
        "cost": [],
        "meal_ordering": [],
        "seat_ordering": [],
        "ticket_ordering": [],
        "hotel_ordering": [],
        "photos_title": [],
        "photos_url": "http://store.is.autonavi.com/showpic/7e067f86b81ee0c5f831aad038a2a940&http://store.is.autonavi.com/showpic/783704b28c5d62f5e9fd33c5447ed5fd",
        "updatetime": "2024-09-23 14:23:13",
        "is_textile": false,
        "category": "Healthcare",
        "surrounding_poi_count": 34,
        "simulated_floor": 3,
        "occupied_floors": 1,
        "simulated_elevation": 7.0
      },
      "geometry": {
        "type": "Point",
        "coordinates": [
          113.31312635900008,
          23.084519270000044,
          7.0
        ]
      }
    },
    {
      "type": "Feature",
      "properties": {
        "fid": 3201,
        "OBJECTID": 609865,
        "id": "B0H2PDPQNO",
        "parent": [],
        "children": [],
        "name": "舒馨公寓",
        "type": "住宿服务;宾馆酒店;宾馆酒店",
        "typecode": "100100",
        "biz_type": "hotel",
        "address": "凤阳街道康乐中约南新街8巷4号",
        "tel": [],
        "postcode": [],
        "website": [],
        "email": [],
        "pcode": "440000",
        "pname": "广东省",
        "citycode": "020",
        "cityname": "广州市",
        "adcode": "440105",
        "plongcj02": "113.31300858994685",
        "platgcj02": "23.084554469471104",
        "adname": "海珠区",
        "entr_location": "113.31301957020827,23.08452446208007",
        "navi_poiid": [],
        "alias": [],
        "parking_type": [],
        "tag": [],
        "indoor_map": "0",
        "cpid": [],
        "floor": [],
        "truefloor": [],
        "business_area": "新港",
        "rating": [],
        "cost": [],
        "meal_ordering": [],
        "seat_ordering": [],
        "ticket_ordering": [],
        "hotel_ordering": "0",
        "photos_title": [],
        "photos_url": [],
        "updatetime": "2024-08-19 03:56:15",
        "is_textile": false,
        "category": "Residential/Accommodation",
        "surrounding_poi_count": 48,
        "simulated_floor": 6,
        "occupied_floors": 1,
        "simulated_elevation": 17.5
      },
      "geometry": {
        "type": "Point",
        "coordinates": [
          113.3130085900001,
          23.084554469000068,
          17.5
        ]
      }
    },
    {
      "type": "Feature",
      "properties": {
        "fid": 3213,
        "OBJECTID": 609881,
        "id": "B0H3FU8R22",
        "parent": [],
        "children": [],
        "name": "广州海珠平价公寓",
        "type": "住宿服务;住宿服务相关;住宿服务相关",
        "typecode": "100000",
        "biz_type": "hotel",
        "address": "西约新无巷1号夹层",
        "tel": "18144876927",
        "postcode": [],
        "website": [],
        "email": [],
        "pcode": "440000",
        "pname": "广东省",
        "citycode": "020",
        "cityname": "广州市",
        "adcode": "440105",
        "plongcj02": "113.31149860185184",
        "platgcj02": "23.084079404689994",
        "adname": "海珠区",
        "entr_location": "113.31139681157886,23.083933649327054",
        "navi_poiid": [],
        "alias": [],
        "parking_type": [],
        "tag": [],
        "indoor_map": "0",
        "cpid": [],
        "floor": [],
        "truefloor": [],
        "business_area": "赤岗",
        "rating": "2.6",
        "cost": [],
        "meal_ordering": [],
        "seat_ordering": [],
        "ticket_ordering": [],
        "hotel_ordering": "1",
        "photos_title": [],
        "photos_url": "http://store.is.autonavi.com/showpic/47dd5a5b52c183897995a05dee847008&http://store.is.autonavi.com/showpic/3da1d455208120049885ba765d324fdc",
        "updatetime": "2024-12-20 03:26:40",
        "is_textile": false,
        "category": "Residential/Accommodation",
        "surrounding_poi_count": 15,
        "simulated_floor": 15,
        "occupied_floors": 1,
        "simulated_elevation": 49.0
      },
      "geometry": {
        "type": "Point",
        "coordinates": [
          113.31149860200003,
          23.084079405000068,
          49.0
        ]
      }
    },
    {
      "type": "Feature",
      "properties": {
        "fid": 3229,
        "OBJECTID": 609900,
        "id": "B0I2O7UPUT",
        "parent": [],
        "children": [],
        "name": "住宿",
        "type": "住宿服务;旅馆招待所;旅馆招待所",
        "typecode": "100200",
        "biz_type": "hotel",
        "address": "上冲中约大街与上冲中约新街三巷交叉口南80米",
        "tel": [],
        "postcode": [],
        "website": [],
        "email": [],
        "pcode": "440000",
        "pname": "广东省",
        "citycode": "020",
        "cityname": "广州市",
        "adcode": "440105",
        "plongcj02": "113.31119320167883",
        "platgcj02": "23.08407195767584",
        "adname": "海珠区",
        "entr_location": "113.3111912152242,23.083929021300502",
        "navi_poiid": [],
        "alias": [],
        "parking_type": [],
        "tag": [],
        "indoor_map": "0",
        "cpid": [],
        "floor": [],
        "truefloor": [],
        "business_area": "赤岗",
        "rating": [],
        "cost": [],
        "meal_ordering": [],
        "seat_ordering": [],
        "ticket_ordering": [],
        "hotel_ordering": "0",
        "photos_title": [],
        "photos_url": "http://store.is.autonavi.com/showpic/e4c1f265a99166240e4b171f6c22316a&http://store.is.autonavi.com/showpic/6f2db8e3aa20eda72d6451a5f0702cd4",
        "updatetime": "2024-01-18 08:30:20",
        "is_textile": false,
        "category": "Residential/Accommodation",
        "surrounding_poi_count": 14,
        "simulated_floor": 10,
        "occupied_floors": 1,
        "simulated_elevation": 31.5
      },
      "geometry": {
        "type": "Point",
        "coordinates": [
          113.31119320200003,
          23.084071958000038,
          31.5
        ]
      }
    },
    {
      "type": "Feature",
      "properties": {
        "fid": 3251,
        "OBJECTID": 609926,
        "id": "B0JALX4XGR",
        "parent": [],
        "children": [],
        "name": "广州平价公寓上冲店",
        "type": "住宿服务;旅馆招待所;旅馆招待所",
        "typecode": "100200",
        "biz_type": "hotel",
        "address": "上冲西约新五巷一号",
        "tel": [],
        "postcode": [],
        "website": [],
        "email": [],
        "pcode": "440000",
        "pname": "广东省",
        "citycode": "020",
        "cityname": "广州市",
        "adcode": "440105",
        "plongcj02": "113.31127303999564",
        "platgcj02": "23.084147782192947",
        "adname": "海珠区",
        "entr_location": [],
        "navi_poiid": [],
        "alias": [],
        "parking_type": [],
        "tag": [],
        "indoor_map": "0",
        "cpid": [],
        "floor": [],
        "truefloor": [],
        "business_area": "赤岗",
        "rating": [],
        "cost": [],
        "meal_ordering": [],
        "seat_ordering": [],
        "ticket_ordering": [],
        "hotel_ordering": "0",
        "photos_title": [],
        "photos_url": [],
        "updatetime": "2024-11-27 19:11:07",
        "is_textile": false,
        "category": "Residential/Accommodation",
        "surrounding_poi_count": 13,
        "simulated_floor": 11,
        "occupied_floors": 1,
        "simulated_elevation": 35.0
      },
      "geometry": {
        "type": "Point",
        "coordinates": [
          113.31127304000006,
          23.08414778200006,
          35.0
        ]
      }
    },
    {
      "type": "Feature",
      "properties": {
        "fid": 3293,
        "OBJECTID": 610112,
        "id": "B0IUDCFTJL",
        "parent": [],
        "children": [],
        "name": "广州银星公寓",
        "type": "住宿服务;旅馆招待所;旅馆招待所",
        "typecode": "100200",
        "biz_type": "hotel",
        "address": "上冲中约大街2号401",
        "tel": "18122467797",
        "postcode": [],
        "website": [],
        "email": [],
        "pcode": "440000",
        "pname": "广东省",
        "citycode": "020",
        "cityname": "广州市",
        "adcode": "440105",
        "plongcj02": "113.31311345320708",
        "platgcj02": "23.083500721181828",
        "adname": "海珠区",
        "entr_location": "113.3132312052206,23.083713417174835",
        "navi_poiid": [],
        "alias": [],
        "parking_type": [],
        "tag": [],
        "indoor_map": "0",
        "cpid": [],
        "floor": [],
        "truefloor": [],
        "business_area": "赤岗",
        "rating": "4.5",
        "cost": [],
        "meal_ordering": [],
        "seat_ordering": [],
        "ticket_ordering": [],
        "hotel_ordering": "1",
        "photos_title": [],
        "photos_url": "http://store.is.autonavi.com/showpic/7fe8f04adc616b0993e2e93fad3e8294&http://store.is.autonavi.com/showpic/fba0bc8d84fae255882e178c8df75c2c",
        "updatetime": "2024-12-20 18:50:21",
        "is_textile": false,
        "category": "Residential/Accommodation",
        "surrounding_poi_count": 13,
        "simulated_floor": 5,
        "occupied_floors": 1,
        "simulated_elevation": 14.0
      },
      "geometry": {
        "type": "Point",
        "coordinates": [
          113.31311345300003,
          23.083500721000064,
          14.0
        ]
      }
    },
    {
      "type": "Feature",
      "properties": {
        "fid": 3301,
        "OBJECTID": 610120,
        "id": "B0FFKV2KVL",
        "parent": [],
        "children": [],
        "name": "广州JERRYjerry公寓(3号店)",
        "type": "住宿服务;住宿服务相关;住宿服务相关",
        "typecode": "100000",
        "biz_type": "hotel",
        "address": "灏景街1号",
        "tel": [],
        "postcode": [],
        "website": [],
        "email": [],
        "pcode": "440000",
        "pname": "广东省",
        "citycode": "020",
        "cityname": "广州市",
        "adcode": "440105",
        "plongcj02": "113.31145271646776",
        "platgcj02": "23.083716639800933",
        "adname": "海珠区",
        "entr_location": "113.31144671360869,23.083933559470207",
        "navi_poiid": [],
        "alias": [],
        "parking_type": [],
        "tag": [],
        "indoor_map": "0",
        "cpid": [],
        "floor": [],
        "truefloor": [],
        "business_area": "赤岗",
        "rating": [],
        "cost": [],
        "meal_ordering": [],
        "seat_ordering": [],
        "ticket_ordering": [],
        "hotel_ordering": "1",
        "photos_title": [],
        "photos_url": "http://store.is.autonavi.com/showpic/f6da8d9b1098874c8ec5a071b8393212&http://store.is.autonavi.com/showpic/b65f1bb6715a8d937e7c32b5353ac211",
        "updatetime": "2024-02-15 15:45:21",
        "is_textile": false,
        "category": "Residential/Accommodation",
        "surrounding_poi_count": 13,
        "simulated_floor": 8,
        "occupied_floors": 1,
        "simulated_elevation": 24.5
      },
      "geometry": {
        "type": "Point",
        "coordinates": [
          113.31145271600008,
          23.083716640000034,
          24.5
        ]
      }
    },
    {
      "type": "Feature",
      "properties": {
        "fid": 3339,
        "OBJECTID": 628101,
        "id": "B0FFIB5LU6",
        "parent": [],
        "children": [],
        "name": "何氏宗祠",
        "type": "风景名胜;风景名胜;寺庙道观",
        "typecode": "110205",
        "biz_type": "tour",
        "address": "上冲西约大街1号3楼",
        "tel": [],
        "postcode": [],
        "website": [],
        "email": [],
        "pcode": "440000",
        "pname": "广东省",
        "citycode": "020",
        "cityname": "广州市",
        "adcode": "440105",
        "plongcj02": "113.31218630716187",
        "platgcj02": "23.083204529862776",
        "adname": "海珠区",
        "entr_location": "113.31206358701165,23.082643987699363",
        "navi_poiid": [],
        "alias": [],
        "parking_type": [],
        "tag": [],
        "indoor_map": "0",
        "cpid": [],
        "floor": [],
        "truefloor": [],
        "business_area": "赤岗",
        "rating": "3.6",
        "cost": [],
        "meal_ordering": [],
        "seat_ordering": [],
        "ticket_ordering": "0",
        "hotel_ordering": [],
        "photos_title": [],
        "photos_url": [],
        "updatetime": "2024-07-14 21:19:49",
        "is_textile": false,
        "category": "Recreation",
        "surrounding_poi_count": 6,
        "simulated_floor": 1,
        "occupied_floors": 1,
        "simulated_elevation": 0
      },
      "geometry": {
        "type": "Point",
        "coordinates": [
          113.31218630700005,
          23.083204530000046,
          0
        ]
      }
    },
    {
      "type": "Feature",
      "properties": {
        "fid": 3345,
        "OBJECTID": 628259,
        "id": "B0FFGYUQT3",
        "parent": [],
        "children": [],
        "name": "梁氏宗祠",
        "type": "风景名胜;风景名胜;寺庙道观",
        "typecode": "110205",
        "biz_type": "tour",
        "address": "上冲西约大街35号",
        "tel": [],
        "postcode": [],
        "website": [],
        "email": [],
        "pcode": "440000",
        "pname": "广东省",
        "citycode": "020",
        "cityname": "广州市",
        "adcode": "440105",
        "plongcj02": "113.31114034078809",
        "platgcj02": "23.083546273614655",
        "adname": "海珠区",
        "entr_location": "113.31113831869988,23.083932115114756",
        "navi_poiid": [],
        "alias": [],
        "parking_type": [],
        "tag": [],
        "indoor_map": "0",
        "cpid": [],
        "floor": [],
        "truefloor": [],
        "business_area": "赤岗",
        "rating": "4.1",
        "cost": [],
        "meal_ordering": [],
        "seat_ordering": [],
        "ticket_ordering": "0",
        "hotel_ordering": [],
        "photos_title": [],
        "photos_url": "http://store.is.autonavi.com/showpic/e51736ef3f136a5f13b529257062f123&http://store.is.autonavi.com/showpic/f71e2587603971129be4c1ae2d6c2f4c",
        "updatetime": "2024-07-10 11:57:44",
        "is_textile": false,
        "category": "Recreation",
        "surrounding_poi_count": 9,
        "simulated_floor": 2,
        "occupied_floors": 1,
        "simulated_elevation": 3.5
      },
      "geometry": {
        "type": "Point",
        "coordinates": [
          113.31114034100005,
          23.08354627400007,
          3.5
        ]
      }
    },
    {
      "type": "Feature",
      "properties": {
        "fid": 3402,
        "OBJECTID": 650085,
        "id": "B00140USYK",
        "parent": [],
        "children": [],
        "name": "名粤小区",
        "type": "商务住宅;住宅区;住宅小区",
        "typecode": "120302",
        "biz_type": [],
        "address": "广州大道南上冲站名粤广场",
        "tel": [],
        "postcode": [],
        "website": [],
        "email": [],
        "pcode": "440000",
        "pname": "广东省",
        "citycode": "020",
        "cityname": "广州市",
        "adcode": "440105",
        "plongcj02": "113.31198157466886",
        "platgcj02": "23.0852200537168",
        "adname": "海珠区",
        "entr_location": "113.31161826910737,23.085524582105002",
        "navi_poiid": "F49F011043_581622",
        "alias": [],
        "parking_type": [],
        "tag": [],
        "indoor_map": "0",
        "cpid": [],
        "floor": [],
        "truefloor": [],
        "business_area": "赤岗",
        "rating": [],
        "cost": [],
        "meal_ordering": [],
        "seat_ordering": [],
        "ticket_ordering": [],
        "hotel_ordering": [],
        "photos_title": [],
        "photos_url": "http://store.is.autonavi.com/showpic/0aa8154b7dab8bdf832c9ab067b94da4&http://store.is.autonavi.com/showpic/cf47e7672ed86abea07d541c349546f4",
        "updatetime": "2024-12-24 05:40:37",
        "is_textile": false,
        "category": "Business/Office",
        "surrounding_poi_count": 46,
        "simulated_floor": 8,
        "occupied_floors": 1,
        "simulated_elevation": 24.5
      },
      "geometry": {
        "type": "Point",
        "coordinates": [
          113.31198157500012,
          23.085220054000047,
          24.5
        ]
      }
    },
    {
      "type": "Feature",
      "properties": {
        "fid": 3404,
        "OBJECTID": 650087,
        "id": "B00141R3OF",
        "parent": [],
        "children": [],
        "name": "名粤广场",
        "type": "商务住宅;住宅区;住宅小区",
        "typecode": "120302",
        "biz_type": [],
        "address": "广州大道南1025号",
        "tel": [],
        "postcode": [],
        "website": [],
        "email": [],
        "pcode": "440000",
        "pname": "广东省",
        "citycode": "020",
        "cityname": "广州市",
        "adcode": "440105",
        "plongcj02": "113.31080589621374",
        "platgcj02": "23.085017256271584",
        "adname": "海珠区",
        "entr_location": "113.31105442535583,23.084786906860288",
        "navi_poiid": "F49F011043_928457",
        "alias": [],
        "parking_type": [],
        "tag": [],
        "indoor_map": "0",
        "cpid": [],
        "floor": [],
        "truefloor": [],
        "business_area": "新港",
        "rating": [],
        "cost": "23114.00",
        "meal_ordering": [],
        "seat_ordering": [],
        "ticket_ordering": [],
        "hotel_ordering": [],
        "photos_title": [],
        "photos_url": "http://store.is.autonavi.com/showpic/d75e4f52710ad65a97c867a421e8e144&http://store.is.autonavi.com/showpic/d14872ceb442be2cde88694de1f7cacf",
        "updatetime": "2024-12-23 06:17:02",
        "is_textile": false,
        "category": "Business/Office",
        "surrounding_poi_count": 34,
        "simulated_floor": 8,
        "occupied_floors": 1,
        "simulated_elevation": 24.5
      },
      "geometry": {
        "type": "Point",
        "coordinates": [
          113.31080589600003,
          23.08501725600007,
          24.5
        ]
      }
    },
    {
      "type": "Feature",
      "properties": {
        "fid": 3413,
        "OBJECTID": 650098,
        "id": "B00140TCUF",
        "parent": [],
        "children": [],
        "name": "明雅苑",
        "type": "商务住宅;住宅区;住宅小区",
        "typecode": "120302",
        "biz_type": [],
        "address": "上冲中约新街三巷10号",
        "tel": [],
        "postcode": [],
        "website": [],
        "email": [],
        "pcode": "440000",
        "pname": "广东省",
        "citycode": "020",
        "cityname": "广州市",
        "adcode": "440105",
        "plongcj02": "113.31180194915058",
        "platgcj02": "23.084912507469767",
        "adname": "海珠区",
        "entr_location": "113.31190175645439,23.084856350711267",
        "navi_poiid": "F49F011043_14028",
        "alias": [],
        "parking_type": [],
        "tag": [],
        "indoor_map": "0",
        "cpid": [],
        "floor": [],
        "truefloor": [],
        "business_area": "赤岗",
        "rating": [],
        "cost": [],
        "meal_ordering": [],
        "seat_ordering": [],
        "ticket_ordering": [],
        "hotel_ordering": [],
        "photos_title": [],
        "photos_url": [],
        "updatetime": "2024-11-17 12:06:19",
        "is_textile": false,
        "category": "Business/Office",
        "surrounding_poi_count": 33,
        "simulated_floor": 2,
        "occupied_floors": 1,
        "simulated_elevation": 3.5
      },
      "geometry": {
        "type": "Point",
        "coordinates": [
          113.31180194900003,
          23.08491250700007,
          3.5
        ]
      }
    },
    {
      "type": "Feature",
      "properties": {
        "fid": 3414,
        "OBJECTID": 650099,
        "id": "B00140T4SL",
        "parent": [],
        "children": [],
        "name": "名俊楼",
        "type": "商务住宅;住宅区;住宅小区",
        "typecode": "120302",
        "biz_type": [],
        "address": "上冲中约新街三巷与上冲中约大街交叉口西南40米",
        "tel": [],
        "postcode": [],
        "website": [],
        "email": [],
        "pcode": "440000",
        "pname": "广东省",
        "citycode": "020",
        "cityname": "广州市",
        "adcode": "440105",
        "plongcj02": "113.31079694307726",
        "platgcj02": "23.08458245489382",
        "adname": "海珠区",
        "entr_location": "113.31090671796194,23.084736193395578",
        "navi_poiid": "F49F011043_14085",
        "alias": [],
        "parking_type": [],
        "tag": [],
        "indoor_map": "0",
        "cpid": [],
        "floor": [],
        "truefloor": [],
        "business_area": "新港",
        "rating": [],
        "cost": [],
        "meal_ordering": [],
        "seat_ordering": [],
        "ticket_ordering": [],
        "hotel_ordering": [],
        "photos_title": [],
        "photos_url": [],
        "updatetime": "2024-12-23 13:14:52",
        "is_textile": false,
        "category": "Business/Office",
        "surrounding_poi_count": 17,
        "simulated_floor": 3,
        "occupied_floors": 1,
        "simulated_elevation": 7.0
      },
      "geometry": {
        "type": "Point",
        "coordinates": [
          113.31079694300001,
          23.08458245500003,
          7.0
        ]
      }
    },
    {
      "type": "Feature",
      "properties": {
        "fid": 3519,
        "OBJECTID": 681701,
        "id": "B00141KDJS",
        "parent": [],
        "children": [],
        "name": "上涌中约社区居委会",
        "type": "政府机构及社会团体;政府机关;乡镇以下级政府及事业单位|政府机构及社会团体;公检法机构;公检法机关",
        "typecode": "130106|130500",
        "biz_type": [],
        "address": [],
        "tel": [],
        "postcode": [],
        "website": [],
        "email": [],
        "pcode": "440000",
        "pname": "广东省",
        "citycode": "020",
        "cityname": "广州市",
        "adcode": "440105",
        "plongcj02": "113.31202247443632",
        "platgcj02": "23.085510857688348",
        "adname": "海珠区",
        "entr_location": "113.3120693786171,23.085560751888675",
        "navi_poiid": "F49F011043_190370",
        "alias": [],
        "parking_type": [],
        "tag": [],
        "indoor_map": "0",
        "cpid": [],
        "floor": [],
        "truefloor": [],
        "business_area": "赤岗",
        "rating": [],
        "cost": [],
        "meal_ordering": [],
        "seat_ordering": [],
        "ticket_ordering": [],
        "hotel_ordering": [],
        "photos_title": [],
        "photos_url": "http://store.is.autonavi.com/showpic/5be45287f601b6234c42c00468b38074&http://store.is.autonavi.com/showpic/e66254789d670a062b589a69b36913d3",
        "updatetime": "2024-01-28 16:48:22",
        "is_textile": false,
        "category": "Other",
        "surrounding_poi_count": 34,
        "simulated_floor": 5,
        "occupied_floors": 1,
        "simulated_elevation": 14.0
      },
      "geometry": {
        "type": "Point",
        "coordinates": [
          113.31202247400006,
          23.085510858000077,
          14.0
        ]
      }
    },
    {
      "type": "Feature",
      "properties": {
        "fid": 3520,
        "OBJECTID": 681702,
        "id": "B00141KDJS",
        "parent": [],
        "children": [],
        "name": "上涌中约社区居委会",
        "type": "政府机构及社会团体;政府机关;乡镇以下级政府及事业单位|政府机构及社会团体;公检法机构;公检法机关",
        "typecode": "130106|130500",
        "biz_type": [],
        "address": [],
        "tel": [],
        "postcode": [],
        "website": [],
        "email": [],
        "pcode": "440000",
        "pname": "广东省",
        "citycode": "020",
        "cityname": "广州市",
        "adcode": "440105",
        "plongcj02": "113.31202247443632",
        "platgcj02": "23.085510857688348",
        "adname": "海珠区",
        "entr_location": "113.3120693786171,23.085560751888675",
        "navi_poiid": "F49F011043_190370",
        "alias": [],
        "parking_type": [],
        "tag": [],
        "indoor_map": "0",
        "cpid": [],
        "floor": [],
        "truefloor": [],
        "business_area": "赤岗",
        "rating": [],
        "cost": [],
        "meal_ordering": [],
        "seat_ordering": [],
        "ticket_ordering": [],
        "hotel_ordering": [],
        "photos_title": [],
        "photos_url": "http://store.is.autonavi.com/showpic/5be45287f601b6234c42c00468b38074&http://store.is.autonavi.com/showpic/e66254789d670a062b589a69b36913d3",
        "updatetime": "2024-01-28 16:48:22",
        "is_textile": false,
        "category": "Other",
        "surrounding_poi_count": 34,
        "simulated_floor": 4,
        "occupied_floors": 1,
        "simulated_elevation": 10.5
      },
      "geometry": {
        "type": "Point",
        "coordinates": [
          113.31202247400006,
          23.085510858000077,
          10.5
        ]
      }
    },
    {
      "type": "Feature",
      "properties": {
        "fid": 3527,
        "OBJECTID": 681709,
        "id": "B0FFLKMCG6",
        "parent": [],
        "children": [],
        "name": "海珠区监察委员会派出南洲街道监察组中约社区监察站",
        "type": "政府机构及社会团体;政府机关;乡镇以下级政府及事业单位",
        "typecode": "130106",
        "biz_type": [],
        "address": "上冲中约新街一巷与敦丰路交叉口南20米",
        "tel": [],
        "postcode": [],
        "website": [],
        "email": [],
        "pcode": "440000",
        "pname": "广东省",
        "citycode": "020",
        "cityname": "广州市",
        "adcode": "440105",
        "plongcj02": "113.31198754279364",
        "platgcj02": "23.08551791790788",
        "adname": "海珠区",
        "entr_location": "113.31208135864681,23.08550675287044",
        "navi_poiid": [],
        "alias": [],
        "parking_type": [],
        "tag": [],
        "indoor_map": "0",
        "cpid": [],
        "floor": [],
        "truefloor": [],
        "business_area": "赤岗",
        "rating": [],
        "cost": [],
        "meal_ordering": [],
        "seat_ordering": [],
        "ticket_ordering": [],
        "hotel_ordering": [],
        "photos_title": [],
        "photos_url": [],
        "updatetime": "2024-01-27 08:32:22",
        "is_textile": false,
        "category": "Other",
        "surrounding_poi_count": 35,
        "simulated_floor": 4,
        "occupied_floors": 1,
        "simulated_elevation": 10.5
      },
      "geometry": {
        "type": "Point",
        "coordinates": [
          113.3119875430001,
          23.08551791800005,
          10.5
        ]
      }
    },
    {
      "type": "Feature",
      "properties": {
        "fid": 3528,
        "OBJECTID": 681710,
        "id": "B00141KEPH",
        "parent": [],
        "children": [],
        "name": "中共上涌中约社区支部委员会",
        "type": "政府机构及社会团体;政府机关;乡镇以下级政府及事业单位",
        "typecode": "130106",
        "biz_type": [],
        "address": "上冲中约新街一巷24号附近",
        "tel": [],
        "postcode": [],
        "website": [],
        "email": [],
        "pcode": "440000",
        "pname": "广东省",
        "citycode": "020",
        "cityname": "广州市",
        "adcode": "440105",
        "plongcj02": "113.31208535044003",
        "platgcj02": "23.085511743552054",
        "adname": "海珠区",
        "entr_location": [],
        "navi_poiid": "F49F011043_190369",
        "alias": "中共上涌中约社区支委",
        "parking_type": [],
        "tag": [],
        "indoor_map": "0",
        "cpid": [],
        "floor": [],
        "truefloor": [],
        "business_area": "赤岗",
        "rating": [],
        "cost": [],
        "meal_ordering": [],
        "seat_ordering": [],
        "ticket_ordering": [],
        "hotel_ordering": [],
        "photos_title": [],
        "photos_url": "http://store.is.autonavi.com/showpic/5be45287f601b6234c42c00468b38074&http://store.is.autonavi.com/showpic/5bdb693dfb5b1b6b5a01972b6aa4ee67",
        "updatetime": "2024-01-25 20:09:40",
        "is_textile": false,
        "category": "Other",
        "surrounding_poi_count": 37,
        "simulated_floor": 3,
        "occupied_floors": 1,
        "simulated_elevation": 7.0
      },
      "geometry": {
        "type": "Point",
        "coordinates": [
          113.31208535000007,
          23.08551174400003,
          7.0
        ]
      }
    },
    {
      "type": "Feature",
      "properties": {
        "fid": 3529,
        "OBJECTID": 681711,
        "id": "B00141KDNV",
        "parent": [],
        "children": [],
        "name": "上涌中约社区居委会劳动保障服务工作站",
        "type": "政府机构及社会团体;政府机关;乡镇以下级政府及事业单位",
        "typecode": "130106",
        "biz_type": [],
        "address": "广州大道南",
        "tel": [],
        "postcode": [],
        "website": [],
        "email": [],
        "pcode": "440000",
        "pname": "广东省",
        "citycode": "020",
        "cityname": "广州市",
        "adcode": "440105",
        "plongcj02": "113.31204643113864",
        "platgcj02": "23.085452838697",
        "adname": "海珠区",
        "entr_location": "113.31208534612797,23.08557571671339",
        "navi_poiid": "F49F011043_190371",
        "alias": [],
        "parking_type": [],
        "tag": [],
        "indoor_map": "0",
        "cpid": [],
        "floor": [],
        "truefloor": [],
        "business_area": "赤岗",
        "rating": [],
        "cost": [],
        "meal_ordering": [],
        "seat_ordering": [],
        "ticket_ordering": [],
        "hotel_ordering": [],
        "photos_title": [],
        "photos_url": [],
        "updatetime": "2024-01-24 02:27:50",
        "is_textile": false,
        "category": "Other",
        "surrounding_poi_count": 38,
        "simulated_floor": 2,
        "occupied_floors": 1,
        "simulated_elevation": 3.5
      },
      "geometry": {
        "type": "Point",
        "coordinates": [
          113.31204643100011,
          23.085452839000027,
          3.5
        ]
      }
    },
    {
      "type": "Feature",
      "properties": {
        "fid": 3530,
        "OBJECTID": 681712,
        "id": "B0FFGDJAN1",
        "parent": [],
        "children": [],
        "name": "南洲派出所上涌中约社区警务室",
        "type": "政府机构及社会团体;公检法机构;社会治安机构|政府机构及社会团体;公检法机构;公安警察",
        "typecode": "130506|130501",
        "biz_type": [],
        "address": "上涌村中约新街一巷17号一楼",
        "tel": [],
        "postcode": [],
        "website": [],
        "email": [],
        "pcode": "440000",
        "pname": "广东省",
        "citycode": "020",
        "cityname": "广州市",
        "adcode": "440105",
        "plongcj02": "113.31227997767",
        "platgcj02": "23.08534646046415",
        "adname": "海珠区",
        "entr_location": [],
        "navi_poiid": [],
        "alias": [],
        "parking_type": [],
        "tag": [],
        "indoor_map": "0",
        "cpid": [],
        "floor": [],
        "truefloor": [],
        "business_area": "赤岗",
        "rating": [],
        "cost": [],
        "meal_ordering": [],
        "seat_ordering": [],
        "ticket_ordering": [],
        "hotel_ordering": [],
        "photos_title": [],
        "photos_url": "http://store.is.autonavi.com/showpic/68707c12699fdb29ef22dddc09e076ff&http://store.is.autonavi.com/showpic/336f96c9ac703f86e0821949364bfca3",
        "updatetime": "2024-02-09 16:19:32",
        "is_textile": false,
        "category": "Other",
        "surrounding_poi_count": 39,
        "simulated_floor": 3,
        "occupied_floors": 1,
        "simulated_elevation": 7.0
      },
      "geometry": {
        "type": "Point",
        "coordinates": [
          113.3122799780001,
          23.08534646000004,
          7.0
        ]
      }
    },
    {
      "type": "Feature",
      "properties": {
        "fid": 3531,
        "OBJECTID": 681713,
        "id": "B0FFGDJAN1",
        "parent": [],
        "children": [],
        "name": "南洲派出所上涌中约社区警务室",
        "type": "政府机构及社会团体;公检法机构;社会治安机构|政府机构及社会团体;公检法机构;公安警察",
        "typecode": "130506|130501",
        "biz_type": [],
        "address": "上涌村中约新街一巷17号一楼",
        "tel": [],
        "postcode": [],
        "website": [],
        "email": [],
        "pcode": "440000",
        "pname": "广东省",
        "citycode": "020",
        "cityname": "广州市",
        "adcode": "440105",
        "plongcj02": "113.31227997767",
        "platgcj02": "23.08534646046415",
        "adname": "海珠区",
        "entr_location": [],
        "navi_poiid": [],
        "alias": [],
        "parking_type": [],
        "tag": [],
        "indoor_map": "0",
        "cpid": [],
        "floor": [],
        "truefloor": [],
        "business_area": "赤岗",
        "rating": [],
        "cost": [],
        "meal_ordering": [],
        "seat_ordering": [],
        "ticket_ordering": [],
        "hotel_ordering": [],
        "photos_title": [],
        "photos_url": "http://store.is.autonavi.com/showpic/68707c12699fdb29ef22dddc09e076ff&http://store.is.autonavi.com/showpic/336f96c9ac703f86e0821949364bfca3",
        "updatetime": "2024-02-09 16:19:32",
        "is_textile": false,
        "category": "Other",
        "surrounding_poi_count": 39,
        "simulated_floor": 5,
        "occupied_floors": 1,
        "simulated_elevation": 14.0
      },
      "geometry": {
        "type": "Point",
        "coordinates": [
          113.3122799780001,
          23.08534646000004,
          14.0
        ]
      }
    },
    {
      "type": "Feature",
      "properties": {
        "fid": 3532,
        "OBJECTID": 681714,
        "id": "B00141KE6K",
        "parent": [],
        "children": [],
        "name": "上涌中约社区社会捐助接收工作站",
        "type": "政府机构及社会团体;社会团体;慈善机构",
        "typecode": "130408",
        "biz_type": [],
        "address": "上涌中约社区",
        "tel": [],
        "postcode": [],
        "website": [],
        "email": [],
        "pcode": "440000",
        "pname": "广东省",
        "citycode": "020",
        "cityname": "广州市",
        "adcode": "440105",
        "plongcj02": "113.31204643113864",
        "platgcj02": "23.085452838697",
        "adname": "海珠区",
        "entr_location": "113.31208534612797,23.08557571671339",
        "navi_poiid": "F49F011043_190379",
        "alias": [],
        "parking_type": [],
        "tag": [],
        "indoor_map": "0",
        "cpid": [],
        "floor": [],
        "truefloor": [],
        "business_area": "新港",
        "rating": [],
        "cost": [],
        "meal_ordering": [],
        "seat_ordering": [],
        "ticket_ordering": [],
        "hotel_ordering": [],
        "photos_title": [],
        "photos_url": [],
        "updatetime": "2024-02-13 08:26:47",
        "is_textile": false,
        "category": "Other",
        "surrounding_poi_count": 38,
        "simulated_floor": 1,
        "occupied_floors": 1,
        "simulated_elevation": 0
      },
      "geometry": {
        "type": "Point",
        "coordinates": [
          113.31204643100011,
          23.085452839000027,
          0
        ]
      }
    },
    {
      "type": "Feature",
      "properties": {
        "fid": 3533,
        "OBJECTID": 681715,
        "id": "B00141KE6F",
        "parent": [],
        "children": [],
        "name": "上涌中约社区计划生育协会",
        "type": "政府机构及社会团体;社会团体;社会团体相关",
        "typecode": "130400",
        "biz_type": [],
        "address": "上冲中约新街一巷",
        "tel": [],
        "postcode": [],
        "website": [],
        "email": [],
        "pcode": "440000",
        "pname": "广东省",
        "citycode": "020",
        "cityname": "广州市",
        "adcode": "440105",
        "plongcj02": "113.31204643113864",
        "platgcj02": "23.085452838697",
        "adname": "海珠区",
        "entr_location": "113.31208534612797,23.08557571671339",
        "navi_poiid": "F49F011043_190377",
        "alias": [],
        "parking_type": [],
        "tag": [],
        "indoor_map": "0",
        "cpid": [],
        "floor": [],
        "truefloor": [],
        "business_area": "赤岗",
        "rating": [],
        "cost": [],
        "meal_ordering": [],
        "seat_ordering": [],
        "ticket_ordering": [],
        "hotel_ordering": [],
        "photos_title": [],
        "photos_url": [],
        "updatetime": "2023-12-13 23:04:56",
        "is_textile": false,
        "category": "Other",
        "surrounding_poi_count": 38,
        "simulated_floor": 2,
        "occupied_floors": 1,
        "simulated_elevation": 3.5
      },
      "geometry": {
        "type": "Point",
        "coordinates": [
          113.31204643100011,
          23.085452839000027,
          3.5
        ]
      }
    },
    {
      "type": "Feature",
      "properties": {
        "fid": 3534,
        "OBJECTID": 681716,
        "id": "B0FFGG6SA8",
        "parent": [],
        "children": [],
        "name": "上涌中约社区居民委员会消防安全委员会",
        "type": "政府机构及社会团体;公检法机构;消防机关",
        "typecode": "130504",
        "biz_type": [],
        "address": "上冲中约新街一巷与敦丰路交叉口西20米",
        "tel": [],
        "postcode": [],
        "website": [],
        "email": [],
        "pcode": "440000",
        "pname": "广东省",
        "citycode": "020",
        "cityname": "广州市",
        "adcode": "440105",
        "plongcj02": "113.31204643113864",
        "platgcj02": "23.085452838697",
        "adname": "海珠区",
        "entr_location": "113.31208534612797,23.08557571671339",
        "navi_poiid": "F49F011043_190375",
        "alias": "上涌中约社区居委会消防安全委员会",
        "parking_type": [],
        "tag": [],
        "indoor_map": "0",
        "cpid": [],
        "floor": [],
        "truefloor": [],
        "business_area": "赤岗",
        "rating": [],
        "cost": [],
        "meal_ordering": [],
        "seat_ordering": [],
        "ticket_ordering": [],
        "hotel_ordering": [],
        "photos_title": [],
        "photos_url": [],
        "updatetime": "2024-02-16 15:23:43",
        "is_textile": false,
        "category": "Other",
        "surrounding_poi_count": 38,
        "simulated_floor": 4,
        "occupied_floors": 1,
        "simulated_elevation": 10.5
      },
      "geometry": {
        "type": "Point",
        "coordinates": [
          113.31204643100011,
          23.085452839000027,
          10.5
        ]
      }
    },
    {
      "type": "Feature",
      "properties": {
        "fid": 3537,
        "OBJECTID": 681719,
        "id": "B0FFI9DYAS",
        "parent": "B00140TCVU",
        "children": [],
        "name": "广州市公安局海珠区分局南洲派出所西约社区警务室",
        "type": "政府机构及社会团体;公检法机构;公安警察",
        "typecode": "130501",
        "biz_type": [],
        "address": "上冲中约新街三巷名粤广场商贸城",
        "tel": [],
        "postcode": [],
        "website": [],
        "email": [],
        "pcode": "440000",
        "pname": "广东省",
        "citycode": "020",
        "cityname": "广州市",
        "adcode": "440105",
        "plongcj02": "113.31075600037936",
        "platgcj02": "23.08491938682808",
        "adname": "海珠区",
        "entr_location": [],
        "navi_poiid": [],
        "alias": [],
        "parking_type": [],
        "tag": [],
        "indoor_map": "0",
        "cpid": [],
        "floor": [],
        "truefloor": [],
        "business_area": "新港",
        "rating": [],
        "cost": [],
        "meal_ordering": [],
        "seat_ordering": [],
        "ticket_ordering": [],
        "hotel_ordering": [],
        "photos_title": [],
        "photos_url": [],
        "updatetime": "2024-03-25 23:09:37",
        "is_textile": false,
        "category": "Other",
        "surrounding_poi_count": 30,
        "simulated_floor": 1,
        "occupied_floors": 1,
        "simulated_elevation": 0
      },
      "geometry": {
        "type": "Point",
        "coordinates": [
          113.310756,
          23.08491938700007,
          0
        ]
      }
    },
    {
      "type": "Feature",
      "properties": {
        "fid": 3538,
        "OBJECTID": 681720,
        "id": "B00140JHPN",
        "parent": [],
        "children": [],
        "name": "广州市海珠区南洲街东风经济联合社",
        "type": "政府机构及社会团体;社会团体;社会团体相关",
        "typecode": "130400",
        "biz_type": [],
        "address": "广州大道南1027号",
        "tel": [],
        "postcode": [],
        "website": [],
        "email": [],
        "pcode": "440000",
        "pname": "广东省",
        "citycode": "020",
        "cityname": "广州市",
        "adcode": "440105",
        "plongcj02": "113.31072506166154",
        "platgcj02": "23.08490744730029",
        "adname": "海珠区",
        "entr_location": [],
        "navi_poiid": "F49F011043_13952",
        "alias": [],
        "parking_type": [],
        "tag": [],
        "indoor_map": "0",
        "cpid": [],
        "floor": [],
        "truefloor": [],
        "business_area": "赤岗",
        "rating": [],
        "cost": [],
        "meal_ordering": [],
        "seat_ordering": [],
        "ticket_ordering": [],
        "hotel_ordering": [],
        "photos_title": [],
        "photos_url": "http://store.is.autonavi.com/showpic/03a4d9f1df7fafcd716ee5d50dc51a1a&http://store.is.autonavi.com/showpic/63c952a7da50a426a3444edbaf7a85c2",
        "updatetime": "2024-07-23 20:28:46",
        "is_textile": false,
        "category": "Other",
        "surrounding_poi_count": 24,
        "simulated_floor": 1,
        "occupied_floors": 1,
        "simulated_elevation": 0
      },
      "geometry": {
        "type": "Point",
        "coordinates": [
          113.31072506200007,
          23.084907447000035,
          0
        ]
      }
    },
    {
      "type": "Feature",
      "properties": {
        "fid": 3540,
        "OBJECTID": 681722,
        "id": "B0014022F8",
        "parent": "B00140TCVU",
        "children": [],
        "name": "东风村委会(广州大道南)",
        "type": "政府机构及社会团体;政府机关;乡镇以下级政府及事业单位",
        "typecode": "130106",
        "biz_type": [],
        "address": "广州大道南1021号名粤广场商贸城F1层",
        "tel": [],
        "postcode": [],
        "website": [],
        "email": [],
        "pcode": "440000",
        "pname": "广东省",
        "citycode": "020",
        "cityname": "广州市",
        "adcode": "440105",
        "plongcj02": "113.31074402749461",
        "platgcj02": "23.084864431364995",
        "adname": "海珠区",
        "entr_location": "113.31067116926351,23.08487355810371",
        "navi_poiid": "F49F011043_13955",
        "alias": [],
        "parking_type": [],
        "tag": [],
        "indoor_map": "0",
        "cpid": [],
        "floor": [],
        "truefloor": [],
        "business_area": "新港",
        "rating": [],
        "cost": [],
        "meal_ordering": [],
        "seat_ordering": [],
        "ticket_ordering": [],
        "hotel_ordering": [],
        "photos_title": [],
        "photos_url": [],
        "updatetime": "2024-03-25 20:32:11",
        "is_textile": false,
        "category": "Other",
        "surrounding_poi_count": 24,
        "simulated_floor": 5,
        "occupied_floors": 1,
        "simulated_elevation": 14.0
      },
      "geometry": {
        "type": "Point",
        "coordinates": [
          113.31074402700006,
          23.084864431000028,
          14.0
        ]
      }
    },
    {
      "type": "Feature",
      "properties": {
        "fid": 3542,
        "OBJECTID": 681725,
        "id": "B00140KDTX",
        "parent": "B00140TCVU",
        "children": [],
        "name": "中共东风经济联合社总支部委员会",
        "type": "政府机构及社会团体;社会团体;社会团体相关",
        "typecode": "130400",
        "biz_type": [],
        "address": "广州大道南1027号",
        "tel": [],
        "postcode": [],
        "website": [],
        "email": [],
        "pcode": "440000",
        "pname": "广东省",
        "citycode": "020",
        "cityname": "广州市",
        "adcode": "440105",
        "plongcj02": "113.31077496384738",
        "platgcj02": "23.084911356200347",
        "adname": "海珠区",
        "entr_location": "113.31068014861589,23.08491952271704",
        "navi_poiid": "F49F011043_13954",
        "alias": [],
        "parking_type": [],
        "tag": [],
        "indoor_map": "0",
        "cpid": [],
        "floor": [],
        "truefloor": [],
        "business_area": "新港",
        "rating": [],
        "cost": [],
        "meal_ordering": [],
        "seat_ordering": [],
        "ticket_ordering": [],
        "hotel_ordering": [],
        "photos_title": [],
        "photos_url": "http://store.is.autonavi.com/showpic/3c77af39d3aeb947baf75df40e739acf&http://store.is.autonavi.com/showpic/03a4d9f1df7fafcd716ee5d50dc51a1a",
        "updatetime": "2024-03-25 20:31:52",
        "is_textile": false,
        "category": "Other",
        "surrounding_poi_count": 30,
        "simulated_floor": 5,
        "occupied_floors": 1,
        "simulated_elevation": 14.0
      },
      "geometry": {
        "type": "Point",
        "coordinates": [
          113.31077496400007,
          23.084911356000077,
          14.0
        ]
      }
    },
    {
      "type": "Feature",
      "properties": {
        "fid": 3543,
        "OBJECTID": 681726,
        "id": "B00140CFX6",
        "parent": [],
        "children": [],
        "name": "东风经济联合社工会联合会",
        "type": "政府机构及社会团体;社会团体;社会团体相关",
        "typecode": "130400",
        "biz_type": [],
        "address": "广州大道南1021号名粤广场商贸城",
        "tel": [],
        "postcode": [],
        "website": [],
        "email": [],
        "pcode": "440000",
        "pname": "广东省",
        "citycode": "020",
        "cityname": "广州市",
        "adcode": "440105",
        "plongcj02": "113.31074402749461",
        "platgcj02": "23.084864431364995",
        "adname": "海珠区",
        "entr_location": "113.31033384016702,23.08468723994566",
        "navi_poiid": "F49F011043_13953",
        "alias": [],
        "parking_type": [],
        "tag": [],
        "indoor_map": "0",
        "cpid": [],
        "floor": [],
        "truefloor": [],
        "business_area": "赤岗",
        "rating": [],
        "cost": [],
        "meal_ordering": [],
        "seat_ordering": [],
        "ticket_ordering": [],
        "hotel_ordering": [],
        "photos_title": [],
        "photos_url": "http://store.is.autonavi.com/showpic/0f3a79d3f849bf1e0bc59dcac8b2bdbe&http://store.is.autonavi.com/showpic/03a4d9f1df7fafcd716ee5d50dc51a1a",
        "updatetime": "2024-07-23 20:20:46",
        "is_textile": false,
        "category": "Other",
        "surrounding_poi_count": 24,
        "simulated_floor": 2,
        "occupied_floors": 1,
        "simulated_elevation": 3.5
      },
      "geometry": {
        "type": "Point",
        "coordinates": [
          113.31074402700006,
          23.084864431000028,
          3.5
        ]
      }
    },
    {
      "type": "Feature",
      "properties": {
        "fid": 3544,
        "OBJECTID": 681727,
        "id": "B00140TA0Y",
        "parent": "B00140TCVU",
        "children": [],
        "name": "东风经济联社安全生产管理办公室",
        "type": "政府机构及社会团体;政府机关;乡镇以下级政府及事业单位",
        "typecode": "130106",
        "biz_type": [],
        "address": "广州大道南1021号名粤广场商贸城F1层",
        "tel": [],
        "postcode": [],
        "website": [],
        "email": [],
        "pcode": "440000",
        "pname": "广东省",
        "citycode": "020",
        "cityname": "广州市",
        "adcode": "440105",
        "plongcj02": "113.31074402749461",
        "platgcj02": "23.084864431364995",
        "adname": "海珠区",
        "entr_location": "113.31033384016702,23.08468723994566",
        "navi_poiid": "F49F011043_13957",
        "alias": [],
        "parking_type": [],
        "tag": [],
        "indoor_map": "0",
        "cpid": [],
        "floor": [],
        "truefloor": [],
        "business_area": "新港",
        "rating": [],
        "cost": [],
        "meal_ordering": [],
        "seat_ordering": [],
        "ticket_ordering": [],
        "hotel_ordering": [],
        "photos_title": [],
        "photos_url": [],
        "updatetime": "2024-03-25 20:32:09",
        "is_textile": false,
        "category": "Other",
        "surrounding_poi_count": 24,
        "simulated_floor": 4,
        "occupied_floors": 1,
        "simulated_elevation": 10.5
      },
      "geometry": {
        "type": "Point",
        "coordinates": [
          113.31074402700006,
          23.084864431000028,
          10.5
        ]
      }
    },
    {
      "type": "Feature",
      "properties": {
        "fid": 3546,
        "OBJECTID": 681730,
        "id": "B0J1YSK9SJ",
        "parent": [],
        "children": [],
        "name": "广州市海珠区南洲街东风经济联合社社务监督委员会",
        "type": "政府机构及社会团体;社会团体;社会团体相关",
        "typecode": "130400",
        "biz_type": [],
        "address": "上冲中约新街三巷与广州大道南交叉口东40米",
        "tel": [],
        "postcode": [],
        "website": [],
        "email": [],
        "pcode": "440000",
        "pname": "广东省",
        "citycode": "020",
        "cityname": "广州市",
        "adcode": "440105",
        "plongcj02": "113.3107270572889",
        "platgcj02": "23.084914440787188",
        "adname": "海珠区",
        "entr_location": [],
        "navi_poiid": [],
        "alias": [],
        "parking_type": [],
        "tag": [],
        "indoor_map": "0",
        "cpid": [],
        "floor": [],
        "truefloor": [],
        "business_area": "赤岗",
        "rating": [],
        "cost": [],
        "meal_ordering": [],
        "seat_ordering": [],
        "ticket_ordering": [],
        "hotel_ordering": [],
        "photos_title": [],
        "photos_url": [],
        "updatetime": "2024-03-26 04:38:33",
        "is_textile": false,
        "category": "Other",
        "surrounding_poi_count": 26,
        "simulated_floor": 1,
        "occupied_floors": 1,
        "simulated_elevation": 0
      },
      "geometry": {
        "type": "Point",
        "coordinates": [
          113.310727057,
          23.084914441000024,
          0
        ]
      }
    },
    {
      "type": "Feature",
      "properties": {
        "fid": 3547,
        "OBJECTID": 681731,
        "id": "B0FFL0DZC0",
        "parent": "B00140TCVU",
        "children": [],
        "name": "海珠区南洲街东风经济联合社党群服务中心",
        "type": "政府机构及社会团体;社会团体;社会团体相关",
        "typecode": "130400",
        "biz_type": [],
        "address": "上冲中约新街三巷名粤广场商贸城(东南角)",
        "tel": [],
        "postcode": [],
        "website": [],
        "email": [],
        "pcode": "440000",
        "pname": "广东省",
        "citycode": "020",
        "cityname": "广州市",
        "adcode": "440105",
        "plongcj02": "113.31070610525339",
        "platgcj02": "23.084810521970038",
        "adname": "海珠区",
        "entr_location": "113.31078395726477,23.08474840849206",
        "navi_poiid": [],
        "alias": [],
        "parking_type": [],
        "tag": [],
        "indoor_map": "0",
        "cpid": [],
        "floor": [],
        "truefloor": [],
        "business_area": "新港",
        "rating": [],
        "cost": [],
        "meal_ordering": [],
        "seat_ordering": [],
        "ticket_ordering": [],
        "hotel_ordering": [],
        "photos_title": [],
        "photos_url": [],
        "updatetime": "2024-03-26 00:20:39",
        "is_textile": false,
        "category": "Other",
        "surrounding_poi_count": 22,
        "simulated_floor": 4,
        "occupied_floors": 1,
        "simulated_elevation": 10.5
      },
      "geometry": {
        "type": "Point",
        "coordinates": [
          113.310706105,
          23.084810522000055,
          10.5
        ]
      }
    },
    {
      "type": "Feature",
      "properties": {
        "fid": 3989,
        "OBJECTID": 852782,
        "id": "B0FFH86NZL",
        "parent": [],
        "children": [],
        "name": "奥雪数码印花厂",
        "type": "公司企业;工厂;工厂",
        "typecode": "170300",
        "biz_type": [],
        "address": "上冲中约大街39号院内一层",
        "tel": "020-34004269;18922325715",
        "postcode": [],
        "website": [],
        "email": [],
        "pcode": "440000",
        "pname": "广东省",
        "citycode": "020",
        "cityname": "广州市",
        "adcode": "440105",
        "plongcj02": "113.31253751671215",
        "platgcj02": "23.084639290261933",
        "adname": "海珠区",
        "entr_location": "113.31259540368609,23.0846181940239",
        "navi_poiid": "F49F011043_768667",
        "alias": [],
        "parking_type": [],
        "tag": [],
        "indoor_map": "0",
        "cpid": [],
        "floor": [],
        "truefloor": [],
        "business_area": "赤岗",
        "rating": [],
        "cost": [],
        "meal_ordering": [],
        "seat_ordering": [],
        "ticket_ordering": [],
        "hotel_ordering": [],
        "photos_title": [],
        "photos_url": "http://store.is.autonavi.com/showpic/6513befa40a8dbdad21f110267825f38&http://store.is.autonavi.com/showpic/39f92a2a590ca398b8fac388a6086d9d",
        "updatetime": "2024-08-05 17:48:58",
        "is_textile": true,
        "category": "Factory/Industrial",
        "surrounding_poi_count": 39,
        "simulated_floor": 1,
        "occupied_floors": 1,
        "simulated_elevation": 0
      },
      "geometry": {
        "type": "Point",
        "coordinates": [
          113.31253751700001,
          23.08463929000004,
          0
        ]
      }
    },
    {
      "type": "Feature",
      "properties": {
        "fid": 4192,
        "OBJECTID": 854106,
        "id": "B0KAPCO9BR",
        "parent": [],
        "children": [],
        "name": "祥龙大型缩水厂复合厂",
        "type": "公司企业;工厂;工厂",
        "typecode": "170300",
        "biz_type": [],
        "address": "海珠区上冲中约大街43号",
        "tel": [],
        "postcode": [],
        "website": [],
        "email": [],
        "pcode": "440000",
        "pname": "广东省",
        "citycode": "020",
        "cityname": "广州市",
        "adcode": "440105",
        "plongcj02": "113.31308541630246",
        "platgcj02": "23.084870196976592",
        "adname": "海珠区",
        "entr_location": "113.31304449008674,23.084979225744828",
        "navi_poiid": [],
        "alias": [],
        "parking_type": [],
        "tag": [],
        "indoor_map": "0",
        "cpid": [],
        "floor": [],
        "truefloor": [],
        "business_area": "赤岗",
        "rating": [],
        "cost": [],
        "meal_ordering": [],
        "seat_ordering": [],
        "ticket_ordering": [],
        "hotel_ordering": [],
        "photos_title": [],
        "photos_url": "http://store.is.autonavi.com/showpic/828f85eea4c7672c115ef0630763619f&http://store.is.autonavi.com/showpic/23efb26c93abe77e4f06e970a1446ecf",
        "updatetime": "2024-10-17 18:10:23",
        "is_textile": false,
        "category": "Factory/Industrial",
        "surrounding_poi_count": 44,
        "simulated_floor": 1,
        "occupied_floors": 1,
        "simulated_elevation": 0
      },
      "geometry": {
        "type": "Point",
        "coordinates": [
          113.31308541600004,
          23.084870197000043,
          0
        ]
      }
    },
    {
      "type": "Feature",
      "properties": {
        "fid": 4193,
        "OBJECTID": 854107,
        "id": "B0K35UHFVC",
        "parent": [],
        "children": [],
        "name": "福兆压折厂",
        "type": "公司企业;工厂;工厂",
        "typecode": "170300",
        "biz_type": [],
        "address": "上冲中约大街与乐敦路交叉口西南20米",
        "tel": [],
        "postcode": [],
        "website": [],
        "email": [],
        "pcode": "440000",
        "pname": "广东省",
        "citycode": "020",
        "cityname": "广州市",
        "adcode": "440105",
        "plongcj02": "113.31303451371278",
        "platgcj02": "23.08492226782611",
        "adname": "海珠区",
        "entr_location": "113.31301455004457,23.084970284019764",
        "navi_poiid": [],
        "alias": [],
        "parking_type": [],
        "tag": [],
        "indoor_map": "0",
        "cpid": [],
        "floor": [],
        "truefloor": [],
        "business_area": "新港",
        "rating": [],
        "cost": [],
        "meal_ordering": [],
        "seat_ordering": [],
        "ticket_ordering": [],
        "hotel_ordering": [],
        "photos_title": [],
        "photos_url": [],
        "updatetime": "2024-10-25 19:37:27",
        "is_textile": false,
        "category": "Factory/Industrial",
        "surrounding_poi_count": 46,
        "simulated_floor": 1,
        "occupied_floors": 1,
        "simulated_elevation": 0
      },
      "geometry": {
        "type": "Point",
        "coordinates": [
          113.31303451400004,
          23.08492226800007,
          0
        ]
      }
    },
    {
      "type": "Feature",
      "properties": {
        "fid": 4194,
        "OBJECTID": 854108,
        "id": "B0FFF3UY0U",
        "parent": [],
        "children": [],
        "name": "明珠电脑毛巾绣花厂",
        "type": "公司企业;工厂;工厂",
        "typecode": "170300",
        "biz_type": [],
        "address": "名粤小区北2门东南70米",
        "tel": "13824424101",
        "postcode": [],
        "website": [],
        "email": [],
        "pcode": "440000",
        "pname": "广东省",
        "citycode": "020",
        "cityname": "广州市",
        "adcode": "440105",
        "plongcj02": "113.3128129508972",
        "platgcj02": "23.08494865993936",
        "adname": "海珠区",
        "entr_location": [],
        "navi_poiid": "F49F011043_306546",
        "alias": [],
        "parking_type": [],
        "tag": [],
        "indoor_map": "0",
        "cpid": [],
        "floor": [],
        "truefloor": [],
        "business_area": "赤岗",
        "rating": [],
        "cost": [],
        "meal_ordering": [],
        "seat_ordering": [],
        "ticket_ordering": [],
        "hotel_ordering": [],
        "photos_title": [],
        "photos_url": "http://store.is.autonavi.com/showpic/ef1856365ac889c9d5a912a376b4d454&http://store.is.autonavi.com/showpic/23c6fdef7bcb196ef6727de6268f69c6",
        "updatetime": "2024-08-05 13:04:12",
        "is_textile": false,
        "category": "Factory/Industrial",
        "surrounding_poi_count": 52,
        "simulated_floor": 1,
        "occupied_floors": 1,
        "simulated_elevation": 0
      },
      "geometry": {
        "type": "Point",
        "coordinates": [
          113.31281295100007,
          23.084948660000066,
          0
        ]
      }
    },
    {
      "type": "Feature",
      "properties": {
        "fid": 4195,
        "OBJECTID": 854109,
        "id": "B0FFHMP82R",
        "parent": [],
        "children": [],
        "name": "汇美服装压折厂",
        "type": "公司企业;公司企业;公司企业",
        "typecode": "170000",
        "biz_type": [],
        "address": "上冲中约大街47号",
        "tel": "13533569028;13710726183",
        "postcode": [],
        "website": [],
        "email": [],
        "pcode": "440000",
        "pname": "广东省",
        "citycode": "020",
        "cityname": "广州市",
        "adcode": "440105",
        "plongcj02": "113.31281794687983",
        "platgcj02": "23.084861687369774",
        "adname": "海珠区",
        "entr_location": [],
        "navi_poiid": [],
        "alias": [],
        "parking_type": [],
        "tag": [],
        "indoor_map": "0",
        "cpid": [],
        "floor": [],
        "truefloor": [],
        "business_area": "赤岗",
        "rating": [],
        "cost": [],
        "meal_ordering": [],
        "seat_ordering": [],
        "ticket_ordering": [],
        "hotel_ordering": [],
        "photos_title": [],
        "photos_url": "http://store.is.autonavi.com/showpic/b2153c67b4626ce1011d6aaa9f39487f&http://store.is.autonavi.com/showpic/3a0813e86f208ab248a0f4a0683844c7",
        "updatetime": "2024-08-05 13:16:23",
        "is_textile": true,
        "category": "Factory/Industrial",
        "surrounding_poi_count": 53,
        "simulated_floor": 1,
        "occupied_floors": 1,
        "simulated_elevation": 0
      },
      "geometry": {
        "type": "Point",
        "coordinates": [
          113.3128179470001,
          23.084861687000057,
          0
        ]
      }
    },
    {
      "type": "Feature",
      "properties": {
        "fid": 4196,
        "OBJECTID": 854110,
        "id": "B00140PTFA",
        "parent": [],
        "children": [],
        "name": "佳美高速电脑绣花厂",
        "type": "公司企业;工厂;工厂",
        "typecode": "170300",
        "biz_type": [],
        "address": "上冲中约新大街38号",
        "tel": "13632424958;13719004859",
        "postcode": [],
        "website": [],
        "email": [],
        "pcode": "440000",
        "pname": "广东省",
        "citycode": "020",
        "cityname": "广州市",
        "adcode": "440105",
        "plongcj02": "113.31279299095287",
        "platgcj02": "23.08494069957579",
        "adname": "海珠区",
        "entr_location": [],
        "navi_poiid": "F49F011043_14049",
        "alias": [],
        "parking_type": [],
        "tag": [],
        "indoor_map": "0",
        "cpid": [],
        "floor": [],
        "truefloor": [],
        "business_area": "赤岗",
        "rating": [],
        "cost": [],
        "meal_ordering": [],
        "seat_ordering": [],
        "ticket_ordering": [],
        "hotel_ordering": [],
        "photos_title": [],
        "photos_url": "http://store.is.autonavi.com/showpic/13e377049d344334f3e7c4f072923414&http://store.is.autonavi.com/showpic/2756cdd51ba6ec958095730a0f9b652a",
        "updatetime": "2024-07-09 02:28:21",
        "is_textile": false,
        "category": "Factory/Industrial",
        "surrounding_poi_count": 52,
        "simulated_floor": 1,
        "occupied_floors": 1,
        "simulated_elevation": 0
      },
      "geometry": {
        "type": "Point",
        "coordinates": [
          113.31279299100004,
          23.08494070000006,
          0
        ]
      }
    },
    {
      "type": "Feature",
      "properties": {
        "fid": 4197,
        "OBJECTID": 854111,
        "id": "B0FFFQVDG3",
        "parent": [],
        "children": [],
        "name": "民泰商标吊牌胶袋厂",
        "type": "公司企业;工厂;工厂",
        "typecode": "170300",
        "biz_type": [],
        "address": "上冲中约新大街47号之3号",
        "tel": "020-89201855",
        "postcode": [],
        "website": [],
        "email": [],
        "pcode": "440000",
        "pname": "广东省",
        "citycode": "020",
        "cityname": "广州市",
        "adcode": "440105",
        "plongcj02": "113.31277702876227",
        "platgcj02": "23.084848767195727",
        "adname": "海珠区",
        "entr_location": [],
        "navi_poiid": "F49F011043_386889",
        "alias": [],
        "parking_type": [],
        "tag": [],
        "indoor_map": "0",
        "cpid": [],
        "floor": [],
        "truefloor": [],
        "business_area": "新港",
        "rating": [],
        "cost": [],
        "meal_ordering": [],
        "seat_ordering": [],
        "ticket_ordering": [],
        "hotel_ordering": [],
        "photos_title": [],
        "photos_url": [],
        "updatetime": "2024-12-24 01:10:10",
        "is_textile": false,
        "category": "Factory/Industrial",
        "surrounding_poi_count": 47,
        "simulated_floor": 1,
        "occupied_floors": 1,
        "simulated_elevation": 0
      },
      "geometry": {
        "type": "Point",
        "coordinates": [
          113.31277702900002,
          23.08484876700004,
          0
        ]
      }
    },
    {
      "type": "Feature",
      "properties": {
        "fid": 4198,
        "OBJECTID": 854112,
        "id": "B0K14HY3RB",
        "parent": [],
        "children": [],
        "name": "闽泰压折厂",
        "type": "公司企业;工厂;工厂",
        "typecode": "170300",
        "biz_type": [],
        "address": "上冲中约大街与乐敦路交叉口西40米",
        "tel": [],
        "postcode": [],
        "website": [],
        "email": [],
        "pcode": "440000",
        "pname": "广东省",
        "citycode": "020",
        "cityname": "广州市",
        "adcode": "440105",
        "plongcj02": "113.31277802092427",
        "platgcj02": "23.084935728880506",
        "adname": "海珠区",
        "entr_location": "113.31278900155104,23.084900723613195",
        "navi_poiid": [],
        "alias": [],
        "parking_type": [],
        "tag": [],
        "indoor_map": "0",
        "cpid": [],
        "floor": [],
        "truefloor": [],
        "business_area": "赤岗",
        "rating": [],
        "cost": [],
        "meal_ordering": [],
        "seat_ordering": [],
        "ticket_ordering": [],
        "hotel_ordering": [],
        "photos_title": [],
        "photos_url": [],
        "updatetime": "2024-11-03 03:14:19",
        "is_textile": false,
        "category": "Factory/Industrial",
        "surrounding_poi_count": 52,
        "simulated_floor": 1,
        "occupied_floors": 1,
        "simulated_elevation": 0
      },
      "geometry": {
        "type": "Point",
        "coordinates": [
          113.3127780210001,
          23.08493572900005,
          0
        ]
      }
    },
    {
      "type": "Feature",
      "properties": {
        "fid": 4199,
        "OBJECTID": 854113,
        "id": "B0K35UEVF0",
        "parent": [],
        "children": [],
        "name": "天顺复合厂",
        "type": "公司企业;工厂;工厂|公司企业;公司;公司",
        "typecode": "170300|170200",
        "biz_type": [],
        "address": "上冲中约大街与乐敦路交叉口西40米",
        "tel": [],
        "postcode": [],
        "website": [],
        "email": [],
        "pcode": "440000",
        "pname": "广东省",
        "citycode": "020",
        "cityname": "广州市",
        "adcode": "440105",
        "plongcj02": "113.31276803805117",
        "platgcj02": "23.084974730655063",
        "adname": "海珠区",
        "entr_location": "113.3126911902607,23.0849728711062",
        "navi_poiid": [],
        "alias": [],
        "parking_type": [],
        "tag": [],
        "indoor_map": "0",
        "cpid": [],
        "floor": [],
        "truefloor": [],
        "business_area": "赤岗",
        "rating": [],
        "cost": [],
        "meal_ordering": [],
        "seat_ordering": [],
        "ticket_ordering": [],
        "hotel_ordering": [],
        "photos_title": [],
        "photos_url": [],
        "updatetime": "2024-11-08 10:59:21",
        "is_textile": false,
        "category": "Factory/Industrial",
        "surrounding_poi_count": 49,
        "simulated_floor": 1,
        "occupied_floors": 1,
        "simulated_elevation": 0
      },
      "geometry": {
        "type": "Point",
        "coordinates": [
          113.31276803800006,
          23.084974731000045,
          0
        ]
      }
    },
    {
      "type": "Feature",
      "properties": {
        "fid": 4200,
        "OBJECTID": 854114,
        "id": "B0K35UEVF0",
        "parent": [],
        "children": [],
        "name": "天顺复合厂",
        "type": "公司企业;工厂;工厂|公司企业;公司;公司",
        "typecode": "170300|170200",
        "biz_type": [],
        "address": "上冲中约大街与乐敦路交叉口西40米",
        "tel": [],
        "postcode": [],
        "website": [],
        "email": [],
        "pcode": "440000",
        "pname": "广东省",
        "citycode": "020",
        "cityname": "广州市",
        "adcode": "440105",
        "plongcj02": "113.31276803805117",
        "platgcj02": "23.084974730655063",
        "adname": "海珠区",
        "entr_location": "113.3126911902607,23.0849728711062",
        "navi_poiid": [],
        "alias": [],
        "parking_type": [],
        "tag": [],
        "indoor_map": "0",
        "cpid": [],
        "floor": [],
        "truefloor": [],
        "business_area": "赤岗",
        "rating": [],
        "cost": [],
        "meal_ordering": [],
        "seat_ordering": [],
        "ticket_ordering": [],
        "hotel_ordering": [],
        "photos_title": [],
        "photos_url": [],
        "updatetime": "2024-11-08 10:59:21",
        "is_textile": false,
        "category": "Factory/Industrial",
        "surrounding_poi_count": 49,
        "simulated_floor": 1,
        "occupied_floors": 1,
        "simulated_elevation": 0
      },
      "geometry": {
        "type": "Point",
        "coordinates": [
          113.31276803800006,
          23.084974731000045,
          0
        ]
      }
    },
    {
      "type": "Feature",
      "properties": {
        "fid": 4201,
        "OBJECTID": 854115,
        "id": "B0FFFQLH1L",
        "parent": [],
        "children": [],
        "name": "骏发加工",
        "type": "公司企业;工厂;工厂",
        "typecode": "170300",
        "biz_type": [],
        "address": "上冲中约大街47号",
        "tel": "18502079133",
        "postcode": [],
        "website": [],
        "email": [],
        "pcode": "440000",
        "pname": "广东省",
        "citycode": "020",
        "cityname": "广州市",
        "adcode": "440105",
        "plongcj02": "113.31274209998791",
        "platgcj02": "23.084817843674934",
        "adname": "海珠区",
        "entr_location": [],
        "navi_poiid": "F49F011043_386890",
        "alias": [],
        "parking_type": [],
        "tag": [],
        "indoor_map": "0",
        "cpid": [],
        "floor": [],
        "truefloor": [],
        "business_area": "新港",
        "rating": [],
        "cost": [],
        "meal_ordering": [],
        "seat_ordering": [],
        "ticket_ordering": [],
        "hotel_ordering": [],
        "photos_title": [],
        "photos_url": "http://store.is.autonavi.com/showpic/3843240fb5b68c165120c749883aa8ff&http://aos-cdn-image.amap.com/sns/ugccomment/9152f9b4-4be1-4e4d-b810-8ee02aef84af.jpg",
        "updatetime": "2024-12-24 01:14:44",
        "is_textile": false,
        "category": "Business/Office",
        "surrounding_poi_count": 50,
        "simulated_floor": 4,
        "occupied_floors": 1,
        "simulated_elevation": 10.5
      },
      "geometry": {
        "type": "Point",
        "coordinates": [
          113.31274210000004,
          23.084817844000042,
          10.5
        ]
      }
    },
    {
      "type": "Feature",
      "properties": {
        "fid": 4202,
        "OBJECTID": 854116,
        "id": "B0I63UZD97",
        "parent": [],
        "children": [],
        "name": "名盛服装压折厂",
        "type": "公司企业;工厂;工厂",
        "typecode": "170300",
        "biz_type": [],
        "address": "上冲中约大街张颖妇科旁边",
        "tel": "13533569028;13710726183",
        "postcode": [],
        "website": [],
        "email": [],
        "pcode": "440000",
        "pname": "广东省",
        "citycode": "020",
        "cityname": "广州市",
        "adcode": "440105",
        "plongcj02": "113.31305150285499",
        "platgcj02": "23.084584378765687",
        "adname": "海珠区",
        "entr_location": "113.31311737358986,23.084564267218962",
        "navi_poiid": [],
        "alias": [],
        "parking_type": [],
        "tag": [],
        "indoor_map": "0",
        "cpid": [],
        "floor": [],
        "truefloor": [],
        "business_area": "赤岗",
        "rating": [],
        "cost": [],
        "meal_ordering": [],
        "seat_ordering": [],
        "ticket_ordering": [],
        "hotel_ordering": [],
        "photos_title": [],
        "photos_url": "http://store.is.autonavi.com/showpic/3e41c9f694f288116fdd6274c4163541&http://store.is.autonavi.com/showpic/8a25dfeb4d483fabe7da091dde7a58f2",
        "updatetime": "2024-07-12 10:55:41",
        "is_textile": true,
        "category": "Factory/Industrial",
        "surrounding_poi_count": 48,
        "simulated_floor": 1,
        "occupied_floors": 1,
        "simulated_elevation": 0
      },
      "geometry": {
        "type": "Point",
        "coordinates": [
          113.31305150300011,
          23.084584379000034,
          0
        ]
      }
    },
    {
      "type": "Feature",
      "properties": {
        "fid": 4204,
        "OBJECTID": 854118,
        "id": "B0FFFQNLFJ",
        "parent": [],
        "children": [],
        "name": "嘉雯时装厂",
        "type": "公司企业;工厂;工厂",
        "typecode": "170300",
        "biz_type": [],
        "address": "上冲中约大街34号",
        "tel": "020-34005697",
        "postcode": [],
        "website": [],
        "email": [],
        "pcode": "440000",
        "pname": "广东省",
        "citycode": "020",
        "cityname": "广州市",
        "adcode": "440105",
        "plongcj02": "113.3128828397773",
        "platgcj02": "23.084544702441853",
        "adname": "海珠区",
        "entr_location": [],
        "navi_poiid": "F49F011043_386885",
        "alias": [],
        "parking_type": [],
        "tag": [],
        "indoor_map": "0",
        "cpid": [],
        "floor": [],
        "truefloor": [],
        "business_area": "赤岗",
        "rating": [],
        "cost": [],
        "meal_ordering": [],
        "seat_ordering": [],
        "ticket_ordering": [],
        "hotel_ordering": [],
        "photos_title": [],
        "photos_url": "http://store.is.autonavi.com/showpic/30f27988dcf78978004ff5d51fee1324&http://store.is.autonavi.com/showpic/d0dbbbb2e67d026a282e67bba89dfb53",
        "updatetime": "2024-07-12 01:28:00",
        "is_textile": false,
        "category": "Factory/Industrial",
        "surrounding_poi_count": 56,
        "simulated_floor": 1,
        "occupied_floors": 1,
        "simulated_elevation": 0
      },
      "geometry": {
        "type": "Point",
        "coordinates": [
          113.31288284000004,
          23.084544702000073,
          0
        ]
      }
    },
    {
      "type": "Feature",
      "properties": {
        "fid": 4209,
        "OBJECTID": 854123,
        "id": "B0I2RHRJGC",
        "parent": [],
        "children": [],
        "name": "宇灵服装厂",
        "type": "公司企业;工厂;工厂",
        "typecode": "170300",
        "biz_type": [],
        "address": "乐敦路与上冲东约二十巷交叉口西北60米",
        "tel": "15920329484",
        "postcode": [],
        "website": [],
        "email": [],
        "pcode": "440000",
        "pname": "广东省",
        "citycode": "020",
        "cityname": "广州市",
        "adcode": "440105",
        "plongcj02": "113.31264630073399",
        "platgcj02": "23.084652087351362",
        "adname": "海珠区",
        "entr_location": "113.31258542153338,23.084646200389017",
        "navi_poiid": [],
        "alias": [],
        "parking_type": [],
        "tag": [],
        "indoor_map": "0",
        "cpid": [],
        "floor": [],
        "truefloor": [],
        "business_area": "赤岗",
        "rating": [],
        "cost": [],
        "meal_ordering": [],
        "seat_ordering": [],
        "ticket_ordering": [],
        "hotel_ordering": [],
        "photos_title": [],
        "photos_url": "http://store.is.autonavi.com/showpic/011675ba1d6053c972fe5e52bdbc78d0&http://store.is.autonavi.com/showpic/f2b2004ad898988b748b9ffc232e138c",
        "updatetime": "2024-08-06 15:20:31",
        "is_textile": true,
        "category": "Factory/Industrial",
        "surrounding_poi_count": 45,
        "simulated_floor": 1,
        "occupied_floors": 1,
        "simulated_elevation": 0
      },
      "geometry": {
        "type": "Point",
        "coordinates": [
          113.31264630100009,
          23.084652087000052,
          0
        ]
      }
    },
    {
      "type": "Feature",
      "properties": {
        "fid": 4215,
        "OBJECTID": 854129,
        "id": "B0K13NW7E4",
        "parent": [],
        "children": [],
        "name": "佳利烧花冲花复合厂",
        "type": "公司企业;工厂;工厂",
        "typecode": "170300",
        "biz_type": [],
        "address": "上冲中约大街34号",
        "tel": "18312758569",
        "postcode": [],
        "website": [],
        "email": [],
        "pcode": "440000",
        "pname": "广东省",
        "citycode": "020",
        "cityname": "广州市",
        "adcode": "440105",
        "plongcj02": "113.31272716000336",
        "platgcj02": "23.08436706013547",
        "adname": "海珠区",
        "entr_location": "113.31272216772179,23.08439905576999",
        "navi_poiid": [],
        "alias": [],
        "parking_type": [],
        "tag": [],
        "indoor_map": "0",
        "cpid": [],
        "floor": [],
        "truefloor": [],
        "business_area": "赤岗",
        "rating": [],
        "cost": [],
        "meal_ordering": [],
        "seat_ordering": [],
        "ticket_ordering": [],
        "hotel_ordering": [],
        "photos_title": [],
        "photos_url": "http://store.is.autonavi.com/showpic/0bb837f0f72f43f3fdf68d22c3e7b839&http://store.is.autonavi.com/showpic/fcc7fd2ac66899c3c3943e12911cf44d",
        "updatetime": "2024-11-28 03:01:48",
        "is_textile": false,
        "category": "Factory/Industrial",
        "surrounding_poi_count": 35,
        "simulated_floor": 1,
        "occupied_floors": 1,
        "simulated_elevation": 0
      },
      "geometry": {
        "type": "Point",
        "coordinates": [
          113.31272716,
          23.084367060000034,
          0
        ]
      }
    },
    {
      "type": "Feature",
      "properties": {
        "fid": 4216,
        "OBJECTID": 854130,
        "id": "B0J0YHQ6A2",
        "parent": [],
        "children": [],
        "name": "基鑫电脑绣花厂",
        "type": "公司企业;公司企业;公司企业",
        "typecode": "170000",
        "biz_type": [],
        "address": "上冲中约大街35号",
        "tel": "13924100627",
        "postcode": [],
        "website": [],
        "email": [],
        "pcode": "440000",
        "pname": "广东省",
        "citycode": "020",
        "cityname": "广州市",
        "adcode": "440105",
        "plongcj02": "113.31261237842357",
        "platgcj02": "23.084495214844114",
        "adname": "海珠区",
        "entr_location": "113.31272216772179,23.08439905576999",
        "navi_poiid": [],
        "alias": [],
        "parking_type": [],
        "tag": [],
        "indoor_map": "0",
        "cpid": [],
        "floor": [],
        "truefloor": [],
        "business_area": "赤岗",
        "rating": [],
        "cost": [],
        "meal_ordering": [],
        "seat_ordering": [],
        "ticket_ordering": [],
        "hotel_ordering": [],
        "photos_title": [],
        "photos_url": [],
        "updatetime": "2024-08-24 15:35:12",
        "is_textile": false,
        "category": "Factory/Industrial",
        "surrounding_poi_count": 35,
        "simulated_floor": 1,
        "occupied_floors": 1,
        "simulated_elevation": 0
      },
      "geometry": {
        "type": "Point",
        "coordinates": [
          113.31261237800004,
          23.08449521500006,
          0
        ]
      }
    },
    {
      "type": "Feature",
      "properties": {
        "fid": 4217,
        "OBJECTID": 854131,
        "id": "B0FFH5NINN",
        "parent": [],
        "children": [],
        "name": "创信商标胶袋厂",
        "type": "公司企业;工厂;工厂",
        "typecode": "170300",
        "biz_type": [],
        "address": "南洲街道上冲中约大街57号",
        "tel": "18202038187",
        "postcode": [],
        "website": [],
        "email": [],
        "pcode": "440000",
        "pname": "广东省",
        "citycode": "020",
        "cityname": "广州市",
        "adcode": "440105",
        "plongcj02": "113.31185679738329",
        "platgcj02": "23.085561136122248",
        "adname": "海珠区",
        "entr_location": "113.31186277946358,23.085652087146986",
        "navi_poiid": "F49F011043_767169",
        "alias": [],
        "parking_type": [],
        "tag": [],
        "indoor_map": "0",
        "cpid": [],
        "floor": [],
        "truefloor": [],
        "business_area": "新港",
        "rating": [],
        "cost": [],
        "meal_ordering": [],
        "seat_ordering": [],
        "ticket_ordering": [],
        "hotel_ordering": [],
        "photos_title": [],
        "photos_url": "http://store.is.autonavi.com/showpic/ab9c20d04b1f31767297f8666d9df723&http://store.is.autonavi.com/showpic/7ac1f72d627e97bd0482151ffdf811c1",
        "updatetime": "2024-12-23 23:12:11",
        "is_textile": false,
        "category": "Factory/Industrial",
        "surrounding_poi_count": 34,
        "simulated_floor": 1,
        "occupied_floors": 1,
        "simulated_elevation": 0
      },
      "geometry": {
        "type": "Point",
        "coordinates": [
          113.31185679700002,
          23.085561136000024,
          0
        ]
      }
    },
    {
      "type": "Feature",
      "properties": {
        "fid": 4218,
        "OBJECTID": 854132,
        "id": "B0K14H37Z1",
        "parent": [],
        "children": [],
        "name": "铭诚压折厂",
        "type": "公司企业;工厂;工厂",
        "typecode": "170300",
        "biz_type": [],
        "address": "乐敦路与上冲东约二十巷交叉口西北60米",
        "tel": [],
        "postcode": [],
        "website": [],
        "email": [],
        "pcode": "440000",
        "pname": "广东省",
        "citycode": "020",
        "cityname": "广州市",
        "adcode": "440105",
        "plongcj02": "113.31258642501788",
        "platgcj02": "23.084565232568952",
        "adname": "海珠区",
        "entr_location": "113.3126183611236,23.0845761699802",
        "navi_poiid": [],
        "alias": [],
        "parking_type": [],
        "tag": [],
        "indoor_map": "0",
        "cpid": [],
        "floor": [],
        "truefloor": [],
        "business_area": "赤岗",
        "rating": [],
        "cost": [],
        "meal_ordering": [],
        "seat_ordering": [],
        "ticket_ordering": [],
        "hotel_ordering": [],
        "photos_title": [],
        "photos_url": [],
        "updatetime": "2024-11-03 03:14:59",
        "is_textile": false,
        "category": "Factory/Industrial",
        "surrounding_poi_count": 39,
        "simulated_floor": 1,
        "occupied_floors": 1,
        "simulated_elevation": 0
      },
      "geometry": {
        "type": "Point",
        "coordinates": [
          113.31258642500006,
          23.084565233000035,
          0
        ]
      }
    },
    {
      "type": "Feature",
      "properties": {
        "fid": 4220,
        "OBJECTID": 854134,
        "id": "B0K0KZDBCE",
        "parent": [],
        "children": [],
        "name": "泰兴洗水厂",
        "type": "公司企业;工厂;工厂",
        "typecode": "170300",
        "biz_type": [],
        "address": "乐敦路与上冲东约二十巷交叉口西北80米",
        "tel": [],
        "postcode": [],
        "website": [],
        "email": [],
        "pcode": "440000",
        "pname": "广东省",
        "citycode": "020",
        "cityname": "广州市",
        "adcode": "440105",
        "plongcj02": "113.31248461869332",
        "platgcj02": "23.08467737027543",
        "adname": "海珠区",
        "entr_location": "113.31255847083393,23.084705224535707",
        "navi_poiid": [],
        "alias": [],
        "parking_type": [],
        "tag": [],
        "indoor_map": "0",
        "cpid": [],
        "floor": [],
        "truefloor": [],
        "business_area": "赤岗",
        "rating": [],
        "cost": [],
        "meal_ordering": [],
        "seat_ordering": [],
        "ticket_ordering": [],
        "hotel_ordering": [],
        "photos_title": [],
        "photos_url": [],
        "updatetime": "2024-11-18 12:49:50",
        "is_textile": false,
        "category": "Factory/Industrial",
        "surrounding_poi_count": 34,
        "simulated_floor": 1,
        "occupied_floors": 1,
        "simulated_elevation": 0
      },
      "geometry": {
        "type": "Point",
        "coordinates": [
          113.31248461900009,
          23.084677370000065,
          0
        ]
      }
    },
    {
      "type": "Feature",
      "properties": {
        "fid": 4221,
        "OBJECTID": 854135,
        "id": "B0K1C5N6F0",
        "parent": [],
        "children": [],
        "name": "星海压折厂",
        "type": "公司企业;工厂;工厂",
        "typecode": "170300",
        "biz_type": [],
        "address": "上冲中约后街1号107档",
        "tel": "13062441338;13798022279",
        "postcode": [],
        "website": [],
        "email": [],
        "pcode": "440000",
        "pname": "广东省",
        "citycode": "020",
        "cityname": "广州市",
        "adcode": "440105",
        "plongcj02": "113.31266328536672",
        "platgcj02": "23.08438216985494",
        "adname": "海珠区",
        "entr_location": "113.3127171770571,23.084407061477446",
        "navi_poiid": [],
        "alias": [],
        "parking_type": [],
        "tag": [],
        "indoor_map": "0",
        "cpid": [],
        "floor": [],
        "truefloor": [],
        "business_area": "赤岗",
        "rating": [],
        "cost": [],
        "meal_ordering": [],
        "seat_ordering": [],
        "ticket_ordering": [],
        "hotel_ordering": [],
        "photos_title": [],
        "photos_url": "http://store.is.autonavi.com/showpic/80b4a5b02c4cdae9570ad33183e32974&http://store.is.autonavi.com/showpic/7474be2cf491f29eb9c4dd190230d0d6",
        "updatetime": "2024-11-24 13:41:31",
        "is_textile": false,
        "category": "Factory/Industrial",
        "surrounding_poi_count": 34,
        "simulated_floor": 1,
        "occupied_floors": 1,
        "simulated_elevation": 0
      },
      "geometry": {
        "type": "Point",
        "coordinates": [
          113.3126632850001,
          23.084382170000026,
          0
        ]
      }
    },
    {
      "type": "Feature",
      "properties": {
        "fid": 4223,
        "OBJECTID": 854137,
        "id": "B0K2RX3LDS",
        "parent": [],
        "children": [],
        "name": "环保复合厂",
        "type": "公司企业;工厂;工厂",
        "typecode": "170300",
        "biz_type": [],
        "address": "乐敦路与上冲东约二十巷交叉口西40米",
        "tel": [],
        "postcode": [],
        "website": [],
        "email": [],
        "pcode": "440000",
        "pname": "广东省",
        "citycode": "020",
        "cityname": "广州市",
        "adcode": "440105",
        "plongcj02": "113.31273115958287",
        "platgcj02": "23.08425609947381",
        "adname": "海珠区",
        "entr_location": "113.31272216772179,23.08439905576999",
        "navi_poiid": [],
        "alias": [],
        "parking_type": [],
        "tag": [],
        "indoor_map": "0",
        "cpid": [],
        "floor": [],
        "truefloor": [],
        "business_area": "赤岗",
        "rating": [],
        "cost": [],
        "meal_ordering": [],
        "seat_ordering": [],
        "ticket_ordering": [],
        "hotel_ordering": [],
        "photos_title": [],
        "photos_url": [],
        "updatetime": "2024-12-19 02:44:59",
        "is_textile": false,
        "category": "Factory/Industrial",
        "surrounding_poi_count": 33,
        "simulated_floor": 1,
        "occupied_floors": 1,
        "simulated_elevation": 0
      },
      "geometry": {
        "type": "Point",
        "coordinates": [
          113.31273116000011,
          23.084256099000072,
          0
        ]
      }
    },
    {
      "type": "Feature",
      "properties": {
        "fid": 4226,
        "OBJECTID": 854140,
        "id": "B0HUAREOYE",
        "parent": "B00140TCUF",
        "children": [],
        "name": "老雷切捆条(明雅苑店)",
        "type": "公司企业;工厂;工厂",
        "typecode": "170300",
        "biz_type": [],
        "address": "名粤小区西4门东70米",
        "tel": "15812485181",
        "postcode": [],
        "website": [],
        "email": [],
        "pcode": "440000",
        "pname": "广东省",
        "citycode": "020",
        "cityname": "广州市",
        "adcode": "440105",
        "plongcj02": "113.31191273059105",
        "platgcj02": "23.084919304443563",
        "adname": "海珠区",
        "entr_location": "113.3120594433633,23.08489205055461",
        "navi_poiid": [],
        "alias": [],
        "parking_type": [],
        "tag": [],
        "indoor_map": "0",
        "cpid": [],
        "floor": [],
        "truefloor": [],
        "business_area": "新港",
        "rating": "3.6",
        "cost": [],
        "meal_ordering": [],
        "seat_ordering": [],
        "ticket_ordering": [],
        "hotel_ordering": [],
        "photos_title": [],
        "photos_url": [],
        "updatetime": "2024-12-05 15:15:04",
        "is_textile": false,
        "category": "Business/Office",
        "surrounding_poi_count": 31,
        "simulated_floor": 10,
        "occupied_floors": 1,
        "simulated_elevation": 31.5
      },
      "geometry": {
        "type": "Point",
        "coordinates": [
          113.311912731,
          23.08491930400004,
          31.5
        ]
      }
    },
    {
      "type": "Feature",
      "properties": {
        "fid": 4228,
        "OBJECTID": 854142,
        "id": "B0FFH16KSX",
        "parent": [],
        "children": [],
        "name": "兴伟印花专业烫图烫钻厂",
        "type": "公司企业;工厂;工厂",
        "typecode": "170300",
        "biz_type": [],
        "address": "上冲中约新街3巷10号",
        "tel": "020-61295212;13539977169",
        "postcode": [],
        "website": [],
        "email": [],
        "pcode": "440000",
        "pname": "广东省",
        "citycode": "020",
        "cityname": "广州市",
        "adcode": "440105",
        "plongcj02": "113.31188378724646",
        "platgcj02": "23.084924354636122",
        "adname": "海珠区",
        "entr_location": [],
        "navi_poiid": [],
        "alias": [],
        "parking_type": [],
        "tag": [],
        "indoor_map": "0",
        "cpid": [],
        "floor": [],
        "truefloor": [],
        "business_area": "赤岗",
        "rating": [],
        "cost": [],
        "meal_ordering": [],
        "seat_ordering": [],
        "ticket_ordering": [],
        "hotel_ordering": [],
        "photos_title": [],
        "photos_url": "http://store.is.autonavi.com/showpic/c6a5d9d45ded106fe63f1e9b0f593721&http://store.is.autonavi.com/showpic/28bf7c6c06d18418773981547f77d1f4",
        "updatetime": "2024-07-14 21:24:21",
        "is_textile": true,
        "category": "Factory/Industrial",
        "surrounding_poi_count": 32,
        "simulated_floor": 1,
        "occupied_floors": 1,
        "simulated_elevation": 0
      },
      "geometry": {
        "type": "Point",
        "coordinates": [
          113.31188378700006,
          23.084924355000055,
          0
        ]
      }
    },
    {
      "type": "Feature",
      "properties": {
        "fid": 4230,
        "OBJECTID": 854144,
        "id": "B0I23DXDR4",
        "parent": [],
        "children": [],
        "name": "俊达缩水厂",
        "type": "公司企业;公司企业;公司企业",
        "typecode": "170000",
        "biz_type": [],
        "address": "上冲中约大街与上冲中约新街三巷交叉口东80米",
        "tel": "17307288732",
        "postcode": [],
        "website": [],
        "email": [],
        "pcode": "440000",
        "pname": "广东省",
        "citycode": "020",
        "cityname": "广州市",
        "adcode": "440105",
        "plongcj02": "113.31175405149706",
        "platgcj02": "23.084792644295998",
        "adname": "海珠区",
        "entr_location": "113.31198858421591,23.084874186237787",
        "navi_poiid": [],
        "alias": [],
        "parking_type": [],
        "tag": [],
        "indoor_map": "0",
        "cpid": [],
        "floor": [],
        "truefloor": [],
        "business_area": "赤岗",
        "rating": [],
        "cost": [],
        "meal_ordering": [],
        "seat_ordering": [],
        "ticket_ordering": [],
        "hotel_ordering": [],
        "photos_title": [],
        "photos_url": [],
        "updatetime": "2024-07-14 02:47:55",
        "is_textile": false,
        "category": "Factory/Industrial",
        "surrounding_poi_count": 30,
        "simulated_floor": 1,
        "occupied_floors": 1,
        "simulated_elevation": 0
      },
      "geometry": {
        "type": "Point",
        "coordinates": [
          113.3117540510001,
          23.08479264400006,
          0
        ]
      }
    },
    {
      "type": "Feature",
      "properties": {
        "fid": 4231,
        "OBJECTID": 854145,
        "id": "B0HBOMJGXW",
        "parent": [],
        "children": [],
        "name": "明记加工厂",
        "type": "公司企业;工厂;工厂",
        "typecode": "170300",
        "biz_type": [],
        "address": "上冲中约大街55号",
        "tel": "020-62778266;13148901898",
        "postcode": [],
        "website": [],
        "email": [],
        "pcode": "440000",
        "pname": "广东省",
        "citycode": "020",
        "cityname": "广州市",
        "adcode": "440105",
        "plongcj02": "113.31158339037877",
        "platgcj02": "23.084743972699783",
        "adname": "海珠区",
        "entr_location": [],
        "navi_poiid": "F49F011043_386874",
        "alias": [],
        "parking_type": [],
        "tag": [],
        "indoor_map": "0",
        "cpid": [],
        "floor": [],
        "truefloor": [],
        "business_area": "赤岗",
        "rating": [],
        "cost": [],
        "meal_ordering": [],
        "seat_ordering": [],
        "ticket_ordering": [],
        "hotel_ordering": [],
        "photos_title": [],
        "photos_url": [],
        "updatetime": "2024-12-22 02:48:30",
        "is_textile": false,
        "category": "Factory/Industrial",
        "surrounding_poi_count": 30,
        "simulated_floor": 1,
        "occupied_floors": 1,
        "simulated_elevation": 0
      },
      "geometry": {
        "type": "Point",
        "coordinates": [
          113.31158339000001,
          23.08474397300006,
          0
        ]
      }
    },
    {
      "type": "Feature",
      "properties": {
        "fid": 4232,
        "OBJECTID": 854146,
        "id": "B0K1J1LVB0",
        "parent": [],
        "children": [],
        "name": "优佳压折厂",
        "type": "公司企业;工厂;工厂",
        "typecode": "170300",
        "biz_type": [],
        "address": "上冲中约大街55号",
        "tel": [],
        "postcode": [],
        "website": [],
        "email": [],
        "pcode": "440000",
        "pname": "广东省",
        "citycode": "020",
        "cityname": "广州市",
        "adcode": "440105",
        "plongcj02": "113.3116722148886",
        "platgcj02": "23.08475680706793",
        "adname": "海珠区",
        "entr_location": "113.31165823919619,23.084803812550042",
        "navi_poiid": [],
        "alias": [],
        "parking_type": [],
        "tag": [],
        "indoor_map": "0",
        "cpid": [],
        "floor": [],
        "truefloor": [],
        "business_area": "赤岗",
        "rating": [],
        "cost": [],
        "meal_ordering": [],
        "seat_ordering": [],
        "ticket_ordering": [],
        "hotel_ordering": [],
        "photos_title": [],
        "photos_url": [],
        "updatetime": "2024-11-29 02:58:21",
        "is_textile": false,
        "category": "Factory/Industrial",
        "surrounding_poi_count": 29,
        "simulated_floor": 1,
        "occupied_floors": 1,
        "simulated_elevation": 0
      },
      "geometry": {
        "type": "Point",
        "coordinates": [
          113.31167221500004,
          23.084756807000076,
          0
        ]
      }
    },
    {
      "type": "Feature",
      "properties": {
        "fid": 4233,
        "OBJECTID": 854147,
        "id": "B0K1GHU4JU",
        "parent": [],
        "children": [],
        "name": "恒泰印花",
        "type": "公司企业;公司;公司",
        "typecode": "170200",
        "biz_type": [],
        "address": "上冲中约新街三巷与上冲中约大街交叉口东60米",
        "tel": [],
        "postcode": [],
        "website": [],
        "email": [],
        "pcode": "440000",
        "pname": "广东省",
        "citycode": "020",
        "cityname": "广州市",
        "adcode": "440105",
        "plongcj02": "113.31168918071586",
        "platgcj02": "23.084768771425857",
        "adname": "海珠区",
        "entr_location": "113.31167620360274,23.08480777846744",
        "navi_poiid": [],
        "alias": [],
        "parking_type": [],
        "tag": [],
        "indoor_map": "0",
        "cpid": [],
        "floor": [],
        "truefloor": [],
        "business_area": "赤岗",
        "rating": [],
        "cost": [],
        "meal_ordering": [],
        "seat_ordering": [],
        "ticket_ordering": [],
        "hotel_ordering": [],
        "photos_title": [],
        "photos_url": [],
        "updatetime": "2024-09-09 12:58:22",
        "is_textile": true,
        "category": "Business/Office",
        "surrounding_poi_count": 30,
        "simulated_floor": 4,
        "occupied_floors": 1,
        "simulated_elevation": 10.5
      },
      "geometry": {
        "type": "Point",
        "coordinates": [
          113.31168918100002,
          23.08476877100003,
          10.5
        ]
      }
    },
    {
      "type": "Feature",
      "properties": {
        "fid": 4234,
        "OBJECTID": 854148,
        "id": "B00140R6JP",
        "parent": [],
        "children": [],
        "name": "伟捷电脑绣花厂",
        "type": "公司企业;工厂;工厂",
        "typecode": "170300",
        "biz_type": [],
        "address": "上冲中约新街55号",
        "tel": "020-34005175;13710188937;13711582693",
        "postcode": "510305",
        "website": [],
        "email": [],
        "pcode": "440000",
        "pname": "广东省",
        "citycode": "020",
        "cityname": "广州市",
        "adcode": "440105",
        "plongcj02": "113.31157141411695",
        "platgcj02": "23.084740995547893",
        "adname": "海珠区",
        "entr_location": [],
        "navi_poiid": "F49F011043_14084",
        "alias": [],
        "parking_type": [],
        "tag": [],
        "indoor_map": "0",
        "cpid": [],
        "floor": [],
        "truefloor": [],
        "business_area": "赤岗",
        "rating": [],
        "cost": [],
        "meal_ordering": [],
        "seat_ordering": [],
        "ticket_ordering": [],
        "hotel_ordering": [],
        "photos_title": [],
        "photos_url": "http://store.is.autonavi.com/showpic/733f427300b5577c7a72c57c51404022&http://store.is.autonavi.com/showpic/11fdd796d796c152aa8863ce2b8afa2c",
        "updatetime": "2024-09-14 10:02:26",
        "is_textile": false,
        "category": "Factory/Industrial",
        "surrounding_poi_count": 30,
        "simulated_floor": 1,
        "occupied_floors": 1,
        "simulated_elevation": 0
      },
      "geometry": {
        "type": "Point",
        "coordinates": [
          113.31157141400001,
          23.08474099600005,
          0
        ]
      }
    },
    {
      "type": "Feature",
      "properties": {
        "fid": 4235,
        "OBJECTID": 854149,
        "id": "B0FFHOWGIB",
        "parent": [],
        "children": [],
        "name": "众鑫压折厂",
        "type": "公司企业;工厂;工厂",
        "typecode": "170300",
        "biz_type": [],
        "address": "上冲中约大街55号",
        "tel": "13926269156",
        "postcode": [],
        "website": [],
        "email": [],
        "pcode": "440000",
        "pname": "广东省",
        "citycode": "020",
        "cityname": "广州市",
        "adcode": "440105",
        "plongcj02": "113.31170115945297",
        "platgcj02": "23.084734764085265",
        "adname": "海珠区",
        "entr_location": [],
        "navi_poiid": [],
        "alias": [],
        "parking_type": [],
        "tag": [],
        "indoor_map": "0",
        "cpid": [],
        "floor": [],
        "truefloor": [],
        "business_area": "赤岗",
        "rating": [],
        "cost": [],
        "meal_ordering": [],
        "seat_ordering": [],
        "ticket_ordering": [],
        "hotel_ordering": [],
        "photos_title": [],
        "photos_url": "http://store.is.autonavi.com/showpic/964efae872272c487f70b748f7e68105&http://store.is.autonavi.com/showpic/1a476481cfa8a7d7b901fbf1e8e864c6",
        "updatetime": "2024-09-06 22:36:47",
        "is_textile": false,
        "category": "Factory/Industrial",
        "surrounding_poi_count": 29,
        "simulated_floor": 1,
        "occupied_floors": 1,
        "simulated_elevation": 0
      },
      "geometry": {
        "type": "Point",
        "coordinates": [
          113.31170115900011,
          23.084734764000075,
          0
        ]
      }
    },
    {
      "type": "Feature",
      "properties": {
        "fid": 4236,
        "OBJECTID": 854150,
        "id": "B0K3CK68AP",
        "parent": [],
        "children": [],
        "name": "傲龙服饰",
        "type": "公司企业;公司;公司",
        "typecode": "170200",
        "biz_type": [],
        "address": "上冲中约新街三巷与上冲中约大街交叉口东60米",
        "tel": [],
        "postcode": [],
        "website": [],
        "email": [],
        "pcode": "440000",
        "pname": "广东省",
        "citycode": "020",
        "cityname": "广州市",
        "adcode": "440105",
        "plongcj02": "113.31166323201171",
        "platgcj02": "23.084764819913328",
        "adname": "海珠区",
        "entr_location": "113.31165025502919,23.084801827789803",
        "navi_poiid": [],
        "alias": [],
        "parking_type": [],
        "tag": [],
        "indoor_map": "0",
        "cpid": [],
        "floor": [],
        "truefloor": [],
        "business_area": "新港",
        "rating": [],
        "cost": [],
        "meal_ordering": [],
        "seat_ordering": [],
        "ticket_ordering": [],
        "hotel_ordering": [],
        "photos_title": [],
        "photos_url": [],
        "updatetime": "2024-10-25 20:12:22",
        "is_textile": true,
        "category": "Business/Office",
        "surrounding_poi_count": 28,
        "simulated_floor": 8,
        "occupied_floors": 1,
        "simulated_elevation": 24.5
      },
      "geometry": {
        "type": "Point",
        "coordinates": [
          113.31166323200011,
          23.084764820000032,
          24.5
        ]
      }
    },
    {
      "type": "Feature",
      "properties": {
        "fid": 4237,
        "OBJECTID": 854151,
        "id": "B0K391AUNS",
        "parent": [],
        "children": [],
        "name": "兵缘物业",
        "type": "公司企业;公司;公司",
        "typecode": "170200",
        "biz_type": [],
        "address": "上冲中约新街三巷与上冲中约大街交叉口东60米",
        "tel": [],
        "postcode": [],
        "website": [],
        "email": [],
        "pcode": "440000",
        "pname": "广东省",
        "citycode": "020",
        "cityname": "广州市",
        "adcode": "440105",
        "plongcj02": "113.31171413218323",
        "platgcj02": "23.084760729765936",
        "adname": "海珠区",
        "entr_location": "113.3116971620496,23.084812738559428",
        "navi_poiid": [],
        "alias": [],
        "parking_type": [],
        "tag": [],
        "indoor_map": "0",
        "cpid": [],
        "floor": [],
        "truefloor": [],
        "business_area": "赤岗",
        "rating": "1.3",
        "cost": [],
        "meal_ordering": [],
        "seat_ordering": [],
        "ticket_ordering": [],
        "hotel_ordering": [],
        "photos_title": [],
        "photos_url": [],
        "updatetime": "2024-11-07 14:27:18",
        "is_textile": false,
        "category": "Business/Office",
        "surrounding_poi_count": 29,
        "simulated_floor": 10,
        "occupied_floors": 1,
        "simulated_elevation": 31.5
      },
      "geometry": {
        "type": "Point",
        "coordinates": [
          113.31171413200002,
          23.084760730000028,
          31.5
        ]
      }
    },
    {
      "type": "Feature",
      "properties": {
        "fid": 4239,
        "OBJECTID": 854153,
        "id": "B0I6GZD7UI",
        "parent": [],
        "children": [],
        "name": "一哲广告有限公司",
        "type": "公司企业;公司;广告装饰",
        "typecode": "170201",
        "biz_type": [],
        "address": "广州大道南1023号对面",
        "tel": "13678976525",
        "postcode": [],
        "website": [],
        "email": [],
        "pcode": "440000",
        "pname": "广东省",
        "citycode": "020",
        "cityname": "广州市",
        "adcode": "440105",
        "plongcj02": "113.3111372380731",
        "platgcj02": "23.08515760239821",
        "adname": "海珠区",
        "entr_location": [],
        "navi_poiid": [],
        "alias": [],
        "parking_type": [],
        "tag": [],
        "indoor_map": "0",
        "cpid": [],
        "floor": [],
        "truefloor": [],
        "business_area": "赤岗",
        "rating": "4.3",
        "cost": [],
        "meal_ordering": [],
        "seat_ordering": [],
        "ticket_ordering": [],
        "hotel_ordering": [],
        "photos_title": [],
        "photos_url": "https://aos-comment.amap.com/B0I6GZD7UI/headerImg/5ca7889b8d3d176d84c16b55137d5152_2048_2048_80.jpg&http://store.is.autonavi.com/showpic/5000e60b9cf4cd16892671c67e04e927",
        "updatetime": "2024-12-22 17:58:08",
        "is_textile": false,
        "category": "Business/Office",
        "surrounding_poi_count": 37,
        "simulated_floor": 2,
        "occupied_floors": 1,
        "simulated_elevation": 3.5
      },
      "geometry": {
        "type": "Point",
        "coordinates": [
          113.31113723800001,
          23.085157602000038,
          3.5
        ]
      }
    },
    {
      "type": "Feature",
      "properties": {
        "fid": 4240,
        "OBJECTID": 854154,
        "id": "B0HGHU9V7W",
        "parent": [],
        "children": [],
        "name": "惠多多布料缩水洗水",
        "type": "公司企业;工厂;工厂",
        "typecode": "170300",
        "biz_type": [],
        "address": "上冲中约新街三巷2号之二",
        "tel": [],
        "postcode": [],
        "website": [],
        "email": [],
        "pcode": "440000",
        "pname": "广东省",
        "citycode": "020",
        "cityname": "广州市",
        "adcode": "440105",
        "plongcj02": "113.31119914366305",
        "platgcj02": "23.08475865857238",
        "adname": "海珠区",
        "entr_location": "113.31105741315965,23.08488086204282",
        "navi_poiid": [],
        "alias": [],
        "parking_type": [],
        "tag": [],
        "indoor_map": "0",
        "cpid": [],
        "floor": [],
        "truefloor": [],
        "business_area": "赤岗",
        "rating": [],
        "cost": [],
        "meal_ordering": [],
        "seat_ordering": [],
        "ticket_ordering": [],
        "hotel_ordering": [],
        "photos_title": [],
        "photos_url": "http://store.is.autonavi.com/showpic/c29423cccfc92d143c9db6959b903e00&https://aos-comment.amap.com/B0HGHU9V7W/headerImg/c18beb62ca800ea3b3750bf957b5b018_2048_2048_80.jpg",
        "updatetime": "2024-09-26 18:40:02",
        "is_textile": true,
        "category": "Business/Office",
        "surrounding_poi_count": 34,
        "simulated_floor": 3,
        "occupied_floors": 1,
        "simulated_elevation": 7.0
      },
      "geometry": {
        "type": "Point",
        "coordinates": [
          113.31119914400006,
          23.084758659000045,
          7.0
        ]
      }
    },
    {
      "type": "Feature",
      "properties": {
        "fid": 4242,
        "OBJECTID": 854156,
        "id": "B0IU65KCYY",
        "parent": [],
        "children": [],
        "name": "明利印花",
        "type": "公司企业;公司;公司",
        "typecode": "170200",
        "biz_type": [],
        "address": "名粤小区西4门旁",
        "tel": [],
        "postcode": [],
        "website": [],
        "email": [],
        "pcode": "440000",
        "pname": "广东省",
        "citycode": "020",
        "cityname": "广州市",
        "adcode": "440105",
        "plongcj02": "113.3111472536761",
        "platgcj02": "23.084635803471144",
        "adname": "海珠区",
        "entr_location": [],
        "navi_poiid": [],
        "alias": [],
        "parking_type": [],
        "tag": [],
        "indoor_map": "0",
        "cpid": [],
        "floor": [],
        "truefloor": [],
        "business_area": "赤岗",
        "rating": [],
        "cost": [],
        "meal_ordering": [],
        "seat_ordering": [],
        "ticket_ordering": [],
        "hotel_ordering": [],
        "photos_title": [],
        "photos_url": [],
        "updatetime": "2024-10-31 15:15:00",
        "is_textile": true,
        "category": "Business/Office",
        "surrounding_poi_count": 24,
        "simulated_floor": 4,
        "occupied_floors": 1,
        "simulated_elevation": 10.5
      },
      "geometry": {
        "type": "Point",
        "coordinates": [
          113.31114725400005,
          23.084635803000026,
          10.5
        ]
      }
    },
    {
      "type": "Feature",
      "properties": {
        "fid": 4243,
        "OBJECTID": 854157,
        "id": "B0FFIAOQ6H",
        "parent": [],
        "children": [],
        "name": "德昌胶袋二厂",
        "type": "公司企业;公司企业;公司企业",
        "typecode": "170000",
        "biz_type": [],
        "address": "上冲东约2巷",
        "tel": [],
        "postcode": [],
        "website": [],
        "email": [],
        "pcode": "440000",
        "pname": "广东省",
        "citycode": "020",
        "cityname": "广州市",
        "adcode": "440105",
        "plongcj02": "113.3114906223171",
        "platgcj02": "23.084008448881747",
        "adname": "海珠区",
        "entr_location": "113.31149062736932,23.083933480369975",
        "navi_poiid": [],
        "alias": [],
        "parking_type": [],
        "tag": [],
        "indoor_map": "0",
        "cpid": [],
        "floor": [],
        "truefloor": [],
        "business_area": "新港",
        "rating": [],
        "cost": [],
        "meal_ordering": [],
        "seat_ordering": [],
        "ticket_ordering": [],
        "hotel_ordering": [],
        "photos_title": [],
        "photos_url": [],
        "updatetime": "2024-12-23 22:06:38",
        "is_textile": false,
        "category": "Factory/Industrial",
        "surrounding_poi_count": 15,
        "simulated_floor": 1,
        "occupied_floors": 2,
        "simulated_elevation": 0
      },
      "geometry": {
        "type": "Point",
        "coordinates": [
          113.31149062200006,
          23.084008449000066,
          0
        ]
      }
    },
    {
      "type": "Feature",
      "properties": {
        "fid": 4244,
        "OBJECTID": 854158,
        "id": "B0KRTZW6JK",
        "parent": [],
        "children": [],
        "name": "名粤物业管理有限公司",
        "type": "公司企业;公司;公司",
        "typecode": "170200",
        "biz_type": [],
        "address": "中约新街与上冲中约大街交叉口西南40米",
        "tel": [],
        "postcode": [],
        "website": [],
        "email": [],
        "pcode": "440000",
        "pname": "广东省",
        "citycode": "020",
        "cityname": "广州市",
        "adcode": "440105",
        "plongcj02": "113.31077094989635",
        "platgcj02": "23.08523422785624",
        "adname": "海珠区",
        "entr_location": "113.31072503950182,23.08523630928412",
        "navi_poiid": [],
        "alias": [],
        "parking_type": [],
        "tag": [],
        "indoor_map": "0",
        "cpid": [],
        "floor": [],
        "truefloor": [],
        "business_area": "赤岗",
        "rating": "3.3",
        "cost": [],
        "meal_ordering": [],
        "seat_ordering": [],
        "ticket_ordering": [],
        "hotel_ordering": [],
        "photos_title": [],
        "photos_url": [],
        "updatetime": "2024-09-09 10:57:26",
        "is_textile": false,
        "category": "Business/Office",
        "surrounding_poi_count": 32,
        "simulated_floor": 4,
        "occupied_floors": 1,
        "simulated_elevation": 10.5
      },
      "geometry": {
        "type": "Point",
        "coordinates": [
          113.31077095,
          23.085234228000047,
          10.5
        ]
      }
    },
    {
      "type": "Feature",
      "properties": {
        "fid": 4245,
        "OBJECTID": 854159,
        "id": "B0K0XLUGTL",
        "parent": [],
        "children": [],
        "name": "万鑫压折厂",
        "type": "公司企业;工厂;工厂",
        "typecode": "170300",
        "biz_type": [],
        "address": "广州大道南与上冲中约新街三巷交叉口东南80米",
        "tel": [],
        "postcode": [],
        "website": [],
        "email": [],
        "pcode": "440000",
        "pname": "广东省",
        "citycode": "020",
        "cityname": "广州市",
        "adcode": "440105",
        "plongcj02": "113.3106193185937",
        "platgcj02": "23.084161949838272",
        "adname": "海珠区",
        "entr_location": "113.31055244868828,23.08416906657905",
        "navi_poiid": [],
        "alias": [],
        "parking_type": [],
        "tag": [],
        "indoor_map": "0",
        "cpid": [],
        "floor": [],
        "truefloor": [],
        "business_area": "赤岗",
        "rating": [],
        "cost": [],
        "meal_ordering": [],
        "seat_ordering": [],
        "ticket_ordering": [],
        "hotel_ordering": [],
        "photos_title": [],
        "photos_url": [],
        "updatetime": "2024-12-09 18:58:44",
        "is_textile": false,
        "category": "Factory/Industrial",
        "surrounding_poi_count": 9,
        "simulated_floor": 1,
        "occupied_floors": 4,
        "simulated_elevation": 0
      },
      "geometry": {
        "type": "Point",
        "coordinates": [
          113.31061931900001,
          23.084161950000066,
          0
        ]
      }
    },
    {
      "type": "Feature",
      "properties": {
        "fid": 4280,
        "OBJECTID": 855050,
        "id": "B0FFFQZ4PB",
        "parent": [],
        "children": [],
        "name": "华鑫制线厂",
        "type": "公司企业;工厂;工厂",
        "typecode": "170300",
        "biz_type": [],
        "address": "上涌村西约大街20巷20号1楼",
        "tel": [],
        "postcode": [],
        "website": [],
        "email": [],
        "pcode": "440000",
        "pname": "广东省",
        "citycode": "020",
        "cityname": "广州市",
        "adcode": "440105",
        "plongcj02": "113.31154856895843",
        "platgcj02": "23.08311272086802",
        "adname": "海珠区",
        "entr_location": "113.31146875624248,23.082661054645857",
        "navi_poiid": [],
        "alias": [],
        "parking_type": [],
        "tag": [],
        "indoor_map": "0",
        "cpid": [],
        "floor": [],
        "truefloor": [],
        "business_area": "赤岗",
        "rating": "3.4",
        "cost": [],
        "meal_ordering": [],
        "seat_ordering": [],
        "ticket_ordering": [],
        "hotel_ordering": [],
        "photos_title": [],
        "photos_url": [],
        "updatetime": "2024-03-06 16:58:55",
        "is_textile": false,
        "category": "Factory/Industrial",
        "surrounding_poi_count": 5,
        "simulated_floor": 1,
        "occupied_floors": 5,
        "simulated_elevation": 0
      },
      "geometry": {
        "type": "Point",
        "coordinates": [
          113.31154856900002,
          23.083112721000077,
          0
        ]
      }
    },
    {
      "type": "Feature",
      "properties": {
        "fid": 4290,
        "OBJECTID": 855060,
        "id": "B0JKL96G6E",
        "parent": [],
        "children": [],
        "name": "恒宇电脑绣花厂",
        "type": "公司企业;工厂;工厂",
        "typecode": "170300",
        "biz_type": [],
        "address": "上冲西约十巷十三号一楼",
        "tel": [],
        "postcode": [],
        "website": [],
        "email": [],
        "pcode": "440000",
        "pname": "广东省",
        "citycode": "020",
        "cityname": "广州市",
        "adcode": "440105",
        "plongcj02": "113.31143873218258",
        "platgcj02": "23.08389059190346",
        "adname": "海珠区",
        "entr_location": "113.31143373908392,23.08393358283604",
        "navi_poiid": [],
        "alias": [],
        "parking_type": [],
        "tag": [],
        "indoor_map": "0",
        "cpid": [],
        "floor": [],
        "truefloor": [],
        "business_area": "赤岗",
        "rating": [],
        "cost": [],
        "meal_ordering": [],
        "seat_ordering": [],
        "ticket_ordering": [],
        "hotel_ordering": [],
        "photos_title": [],
        "photos_url": "http://store.is.autonavi.com/showpic/581909c76447639b45a84c10debc1bb5&http://store.is.autonavi.com/showpic/4007e9bb959ce43a5e9556fee821f27c",
        "updatetime": "2024-12-22 08:15:11",
        "is_textile": false,
        "category": "Factory/Industrial",
        "surrounding_poi_count": 16,
        "simulated_floor": 1,
        "occupied_floors": 3,
        "simulated_elevation": 0
      },
      "geometry": {
        "type": "Point",
        "coordinates": [
          113.31143873200006,
          23.083890592000046,
          0
        ]
      }
    },
    {
      "type": "Feature",
      "properties": {
        "fid": 4292,
        "OBJECTID": 855062,
        "id": "B0FFHJJVZN",
        "parent": [],
        "children": [],
        "name": "裙英服装压折厂",
        "type": "公司企业;工厂;工厂",
        "typecode": "170300",
        "biz_type": [],
        "address": "上冲村西约11巷13号",
        "tel": "13926258697",
        "postcode": [],
        "website": [],
        "email": [],
        "pcode": "440000",
        "pname": "广东省",
        "citycode": "020",
        "cityname": "广州市",
        "adcode": "440105",
        "plongcj02": "113.3110674598235",
        "platgcj02": "23.083898256696273",
        "adname": "海珠区",
        "entr_location": "113.31106546191475,23.083925248945167",
        "navi_poiid": [],
        "alias": [],
        "parking_type": [],
        "tag": [],
        "indoor_map": "0",
        "cpid": [],
        "floor": [],
        "truefloor": [],
        "business_area": "赤岗",
        "rating": [],
        "cost": [],
        "meal_ordering": [],
        "seat_ordering": [],
        "ticket_ordering": [],
        "hotel_ordering": [],
        "photos_title": [],
        "photos_url": "http://store.is.autonavi.com/showpic/8bd1c283dec3d3a821b6a28a765fa9cb&http://store.is.autonavi.com/showpic/693083b1f83d0d04e6d22e8aa16c13df",
        "updatetime": "2024-01-18 12:27:32",
        "is_textile": true,
        "category": "Factory/Industrial",
        "surrounding_poi_count": 18,
        "simulated_floor": 1,
        "occupied_floors": 2,
        "simulated_elevation": 0
      },
      "geometry": {
        "type": "Point",
        "coordinates": [
          113.31106746000012,
          23.083898257000044,
          0
        ]
      }
    },
    {
      "type": "Feature",
      "properties": {
        "fid": 4293,
        "OBJECTID": 855063,
        "id": "B0H2H1K74N",
        "parent": [],
        "children": [],
        "name": "鸿盛胶带厂",
        "type": "公司企业;工厂;工厂",
        "typecode": "170300",
        "biz_type": [],
        "address": "上冲西约大街36号",
        "tel": [],
        "postcode": [],
        "website": [],
        "email": [],
        "pcode": "440000",
        "pname": "广东省",
        "citycode": "020",
        "cityname": "广州市",
        "adcode": "440105",
        "plongcj02": "113.3108708879425",
        "platgcj02": "23.083256879200626",
        "adname": "海珠区",
        "entr_location": "113.31073218809878,23.08282830812164",
        "navi_poiid": [],
        "alias": [],
        "parking_type": [],
        "tag": [],
        "indoor_map": "0",
        "cpid": [],
        "floor": [],
        "truefloor": [],
        "business_area": "赤岗",
        "rating": "3.7",
        "cost": [],
        "meal_ordering": [],
        "seat_ordering": [],
        "ticket_ordering": [],
        "hotel_ordering": [],
        "photos_title": [],
        "photos_url": [],
        "updatetime": "2024-07-14 06:49:56",
        "is_textile": false,
        "category": "Factory/Industrial",
        "surrounding_poi_count": 3,
        "simulated_floor": 1,
        "occupied_floors": 3,
        "simulated_elevation": 0
      },
      "geometry": {
        "type": "Point",
        "coordinates": [
          113.31087088800007,
          23.083256879000032,
          0
        ]
      }
    },
    {
      "type": "Feature",
      "properties": {
        "fid": 4295,
        "OBJECTID": 855065,
        "id": "B0JRHAH0FY",
        "parent": [],
        "children": [],
        "name": "福涵压折厂",
        "type": "公司企业;工厂;工厂",
        "typecode": "170300",
        "biz_type": [],
        "address": "上冲中约新街三巷与上冲中约大街交叉口南100米",
        "tel": [],
        "postcode": [],
        "website": [],
        "email": [],
        "pcode": "440000",
        "pname": "广东省",
        "citycode": "020",
        "cityname": "广州市",
        "adcode": "440105",
        "plongcj02": "113.31086785015503",
        "platgcj02": "23.08390461243466",
        "adname": "海珠区",
        "entr_location": [],
        "navi_poiid": [],
        "alias": [],
        "parking_type": [],
        "tag": [],
        "indoor_map": "0",
        "cpid": [],
        "floor": [],
        "truefloor": [],
        "business_area": "新港",
        "rating": [],
        "cost": [],
        "meal_ordering": [],
        "seat_ordering": [],
        "ticket_ordering": [],
        "hotel_ordering": [],
        "photos_title": [],
        "photos_url": [],
        "updatetime": "2024-07-09 22:09:12",
        "is_textile": false,
        "category": "Factory/Industrial",
        "surrounding_poi_count": 15,
        "simulated_floor": 1,
        "occupied_floors": 2,
        "simulated_elevation": 0
      },
      "geometry": {
        "type": "Point",
        "coordinates": [
          113.31086785000002,
          23.083904612000026,
          0
        ]
      }
    },
    {
      "type": "Feature",
      "properties": {
        "fid": 4711,
        "OBJECTID": 1062274,
        "id": "B0FFGCD583",
        "parent": [],
        "children": [],
        "name": "紧急避难场所(上冲中约大街)",
        "type": "公共设施;紧急避难场所;紧急避难场所",
        "typecode": "200400",
        "biz_type": [],
        "address": "上冲中约大街与上冲中约新街三巷交叉口西北50米",
        "tel": [],
        "postcode": [],
        "website": [],
        "email": [],
        "pcode": "440000",
        "pname": "广东省",
        "citycode": "020",
        "cityname": "广州市",
        "adcode": "440105",
        "plongcj02": "113.31100252274467",
        "platgcj02": "23.08484997361495",
        "adname": "海珠区",
        "entr_location": "113.31105342980291,23.08474992417777",
        "navi_poiid": "F49F011043_306536",
        "alias": [],
        "parking_type": [],
        "tag": [],
        "indoor_map": "0",
        "cpid": [],
        "floor": [],
        "truefloor": [],
        "business_area": "赤岗",
        "rating": [],
        "cost": [],
        "meal_ordering": [],
        "seat_ordering": [],
        "ticket_ordering": [],
        "hotel_ordering": [],
        "photos_title": [],
        "photos_url": [],
        "updatetime": "2024-07-23 20:34:05",
        "is_textile": false,
        "category": "Other",
        "surrounding_poi_count": 36,
        "simulated_floor": 2,
        "occupied_floors": 1,
        "simulated_elevation": 3.5
      },
      "geometry": {
        "type": "Point",
        "coordinates": [
          113.31100252300007,
          23.084849974000065,
          3.5
        ]
      }
    },
    {
      "type": "Feature",
      "properties": {
        "fid": 4771,
        "OBJECTID": 1163856,
        "id": "B0K3V4IGB0",
        "parent": [],
        "children": [],
        "name": "总店",
        "type": "虚拟数据;虚拟数据;虚拟数据",
        "typecode": "980000",
        "biz_type": [],
        "address": [],
        "tel": "15920826839",
        "postcode": [],
        "website": [],
        "email": [],
        "pcode": "440000",
        "pname": "广东省",
        "citycode": "020",
        "cityname": "广州市",
        "adcode": "440105",
        "plongcj02": "113.31201348688134",
        "platgcj02": "23.085588841220186",
        "adname": "海珠区",
        "entr_location": [],
        "navi_poiid": [],
        "alias": [],
        "parking_type": [],
        "tag": [],
        "indoor_map": "0",
        "cpid": [],
        "floor": [],
        "truefloor": [],
        "business_area": "赤岗",
        "rating": "3.3",
        "cost": [],
        "meal_ordering": [],
        "seat_ordering": [],
        "ticket_ordering": [],
        "hotel_ordering": [],
        "photos_title": [],
        "photos_url": [],
        "updatetime": "2024-11-02 07:18:25",
        "is_textile": false,
        "category": "Other",
        "surrounding_poi_count": 35,
        "simulated_floor": 5,
        "occupied_floors": 1,
        "simulated_elevation": 14.0
      },
      "geometry": {
        "type": "Point",
        "coordinates": [
          113.31201348700006,
          23.08558884100006,
          14.0
        ]
      }
    },
    {
      "type": "Feature",
      "properties": {
        "fid": 4772,
        "OBJECTID": 1163857,
        "id": "B0K3J4BLIV",
        "parent": [],
        "children": [],
        "name": "总店",
        "type": "虚拟数据;虚拟数据;虚拟数据",
        "typecode": "980000",
        "biz_type": [],
        "address": [],
        "tel": "15920826839",
        "postcode": [],
        "website": [],
        "email": [],
        "pcode": "440000",
        "pname": "广东省",
        "citycode": "020",
        "cityname": "广州市",
        "adcode": "440105",
        "plongcj02": "113.31201348688134",
        "platgcj02": "23.085588841220186",
        "adname": "海珠区",
        "entr_location": [],
        "navi_poiid": [],
        "alias": [],
        "parking_type": [],
        "tag": [],
        "indoor_map": "0",
        "cpid": [],
        "floor": [],
        "truefloor": [],
        "business_area": "赤岗",
        "rating": "3.3",
        "cost": [],
        "meal_ordering": [],
        "seat_ordering": [],
        "ticket_ordering": [],
        "hotel_ordering": [],
        "photos_title": [],
        "photos_url": [],
        "updatetime": "2024-10-31 03:39:29",
        "is_textile": false,
        "category": "Other",
        "surrounding_poi_count": 35,
        "simulated_floor": 3,
        "occupied_floors": 1,
        "simulated_elevation": 7.0
      },
      "geometry": {
        "type": "Point",
        "coordinates": [
          113.31201348700006,
          23.08558884100006,
          7.0
        ]
      }
    },
    {
      "type": "Feature",
      "properties": {
        "fid": 4797,
        "OBJECTID": 1164123,
        "id": "B0I36N6P86",
        "parent": [],
        "children": [],
        "name": "[广州塔/琶洲会展中心 豪华大床房",
        "type": "虚拟数据;虚拟民宿;虚拟民宿",
        "typecode": "980100",
        "biz_type": [],
        "address": "鸿利达五金店",
        "tel": "021-80187829,,2941626",
        "postcode": [],
        "website": [],
        "email": [],
        "pcode": "440000",
        "pname": "广东省",
        "citycode": "020",
        "cityname": "广州市",
        "adcode": "440105",
        "plongcj02": "113.31181399854113",
        "platgcj02": "23.083829940401845",
        "adname": "海珠区",
        "entr_location": [],
        "navi_poiid": [],
        "alias": [],
        "parking_type": [],
        "tag": [],
        "indoor_map": "0",
        "cpid": [],
        "floor": [],
        "truefloor": [],
        "business_area": "赤岗",
        "rating": [],
        "cost": [],
        "meal_ordering": [],
        "seat_ordering": [],
        "ticket_ordering": [],
        "hotel_ordering": [],
        "photos_title": [],
        "photos_url": "http://store.is.autonavi.com/showpic/125e36afe68f8c9e75545d1ef90d3e8a&http://store.is.autonavi.com/showpic/1071d100992442ec9d3ca24cf4d22f69",
        "updatetime": "2024-01-27 22:00:50",
        "is_textile": false,
        "category": "Other",
        "surrounding_poi_count": 12,
        "simulated_floor": 3,
        "occupied_floors": 1,
        "simulated_elevation": 7.0
      },
      "geometry": {
        "type": "Point",
        "coordinates": [
          113.31181399900004,
          23.083829940000044,
          7.0
        ]
      }
    },
    {
      "type": "Feature",
      "properties": {
        "fid": 4857,
        "OBJECTID": 1197392,
        "id": "B0FFIXNCAV",
        "parent": "B00140USYK",
        "children": [],
        "name": "名粤小区(北2门)",
        "type": "通行设施;临街院门;临街院门",
        "typecode": "991400",
        "biz_type": [],
        "address": "上冲中约新街一巷34号附近",
        "tel": [],
        "postcode": [],
        "website": [],
        "email": [],
        "pcode": "440000",
        "pname": "广东省",
        "citycode": "020",
        "cityname": "广州市",
        "adcode": "440105",
        "plongcj02": "113.31235981795982",
        "platgcj02": "23.08537730280128",
        "adname": "海珠区",
        "entr_location": [],
        "navi_poiid": "F49F011043_150671",
        "alias": [],
        "parking_type": [],
        "tag": [],
        "indoor_map": [],
        "cpid": [],
        "floor": [],
        "truefloor": [],
        "business_area": "赤岗",
        "rating": [],
        "cost": [],
        "meal_ordering": [],
        "seat_ordering": [],
        "ticket_ordering": [],
        "hotel_ordering": [],
        "photos_title": [],
        "photos_url": [],
        "updatetime": "2022-05-10 09:46:11",
        "is_textile": false,
        "category": "Transportation",
        "surrounding_poi_count": 35,
        "simulated_floor": 1,
        "occupied_floors": 1,
        "simulated_elevation": 0
      },
      "geometry": {
        "type": "Point",
        "coordinates": [
          113.312359818,
          23.08537730300003,
          0
        ]
      }
    },
    {
      "type": "Feature",
      "properties": {
        "fid": 4858,
        "OBJECTID": 1197393,
        "id": "B0FFGC4RHN",
        "parent": "B00140BIEX",
        "children": [],
        "name": "合成线厂(东北门)",
        "type": "通行设施;临街院门;临街院门",
        "typecode": "991400",
        "biz_type": [],
        "address": "上冲中约大街35号",
        "tel": [],
        "postcode": [],
        "website": [],
        "email": [],
        "pcode": "440000",
        "pname": "广东省",
        "citycode": "020",
        "cityname": "广州市",
        "adcode": "440105",
        "plongcj02": "113.31266428238176",
        "platgcj02": "23.084397161746868",
        "adname": "海珠区",
        "entr_location": [],
        "navi_poiid": "F49F011043_386884",
        "alias": [],
        "parking_type": [],
        "tag": [],
        "indoor_map": [],
        "cpid": [],
        "floor": [],
        "truefloor": [],
        "business_area": "赤岗",
        "rating": [],
        "cost": [],
        "meal_ordering": [],
        "seat_ordering": [],
        "ticket_ordering": [],
        "hotel_ordering": [],
        "photos_title": [],
        "photos_url": [],
        "updatetime": "2022-05-20 04:22:13",
        "is_textile": false,
        "category": "Factory/Industrial",
        "surrounding_poi_count": 34,
        "simulated_floor": 1,
        "occupied_floors": 1,
        "simulated_elevation": 0
      },
      "geometry": {
        "type": "Point",
        "coordinates": [
          113.31266428200001,
          23.084397162000073,
          0
        ]
      }
    },
    {
      "type": "Feature",
      "properties": {
        "fid": 4860,
        "OBJECTID": 1197409,
        "id": "B0FFH5RWNJ",
        "parent": "B0FFH86NZL",
        "children": [],
        "name": "奥雪数码印花厂(东北门)",
        "type": "通行设施;临街院门;临街院门",
        "typecode": "991400",
        "biz_type": [],
        "address": "上冲中约大街39号院内一层",
        "tel": [],
        "postcode": [],
        "website": [],
        "email": [],
        "pcode": "440000",
        "pname": "广东省",
        "citycode": "020",
        "cityname": "广州市",
        "adcode": "440105",
        "plongcj02": "113.31247464575884",
        "platgcj02": "23.08456843411815",
        "adname": "海珠区",
        "entr_location": [],
        "navi_poiid": "F49F011043_768205",
        "alias": [],
        "parking_type": [],
        "tag": [],
        "indoor_map": [],
        "cpid": [],
        "floor": [],
        "truefloor": [],
        "business_area": "赤岗",
        "rating": [],
        "cost": [],
        "meal_ordering": [],
        "seat_ordering": [],
        "ticket_ordering": [],
        "hotel_ordering": [],
        "photos_title": [],
        "photos_url": [],
        "updatetime": "2022-05-19 12:38:49",
        "is_textile": true,
        "category": "Factory/Industrial",
        "surrounding_poi_count": 28,
        "simulated_floor": 1,
        "occupied_floors": 1,
        "simulated_elevation": 0
      },
      "geometry": {
        "type": "Point",
        "coordinates": [
          113.31247464600006,
          23.08456843400006,
          0
        ]
      }
    },
    {
      "type": "Feature",
      "properties": {
        "fid": 4886,
        "OBJECTID": 1197523,
        "id": "B0FFHK5HT6",
        "parent": "B00140TCVU",
        "children": [],
        "name": "名粤广场商贸城(西北门)",
        "type": "通行设施;建筑物门;建筑物门",
        "typecode": "991000",
        "biz_type": [],
        "address": "上冲中约大街与中约新街交叉口西南50米",
        "tel": [],
        "postcode": [],
        "website": [],
        "email": [],
        "pcode": "440000",
        "pname": "广东省",
        "citycode": "020",
        "cityname": "广州市",
        "adcode": "440105",
        "plongcj02": "113.31078492392581",
        "platgcj02": "23.085214211202082",
        "adname": "海珠区",
        "entr_location": [],
        "navi_poiid": "F49F011043_928458",
        "alias": [],
        "parking_type": [],
        "tag": [],
        "indoor_map": [],
        "cpid": [],
        "floor": [],
        "truefloor": [],
        "business_area": "新港",
        "rating": [],
        "cost": [],
        "meal_ordering": [],
        "seat_ordering": [],
        "ticket_ordering": [],
        "hotel_ordering": [],
        "photos_title": [],
        "photos_url": [],
        "updatetime": "2022-04-17 12:38:35",
        "is_textile": false,
        "category": "Transportation",
        "surrounding_poi_count": 35,
        "simulated_floor": 1,
        "occupied_floors": 1,
        "simulated_elevation": 0
      },
      "geometry": {
        "type": "Point",
        "coordinates": [
          113.31078492400002,
          23.08521421100005,
          0
        ]
      }
    },
    {
      "type": "Feature",
      "properties": {
        "fid": 4889,
        "OBJECTID": 1197537,
        "id": "B0FFH5NIBK",
        "parent": "B00140USYK",
        "children": [],
        "name": "名粤小区(西4门)",
        "type": "通行设施;临街院门;临街院门",
        "typecode": "991400",
        "biz_type": [],
        "address": "广州大道南1021号",
        "tel": [],
        "postcode": [],
        "website": [],
        "email": [],
        "pcode": "440000",
        "pname": "广东省",
        "citycode": "020",
        "cityname": "广州市",
        "adcode": "440105",
        "plongcj02": "113.31121509470664",
        "platgcj02": "23.085020519937707",
        "adname": "海珠区",
        "entr_location": [],
        "navi_poiid": "F49F011043_767097",
        "alias": [],
        "parking_type": [],
        "tag": [],
        "indoor_map": [],
        "cpid": [],
        "floor": [],
        "truefloor": [],
        "business_area": "赤岗",
        "rating": [],
        "cost": [],
        "meal_ordering": [],
        "seat_ordering": [],
        "ticket_ordering": [],
        "hotel_ordering": [],
        "photos_title": [],
        "photos_url": [],
        "updatetime": "2022-04-16 04:14:09",
        "is_textile": false,
        "category": "Transportation",
        "surrounding_poi_count": 40,
        "simulated_floor": 1,
        "occupied_floors": 1,
        "simulated_elevation": 0
      },
      "geometry": {
        "type": "Point",
        "coordinates": [
          113.31121509500008,
          23.085020520000057,
          0
        ]
      }
    },
    {
      "type": "Feature",
      "properties": {
        "fid": 4893,
        "OBJECTID": 1197585,
        "id": "B00140UUDJ",
        "parent": "B00140USYK",
        "children": [],
        "name": "名粤小区(北1门)",
        "type": "通行设施;临街院门;临街院门",
        "typecode": "991400",
        "biz_type": [],
        "address": "上冲中约新街一巷与敦丰路交叉口东南50米",
        "tel": [],
        "postcode": [],
        "website": [],
        "email": [],
        "pcode": "440000",
        "pname": "广东省",
        "citycode": "020",
        "cityname": "广州市",
        "adcode": "440105",
        "plongcj02": "113.31208036047951",
        "platgcj02": "23.085508753837072",
        "adname": "海珠区",
        "entr_location": [],
        "navi_poiid": "F49F011043_150670",
        "alias": [],
        "parking_type": [],
        "tag": [],
        "indoor_map": [],
        "cpid": [],
        "floor": [],
        "truefloor": [],
        "business_area": "新港",
        "rating": [],
        "cost": [],
        "meal_ordering": [],
        "seat_ordering": [],
        "ticket_ordering": [],
        "hotel_ordering": [],
        "photos_title": [],
        "photos_url": [],
        "updatetime": "2022-03-25 15:09:36",
        "is_textile": false,
        "category": "Transportation",
        "surrounding_poi_count": 37,
        "simulated_floor": 2,
        "occupied_floors": 1,
        "simulated_elevation": 3.5
      },
      "geometry": {
        "type": "Point",
        "coordinates": [
          113.3120803600001,
          23.085508754000045,
          3.5
        ]
      }
    },
    {
      "type": "Feature",
      "properties": {
        "fid": 4894,
        "OBJECTID": 1197588,
        "id": "B00140UUGK",
        "parent": "B00140USYK",
        "children": [],
        "name": "名粤小区(南1门)",
        "type": "通行设施;临街院门;临街院门",
        "typecode": "991400",
        "biz_type": [],
        "address": "上冲中约新街三巷14号-103附近",
        "tel": [],
        "postcode": [],
        "website": [],
        "email": [],
        "pcode": "440000",
        "pname": "广东省",
        "citycode": "020",
        "cityname": "广州市",
        "adcode": "440105",
        "plongcj02": "113.31214825765912",
        "platgcj02": "23.085048823985826",
        "adname": "海珠区",
        "entr_location": "113.31216922575607,23.084908844787602",
        "navi_poiid": "F49F011043_150690",
        "alias": [],
        "parking_type": [],
        "tag": [],
        "indoor_map": [],
        "cpid": [],
        "floor": [],
        "truefloor": [],
        "business_area": "新港",
        "rating": [],
        "cost": [],
        "meal_ordering": [],
        "seat_ordering": [],
        "ticket_ordering": [],
        "hotel_ordering": [],
        "photos_title": [],
        "photos_url": [],
        "updatetime": "2022-04-18 18:07:04",
        "is_textile": false,
        "category": "Transportation",
        "surrounding_poi_count": 41,
        "simulated_floor": 2,
        "occupied_floors": 1,
        "simulated_elevation": 3.5
      },
      "geometry": {
        "type": "Point",
        "coordinates": [
          113.3121482580001,
          23.08504882400007,
          3.5
        ]
      }
    },
    {
      "type": "Feature",
      "properties": {
        "fid": 4895,
        "OBJECTID": 1197591,
        "id": "B00140UUGL",
        "parent": "B00140USYK",
        "children": [],
        "name": "名粤小区(西3门)",
        "type": "通行设施;临街院门;临街院门",
        "typecode": "991400",
        "biz_type": [],
        "address": "上冲中约大街与中约新街交叉口东50米",
        "tel": [],
        "postcode": [],
        "website": [],
        "email": [],
        "pcode": "440000",
        "pname": "广东省",
        "citycode": "020",
        "cityname": "广州市",
        "adcode": "440105",
        "plongcj02": "113.31111526385443",
        "platgcj02": "23.0854135344765",
        "adname": "海珠区",
        "entr_location": "113.31095657422735,23.085419816916552",
        "navi_poiid": "F49F011043_150694",
        "alias": [],
        "parking_type": [],
        "tag": [],
        "indoor_map": [],
        "cpid": [],
        "floor": [],
        "truefloor": [],
        "business_area": "新港",
        "rating": [],
        "cost": [],
        "meal_ordering": [],
        "seat_ordering": [],
        "ticket_ordering": [],
        "hotel_ordering": [],
        "photos_title": [],
        "photos_url": [],
        "updatetime": "2022-05-12 08:26:10",
        "is_textile": false,
        "category": "Transportation",
        "surrounding_poi_count": 32,
        "simulated_floor": 1,
        "occupied_floors": 1,
        "simulated_elevation": 0
      },
      "geometry": {
        "type": "Point",
        "coordinates": [
          113.31111526400002,
          23.085413534000054,
          0
        ]
      }
    },
    {
      "type": "Feature",
      "properties": {
        "fid": 4896,
        "OBJECTID": 1197592,
        "id": "B00140UUGN",
        "parent": "B00140USYK",
        "children": [],
        "name": "名粤小区(西2门)",
        "type": "通行设施;临街院门;临街院门",
        "typecode": "991400",
        "biz_type": [],
        "address": "上冲中约大街与上冲中约新街三巷交叉口北50米",
        "tel": [],
        "postcode": [],
        "website": [],
        "email": [],
        "pcode": "440000",
        "pname": "广东省",
        "citycode": "020",
        "cityname": "广州市",
        "adcode": "440105",
        "plongcj02": "113.31121509470664",
        "platgcj02": "23.085020519937707",
        "adname": "海珠区",
        "entr_location": "113.31114123974747,23.08501665437324",
        "navi_poiid": "F49F011043_150696",
        "alias": [],
        "parking_type": [],
        "tag": [],
        "indoor_map": [],
        "cpid": [],
        "floor": [],
        "truefloor": [],
        "business_area": "新港",
        "rating": [],
        "cost": [],
        "meal_ordering": [],
        "seat_ordering": [],
        "ticket_ordering": [],
        "hotel_ordering": [],
        "photos_title": [],
        "photos_url": [],
        "updatetime": "2022-05-12 13:25:49",
        "is_textile": false,
        "category": "Transportation",
        "surrounding_poi_count": 40,
        "simulated_floor": 1,
        "occupied_floors": 1,
        "simulated_elevation": 0
      },
      "geometry": {
        "type": "Point",
        "coordinates": [
          113.31121509500008,
          23.085020520000057,
          0
        ]
      }
    },
    {
      "type": "Feature",
      "properties": {
        "fid": 4897,
        "OBJECTID": 1197596,
        "id": "B00140UUDI",
        "parent": "B00140USYK",
        "children": [],
        "name": "名粤小区(北3门)",
        "type": "通行设施;临街院门;临街院门",
        "typecode": "991400",
        "biz_type": [],
        "address": "上冲中约新街一巷与敦丰路交叉口西50米",
        "tel": [],
        "postcode": [],
        "website": [],
        "email": [],
        "pcode": "440000",
        "pname": "广东省",
        "citycode": "020",
        "cityname": "广州市",
        "adcode": "440105",
        "plongcj02": "113.31161826910737",
        "platgcj02": "23.085524582105002",
        "adname": "海珠区",
        "entr_location": [],
        "navi_poiid": "F49F011043_150667",
        "alias": [],
        "parking_type": [],
        "tag": [],
        "indoor_map": [],
        "cpid": [],
        "floor": [],
        "truefloor": [],
        "business_area": "赤岗",
        "rating": [],
        "cost": [],
        "meal_ordering": [],
        "seat_ordering": [],
        "ticket_ordering": [],
        "hotel_ordering": [],
        "photos_title": [],
        "photos_url": [],
        "updatetime": "2022-04-24 17:16:14",
        "is_textile": false,
        "category": "Transportation",
        "surrounding_poi_count": 32,
        "simulated_floor": 1,
        "occupied_floors": 1,
        "simulated_elevation": 0
      },
      "geometry": {
        "type": "Point",
        "coordinates": [
          113.31161826900006,
          23.085524582000062,
          0
        ]
      }
    }
  ]
}